/* SPDX-License-Identifier: LicenseRef-Nordic-5-Clause */
/* Generated from the CC0 sources listed in ../assets/SOURCES.md. */

#include "offline_images.h"

static const uint8_t person_cc0_rgb565_be[OFFLINE_IMAGE_RGB565_BYTES] = {
	0xd6, 0x99, 0xd6, 0x99, 0xd6, 0x99, 0xd6, 0x99, 0xd6, 0x9a, 0xde, 0xba, 0xde, 0xba, 0xde, 0xba,
	0xde, 0xba, 0xde, 0xba, 0xde, 0xba, 0xde, 0xba, 0xde, 0xba, 0xde, 0xba, 0xde, 0xda, 0xde, 0xda,
	0xde, 0xda, 0xde, 0xda, 0xde, 0xdb, 0xde, 0xda, 0xde, 0xda, 0xde, 0xdb, 0xe6, 0xfb, 0xde, 0xdb,
	0xde, 0xfb, 0xde, 0xfb, 0xde, 0xfb, 0xde, 0xfb, 0xde, 0xfb, 0xde, 0xfb, 0xde, 0xfb, 0xde, 0xfb,
	0xde, 0xfb, 0xde, 0xfb, 0xde, 0xfb, 0xde, 0xfb, 0xe7, 0x3c, 0xb5, 0xb6, 0x42, 0x49, 0x29, 0xc7,
	0x08, 0x82, 0x08, 0x82, 0x10, 0xc3, 0x18, 0xe4, 0x10, 0xa3, 0x08, 0x62, 0x08, 0x62, 0x08, 0x62,
	0x08, 0x62, 0x08, 0x82, 0x08, 0x82, 0x08, 0x82, 0x00, 0x41, 0x00, 0x21, 0x00, 0x41, 0x08, 0x62,
	0x08, 0x82, 0x00, 0x41, 0x6b, 0x8e, 0xb5, 0x95, 0xad, 0x75, 0xb5, 0x95, 0xb5, 0xb6, 0xc6, 0x17,
	0xa5, 0x34, 0x10, 0xa3, 0x08, 0x82, 0x08, 0xa2, 0x84, 0x0f, 0xc6, 0x17, 0xce, 0x37, 0xc6, 0x17,
	0xc6, 0x17, 0x52, 0xaa, 0x10, 0xc3, 0x10, 0xa3, 0x10, 0xc3, 0x10, 0xa2, 0x08, 0x82, 0x08, 0x82,
	0x08, 0x82, 0x08, 0x82, 0x08, 0x82, 0x08, 0x82, 0x10, 0xa2, 0x00, 0x41, 0x63, 0x0b, 0xd6, 0x78,
	0xd6, 0x58, 0xbd, 0xb5, 0x63, 0x0b, 0x18, 0xe3, 0xbd, 0x95, 0xa4, 0xf2, 0x52, 0xaa, 0x9c, 0xd2,
	0x94, 0x91, 0x9c, 0x91, 0x94, 0x91, 0x9c, 0xb1, 0x94, 0x91, 0x94, 0x91, 0x94, 0x91, 0x94, 0x91,
	0x94, 0x91, 0x94, 0x91, 0x94, 0x91, 0x94, 0x71, 0x94, 0x71, 0x94, 0x71, 0x8c, 0x50, 0x8c, 0x50,
	0x8c, 0x50, 0x8c, 0x50, 0x8c, 0x50, 0x94, 0x50, 0x94, 0x70, 0x94, 0x71, 0x94, 0x91, 0x9c, 0xb1,
	0x9c, 0xb2, 0x9c, 0xd2, 0xa4, 0xf2, 0xa4, 0xf3, 0xa4, 0xf3, 0xa4, 0xf3, 0xa4, 0xf2, 0x9c, 0xd2,
	0xd6, 0x99, 0xd6, 0x99, 0xd6, 0x99, 0xd6, 0x99, 0xd6, 0x9a, 0xde, 0xba, 0xde, 0xba, 0xde, 0xba,
	0xde, 0xba, 0xde, 0xba, 0xde, 0xba, 0xde, 0xba, 0xde, 0xda, 0xde, 0xda, 0xde, 0xda, 0xde, 0xda,
	0xde, 0xda, 0xde, 0xda, 0xde, 0xdb, 0xde, 0xdb, 0xde, 0xdb, 0xde, 0xdb, 0xe6, 0xfb, 0xde, 0xdb,
	0xde, 0xfb, 0xde, 0xfb, 0xde, 0xfb, 0xde, 0xfb, 0xde, 0xfb, 0xde, 0xfb, 0xde, 0xfb, 0xde, 0xfb,
	0xde, 0xfb, 0xde, 0xfb, 0xde, 0xfb, 0xde, 0xfb, 0xe7, 0x3c, 0x9c, 0xf3, 0x3a, 0x49, 0x19, 0x24,
	0x08, 0x62, 0x08, 0x82, 0x08, 0x62, 0x08, 0x62, 0x08, 0x62, 0x08, 0x82, 0x08, 0x62, 0x08, 0x62,
	0x08, 0x62, 0x08, 0x82, 0x08, 0x82, 0x08, 0x82, 0x08, 0x82, 0x08, 0x82, 0x08, 0x82, 0x08, 0x62,
	0x08, 0x82, 0x00, 0x20, 0x4a, 0x8a, 0xbd, 0xd6, 0xad, 0x75, 0xb5, 0x95, 0xb5, 0xb6, 0xbd, 0xd6,
	0x63, 0x2c, 0x08, 0x62, 0x08, 0x82, 0x08, 0x82, 0x10, 0xa2, 0x52, 0x8a, 0x6b, 0x6d, 0x42, 0x48,
	0x31, 0xc7, 0x10, 0xc3, 0x08, 0x82, 0x10, 0xa2, 0x08, 0x82, 0x08, 0x82, 0x08, 0x82, 0x08, 0x82,
	0x08, 0x82, 0x08, 0x82, 0x08, 0x82, 0x08, 0x82, 0x08, 0x82, 0x08, 0x61, 0x7b, 0xee, 0xc6, 0x17,
	0xc5, 0xf7, 0xde, 0x99, 0xc5, 0xf6, 0x21, 0x24, 0x83, 0xee, 0xe6, 0xd9, 0x6b, 0x2c, 0xa4, 0xf2,
	0x9c, 0xd2, 0x9c, 0x91, 0x9c, 0xb1, 0x9c, 0xb1, 0x9c, 0xb1, 0x94, 0xb1, 0x94, 0x91, 0x94, 0x91,
	0x94, 0x91, 0x94, 0x91, 0x94, 0x91, 0x94, 0x71, 0x94, 0x71, 0x94, 0x71, 0x8c, 0x70, 0x8c, 0x50,
	0x8c, 0x50, 0x8c, 0x50, 0x8c, 0x50, 0x94, 0x70, 0x94, 0x71, 0x94, 0x71, 0x94, 0x91, 0x9c, 0xb1,
	0x9c, 0xb2, 0x9c, 0xd2, 0xa4, 0xf2, 0xa4, 0xf3, 0xa4, 0xf3, 0xa4, 0xf3, 0xa4, 0xf2, 0x9c, 0xd2,
	0xd6, 0x99, 0xd6, 0x99, 0xd6, 0x99, 0xd6, 0x9a, 0xde, 0xba, 0xde, 0xba, 0xde, 0xba, 0xde, 0xba,
	0xde, 0xba, 0xde, 0xba, 0xde, 0xba, 0xde, 0xba, 0xde, 0xda, 0xde, 0xda, 0xde, 0xda, 0xde, 0xda,
	0xde, 0xda, 0xde, 0xda, 0xde, 0xda, 0xde, 0xdb, 0xde, 0xdb, 0xe6, 0xfb, 0xe6, 0xfb, 0xde, 0xfb,
	0xde, 0xfb, 0xde, 0xfb, 0xde, 0xfb, 0xde, 0xfb, 0xde, 0xfb, 0xde, 0xfb, 0xde, 0xfb, 0xde, 0xfb,
	0xde, 0xfb, 0xde, 0xfb, 0xe6, 0xfb, 0xde, 0xfb, 0xef, 0x3c, 0x7c, 0x10, 0x21, 0x45, 0x08, 0xa2,
	0x08, 0x82, 0x08, 0x82, 0x08, 0x82, 0x08, 0x82, 0x08, 0x82, 0x08, 0x82, 0x08, 0x62, 0x08, 0x62,
	0x08, 0x82, 0x08, 0x82, 0x08, 0x82, 0x08, 0x82, 0x08, 0x82, 0x08, 0x62, 0x08, 0x62, 0x08, 0x62,
	0x08, 0x82, 0x00, 0x41, 0x29, 0x66, 0xa5, 0x34, 0xad, 0x34, 0x9c, 0xf3, 0x9c, 0xb2, 0x6b, 0x6d,
	0x08, 0x82, 0x08, 0x62, 0x08, 0x82, 0x08, 0xa2, 0x10, 0xc3, 0x21, 0x45, 0x19, 0x04, 0x10, 0xa2,
	0x00, 0x61, 0x08, 0x82, 0x08, 0x82, 0x08, 0x82, 0x08, 0x82, 0x08, 0x82, 0x08, 0x82, 0x08, 0x82,
	0x08, 0x82, 0x08, 0x82, 0x08, 0x82, 0x08, 0x82, 0x10, 0xa2, 0x08, 0x61, 0x52, 0x89, 0xc5, 0xd6,
	0xc5, 0xf6, 0xc5, 0xf6, 0xde, 0x99, 0x94, 0x70, 0x5a, 0xa9, 0xee, 0xfa, 0x8c, 0x2f, 0xad, 0x13,
	0xa4, 0xf2, 0x9c, 0x91, 0x9c, 0xb1, 0x9c, 0xb1, 0x94, 0xb1, 0x94, 0xb1, 0x94, 0xb1, 0x94, 0xb1,
	0x94, 0x91, 0x94, 0x91, 0x94, 0x91, 0x94, 0x91, 0x94, 0x71, 0x94, 0x71, 0x94, 0x71, 0x8c, 0x50,
	0x8c, 0x50, 0x8c, 0x50, 0x8c, 0x70, 0x94, 0x70, 0x94, 0x71, 0x94, 0x71, 0x94, 0x91, 0x9c, 0xb1,
	0x9c, 0xb2, 0x9c, 0xd2, 0xa4, 0xf2, 0xa4, 0xf3, 0xa4, 0xf3, 0xa4, 0xf3, 0xa4, 0xf2, 0xa4, 0xd2,
	0xd6, 0x99, 0xd6, 0x99, 0xd6, 0x99, 0xd6, 0x9a, 0xd6, 0x9a, 0xd6, 0x9a, 0xde, 0xba, 0xde, 0xba,
	0xde, 0xba, 0xde, 0xba, 0xde, 0xba, 0xde, 0xba, 0xde, 0xba, 0xde, 0xda, 0xde, 0xda, 0xde, 0xda,
	0xde, 0xda, 0xde, 0xda, 0xde, 0xfb, 0xe6, 0xfb, 0xe6, 0xfb, 0xe6, 0xfb, 0xe6, 0xfb, 0xe6, 0xfb,
	0xe6, 0xfb, 0xe6, 0xfb, 0xe6, 0xfb, 0xe6, 0xfb, 0xde, 0xfb, 0xde, 0xfb, 0xe6, 0xfb, 0xe6, 0xfb,
	0xe6, 0xfb, 0xe6, 0xfb, 0xe6, 0xfb, 0xde, 0xfb, 0xe7, 0x1c, 0x63, 0x2c, 0x08, 0xa2, 0x10, 0xc3,
	0x08, 0x82, 0x08, 0xa3, 0x10, 0xc3, 0x08, 0xa3, 0x08, 0xa3, 0x08, 0x82, 0x08, 0x82, 0x08, 0x82,
	0x08, 0x82, 0x08, 0x82, 0x08, 0x82, 0x08, 0x82, 0x08, 0x82, 0x08, 0x82, 0x08, 0x62, 0x08, 0x62,
	0x08, 0x62, 0x08, 0x62, 0x08, 0x82, 0x29, 0x86, 0x42, 0x08, 0x21, 0x45, 0x10, 0xc3, 0x00, 0x61,
	0x08, 0x62, 0x08, 0x82, 0x08, 0x82, 0x08, 0x82, 0x19, 0x04, 0x31, 0xa6, 0x39, 0xe7, 0x29, 0x85,
	0x08, 0x82, 0x08, 0x82, 0x08, 0x61, 0x08, 0x62, 0x08, 0x82, 0x08, 0x82, 0x08, 0x82, 0x08, 0x82,
	0x08, 0x82, 0x08, 0x82, 0x00, 0x41, 0x00, 0x41, 0x00, 0x61, 0x08, 0x62, 0x00, 0x41, 0x63, 0x0b,
	0xd6, 0x57, 0xce, 0x17, 0xc5, 0xd6, 0xd6, 0x57, 0x7b, 0x6c, 0xcd, 0xf6, 0xb5, 0x53, 0xb5, 0x54,
	0xa5, 0x13, 0x94, 0x91, 0x9c, 0xb2, 0x9c, 0xb1, 0x9c, 0xb1, 0x94, 0xb1, 0x94, 0xb1, 0x94, 0x91,
	0x94, 0x91, 0x94, 0x91, 0x94, 0x91, 0x94, 0x91, 0x94, 0x71, 0x94, 0x71, 0x94, 0x71, 0x8c, 0x70,
	0x8c, 0x50, 0x8c, 0x70, 0x8c, 0x70, 0x94, 0x71, 0x94, 0x71, 0x94, 0x71, 0x94, 0x91, 0x9c, 0xb1,
	0x9c, 0xb2, 0x9c, 0xd2, 0xa4, 0xf2, 0xa4, 0xf3, 0xa4, 0xf2, 0xa4, 0xf2, 0xa4, 0xf2, 0x9c, 0xd2,
	0xd6, 0x99, 0xd6, 0x99, 0xd6, 0x99, 0xd6, 0x99, 0xd6, 0x9a, 0xd6, 0x9a, 0xde, 0xba, 0xde, 0xba,
	0xde, 0xba, 0xde, 0xba, 0xde, 0xba, 0xde, 0xba, 0xde, 0xda, 0xde, 0xda, 0xde, 0xda, 0xde, 0xda,
	0xde, 0xda, 0xde, 0xdb, 0xde, 0xfb, 0xe6, 0xfb, 0xe6, 0xfb, 0xe6, 0xfb, 0xe6, 0xfb, 0xe6, 0xfb,
	0xe6, 0xfb, 0xe6, 0xfb, 0xe6, 0xfb, 0xe6, 0xfb, 0xe6, 0xfb, 0xe6, 0xfb, 0xe7, 0x1b, 0xe7, 0x1b,
	0xe7, 0x1b, 0xe7, 0x1b, 0xde, 0xfb, 0xe7, 0x1b, 0xd6, 0xba, 0x42, 0x49, 0x10, 0xc3, 0x10, 0xc3,
	0x08, 0xa3, 0x08, 0x82, 0x00, 0x62, 0x08, 0x82, 0x08, 0xa3, 0x08, 0x82, 0x08, 0x82, 0x08, 0x82,
	0x08, 0x82, 0x08, 0x82, 0x08, 0x82, 0x08, 0x82, 0x08, 0x82, 0x08, 0x82, 0x08, 0x82, 0x08, 0x62,
	0x08, 0x62, 0x08, 0x82, 0x08, 0x82, 0x00, 0x41, 0x00, 0x41, 0x08, 0x82, 0x10, 0xe4, 0x18, 0xe4,
	0x08, 0x62, 0x08, 0x62, 0x08, 0x62, 0x08, 0xa2, 0x19, 0x04, 0x21, 0x45, 0x39, 0xc6, 0x21, 0x24,
	0x08, 0x62, 0x10, 0xc3, 0x19, 0x04, 0x29, 0x65, 0x19, 0x04, 0x08, 0x82, 0x08, 0xa2, 0x08, 0xa2,
	0x10, 0xa2, 0x08, 0x82, 0x42, 0x48, 0x73, 0x8d, 0x73, 0x8d, 0x4a, 0x48, 0x29, 0x44, 0x21, 0x44,
	0x63, 0x0b, 0xa4, 0xd2, 0xd6, 0x78, 0xde, 0x78, 0xc5, 0xb5, 0xcd, 0xf6, 0xc5, 0xb5, 0xc5, 0xb5,
	0xa5, 0x13, 0x94, 0x91, 0x9c, 0xb2, 0x9c, 0xb2, 0x9c, 0xb1, 0x9c, 0xb2, 0x94, 0xb1, 0x94, 0x91,
	0x94, 0x91, 0x94, 0x91, 0x94, 0x91, 0x94, 0x91, 0x94, 0x71, 0x94, 0x71, 0x94, 0x71, 0x8c, 0x70,
	0x8c, 0x50, 0x8c, 0x70, 0x94, 0x71, 0x94, 0x71, 0x94, 0x71, 0x94, 0x91, 0x94, 0x91, 0x9c, 0xb1,
	0x9c, 0xb2, 0x9c, 0xd2, 0xa4, 0xf2, 0xa4, 0xf3, 0xa4, 0xf2, 0xa4, 0xf2, 0xa4, 0xf2, 0xa4, 0xf2,
	0xd6, 0x99, 0xd6, 0x99, 0xd6, 0x99, 0xd6, 0x99, 0xd6, 0x99, 0xde, 0xba, 0xde, 0xba, 0xde, 0xba,
	0xde, 0xba, 0xde, 0xba, 0xde, 0xda, 0xde, 0xda, 0xde, 0xda, 0xde, 0xda, 0xde, 0xda, 0xde, 0xda,
	0xde, 0xda, 0xde, 0xdb, 0xe6, 0xfb, 0xe6, 0xfb, 0xe6, 0xfb, 0xe6, 0xfb, 0xe6, 0xfb, 0xe6, 0xfb,
	0xe6, 0xfb, 0xe6, 0xfb, 0xe6, 0xfb, 0xe7, 0x1b, 0xe7, 0x1b, 0xe7, 0x1b, 0xe7, 0x1b, 0xe7, 0x1b,
	0xe7, 0x1b, 0xe7, 0x1b, 0xde, 0xfb, 0xe7, 0x3c, 0xbd, 0xd6, 0x29, 0x86, 0x10, 0xa3, 0x10, 0xc3,
	0x08, 0xa3, 0x31, 0xc7, 0x63, 0x6d, 0x42, 0x29, 0x00, 0x41, 0x08, 0x82, 0x08, 0x82, 0x08, 0xa2,
	0x08, 0xa3, 0x08, 0xa2, 0x08, 0x82, 0x08, 0x82, 0x08, 0x82, 0x08, 0x62, 0x08, 0x62, 0x08, 0x62,
	0x08, 0x62, 0x08, 0x62, 0x08, 0x62, 0x08, 0x82, 0x08, 0x82, 0x19, 0x24, 0x21, 0x45, 0x21, 0x45,
	0x10, 0xe4, 0x08, 0x82, 0x08, 0x61, 0x10, 0xa3, 0x18, 0xe4, 0x19, 0x04, 0x31, 0xa6, 0x10, 0xc3,
	0x10, 0xa2, 0x21, 0x45, 0x39, 0xc6, 0x31, 0xc6, 0x42, 0x07, 0x10, 0xc3, 0x08, 0x82, 0x10, 0xa2,
	0x08, 0x62, 0x31, 0xa6, 0xbd, 0xb6, 0xce, 0x58, 0xd6, 0x58, 0xc5, 0xd6, 0xbd, 0x95, 0xb5, 0x54,
	0x7b, 0xce, 0x62, 0xeb, 0x73, 0x8d, 0xc5, 0xd5, 0xde, 0x99, 0xe6, 0xb9, 0xcd, 0xf6, 0xcd, 0xf6,
	0x94, 0x91, 0x94, 0x91, 0x9c, 0xb2, 0x9c, 0xb2, 0x9c, 0xb2, 0x9c, 0xb2, 0x9c, 0xb2, 0x9c, 0xb2,
	0x9c, 0xb2, 0x9c, 0xb2, 0x94, 0x91, 0x94, 0x91, 0x94, 0x91, 0x94, 0x91, 0x94, 0x71, 0x94, 0x71,
	0x8c, 0x70, 0x8c, 0x70, 0x94, 0x71, 0x94, 0x71, 0x94, 0x71, 0x94, 0x91, 0x94, 0x91, 0x9c, 0xb1,
	0x9c, 0xb2, 0x9c, 0xd2, 0xa4, 0xd2, 0xa4, 0xf2, 0xa4, 0xf2, 0xa4, 0xf2, 0xa4, 0xf2, 0xa5, 0x13,
	0xd6, 0x99, 0xd6, 0x99, 0xd6, 0x99, 0xd6, 0x99, 0xd6, 0x9a, 0xd6, 0xba, 0xde, 0xba, 0xde, 0xba,
	0xd6, 0xba, 0xde, 0xba, 0xde, 0xba, 0xde, 0xda, 0xde, 0xda, 0xde, 0xda, 0xde, 0xda, 0xde, 0xdb,
	0xde, 0xdb, 0xde, 0xfb, 0xe6, 0xfb, 0xe6, 0xfb, 0xe6, 0xfb, 0xe6, 0xfb, 0xe6, 0xfb, 0xe6, 0xfb,
	0xe6, 0xfb, 0xe6, 0xfb, 0xe6, 0xfb, 0xe7, 0x1b, 0xe7, 0x1b, 0xe7, 0x1b, 0xe7, 0x1b, 0xe7, 0x1b,
	0xe7, 0x1b, 0xe7, 0x1b, 0xde, 0xfb, 0xef, 0x3c, 0x9d, 0x13, 0x19, 0x25, 0x19, 0x25, 0x08, 0xa3,
	0x29, 0xa6, 0xad, 0x76, 0xc6, 0x59, 0xa5, 0x35, 0x21, 0x45, 0x08, 0x82, 0x08, 0x82, 0x08, 0x82,
	0x08, 0xa2, 0x08, 0x82, 0x08, 0x82, 0x08, 0x82, 0x08, 0x82, 0x08, 0x82, 0x08, 0x82, 0x08, 0x62,
	0x08, 0x62, 0x08, 0x62, 0x08, 0x61, 0x08, 0x61, 0x08, 0x62, 0x08, 0xa2, 0x10, 0xe3, 0x19, 0x24,
	0x19, 0x24, 0x18, 0xe4, 0x08, 0x82, 0x08, 0x82, 0x19, 0x04, 0x29, 0x65, 0x18, 0xe3, 0x10, 0xc3,
	0x21, 0x45, 0x21, 0x44, 0x31, 0xa6, 0x31, 0x86, 0x31, 0xa6, 0x10, 0xa2, 0x08, 0x82, 0x08, 0x82,
	0x00, 0x41, 0x31, 0x86, 0xbd, 0xd6, 0xc5, 0xd6, 0xc5, 0xd6, 0xc5, 0xf6, 0xce, 0x17, 0xce, 0x37,
	0xde, 0x78, 0xd6, 0x57, 0x9c, 0xb1, 0x8c, 0x2f, 0xd6, 0x37, 0xde, 0x99, 0xde, 0x78, 0xcd, 0xf6,
	0x5a, 0xca, 0x7b, 0xef, 0xa4, 0xf2, 0x9c, 0xb2, 0x9c, 0xb2, 0x9c, 0xb2, 0x9c, 0xb2, 0x9c, 0xb2,
	0x9c, 0xb2, 0x9c, 0xb2, 0x94, 0xb1, 0x94, 0x91, 0x94, 0x91, 0x94, 0x91, 0x94, 0x91, 0x94, 0x71,
	0x94, 0x71, 0x94, 0x71, 0x94, 0x71, 0x94, 0x71, 0x94, 0x71, 0x94, 0x91, 0x9c, 0x91, 0x9c, 0xb1,
	0x9c, 0xb1, 0xa4, 0xd2, 0xa4, 0xf3, 0xa4, 0xf2, 0xa5, 0x13, 0xad, 0x13, 0xa5, 0x13, 0xa5, 0x13,
	0xd6, 0x99, 0xd6, 0x99, 0xd6, 0x99, 0xd6, 0x99, 0xd6, 0x99, 0xd6, 0x9a, 0xd6, 0xba, 0xd6, 0xba,
	0xd6, 0xba, 0xd6, 0xba, 0xde, 0xba, 0xde, 0xda, 0xde, 0xda, 0xde, 0xda, 0xde, 0xda, 0xde, 0xdb,
	0xde, 0xdb, 0xe6, 0xfb, 0xe6, 0xfb, 0xe6, 0xfb, 0xe6, 0xfb, 0xe6, 0xfb, 0xe6, 0xfb, 0xe6, 0xfb,
	0xe6, 0xfb, 0xe6, 0xfb, 0xe7, 0x1b, 0xe7, 0x1b, 0xe7, 0x1b, 0xe7, 0x1b, 0xe7, 0x1b, 0xe7, 0x1b,
	0xe7, 0x1b, 0xe7, 0x1c, 0xe7, 0x1b, 0xef, 0x5c, 0x84, 0x30, 0x21, 0x67, 0x19, 0x46, 0x10, 0xe4,
	0x7c, 0x31, 0xc6, 0x59, 0xb5, 0xd7, 0xc6, 0x38, 0x42, 0x49, 0x00, 0x41, 0x10, 0xa2, 0x00, 0x41,
	0x00, 0x41, 0x08, 0x82, 0x08, 0x82, 0x08, 0x82, 0x08, 0x82, 0x08, 0x82, 0x08, 0x62, 0x08, 0x62,
	0x08, 0x82, 0x08, 0xa2, 0x10, 0xa3, 0x08, 0xa3, 0x08, 0x82, 0x08, 0x62, 0x08, 0x62, 0x10, 0xa2,
	0x18, 0xe4, 0x19, 0x24, 0x19, 0x04, 0x10, 0xa3, 0x19, 0x04, 0x31, 0xa6, 0x10, 0xa2, 0x19, 0x04,
	0x29, 0x85, 0x29, 0x65, 0x29, 0x45, 0x21, 0x44, 0x10, 0xa2, 0x08, 0x62, 0x08, 0x82, 0x08, 0x82,
	0x08, 0x82, 0x08, 0x82, 0x9c, 0xd2, 0xd6, 0x58, 0xce, 0x17, 0xc5, 0xd6, 0xc5, 0xd6, 0xce, 0x17,
	0xd6, 0x37, 0xd6, 0x37, 0xcd, 0xf6, 0xbd, 0x94, 0xce, 0x16, 0xd6, 0x16, 0xde, 0x57, 0x9c, 0x70,
	0x94, 0x50, 0x8c, 0x30, 0x9c, 0xb2, 0x9c, 0xd2, 0x9c, 0xd2, 0x9c, 0xd2, 0x9c, 0xb2, 0x9c, 0xb2,
	0x9c, 0xb2, 0x9c, 0xb2, 0x9c, 0xb2, 0x9c, 0xb1, 0x9c, 0xb1, 0x94, 0x91, 0x94, 0x91, 0x94, 0x91,
	0x94, 0x71, 0x94, 0x71, 0x94, 0x71, 0x94, 0x71, 0x94, 0x71, 0x94, 0x91, 0x9c, 0x91, 0x9c, 0xb1,
	0x9c, 0xb1, 0x9c, 0xd2, 0xa4, 0xf3, 0xa4, 0xf2, 0xb5, 0x74, 0xb5, 0x75, 0xad, 0x34, 0xad, 0x54,
	0xd6, 0x99, 0xd6, 0x99, 0xd6, 0x99, 0xd6, 0x99, 0xd6, 0x9a, 0xd6, 0x9a, 0xd6, 0xba, 0xd6, 0xba,
	0xd6, 0xba, 0xde, 0xba, 0xde, 0xba, 0xde, 0xda, 0xde, 0xda, 0xde, 0xda, 0xde, 0xda, 0xde, 0xdb,
	0xde, 0xdb, 0xe6, 0xfb, 0xe6, 0xfb, 0xe6, 0xfb, 0xe6, 0xfb, 0xe6, 0xfb, 0xe6, 0xfb, 0xe7, 0x1b,
	0xe7, 0x1b, 0xe7, 0x1b, 0xe7, 0x1b, 0xe7, 0x1b, 0xe7, 0x1b, 0xe7, 0x1c, 0xe7, 0x1c, 0xe7, 0x1c,
	0xe7, 0x1c, 0xe7, 0x1c, 0xe7, 0x1c, 0xde, 0xfb, 0x63, 0x6d, 0x73, 0xd0, 0x11, 0x04, 0x21, 0x65,
	0xb5, 0xb7, 0xbe, 0x18, 0xc6, 0x38, 0x94, 0xb3, 0x10, 0xa3, 0x08, 0x62, 0x00, 0x41, 0x21, 0x45,
	0x29, 0xa6, 0x00, 0x61, 0x08, 0x62, 0x08, 0x82, 0x08, 0x62, 0x08, 0x62, 0x08, 0x82, 0x08, 0x82,
	0x08, 0xa2, 0x19, 0x24, 0x21, 0x66, 0x21, 0x45, 0x19, 0x25, 0x18, 0xe4, 0x18, 0xe4, 0x10, 0xa3,
	0x10, 0xa3, 0x10, 0xe3, 0x19, 0x24, 0x19, 0x04, 0x19, 0x04, 0x29, 0x65, 0x19, 0x04, 0x21, 0x24,
	0x21, 0x45, 0x29, 0x65, 0x10, 0xc3, 0x08, 0x82, 0x08, 0x82, 0x08, 0xa2, 0x08, 0x62, 0x08, 0x82,
	0x08, 0x82, 0x08, 0x82, 0x29, 0x65, 0x94, 0x71, 0xad, 0x33, 0xb5, 0x54, 0xb5, 0x74, 0x9c, 0x91,
	0x73, 0x8d, 0x52, 0x69, 0x5a, 0xa9, 0x8c, 0x0e, 0xcd, 0xf5, 0xcd, 0xf5, 0xd6, 0x37, 0xde, 0x98,
	0xef, 0x1b, 0xd6, 0x58, 0x9c, 0xb2, 0x9c, 0xd2, 0x9c, 0xd2, 0x9c, 0xd2, 0x9c, 0xd2, 0x9c, 0xd2,
	0x9c, 0xb2, 0x9c, 0xb2, 0x9c, 0xb2, 0x9c, 0xb1, 0x9c, 0xb1, 0x9c, 0xb1, 0x94, 0x91, 0x94, 0x91,
	0x94, 0x91, 0x94, 0x71, 0x94, 0x71, 0x94, 0x71, 0x94, 0x91, 0x94, 0x91, 0x94, 0x91, 0x9c, 0xb1,
	0x9c, 0xb1, 0x9c, 0xd2, 0xad, 0x33, 0xbd, 0xd6, 0xc5, 0xd6, 0xbd, 0xb5, 0xa4, 0xf2, 0x8c, 0x50,
	0xd6, 0x99, 0xd6, 0x99, 0xd6, 0x99, 0xd6, 0x99, 0xd6, 0x9a, 0xd6, 0xba, 0xd6, 0xba, 0xd6, 0xba,
	0xd6, 0xba, 0xd6, 0xba, 0xde, 0xba, 0xde, 0xda, 0xde, 0xda, 0xde, 0xda, 0xde, 0xdb, 0xde, 0xdb,
	0xe6, 0xfb, 0xe6, 0xfb, 0xe6, 0xfb, 0xe6, 0xfb, 0xe6, 0xfb, 0xe6, 0xfb, 0xe6, 0xfb, 0xe6, 0xfb,
	0xe7, 0x1b, 0xe7, 0x1b, 0xe7, 0x1b, 0xe7, 0x1b, 0xe7, 0x1c, 0xe7, 0x1c, 0xe7, 0x1c, 0xe7, 0x3c,
	0xe7, 0x1c, 0xe7, 0x1c, 0xef, 0x5d, 0xb5, 0xb6, 0x42, 0x6a, 0xbd, 0xf8, 0x21, 0x65, 0x31, 0xc7,
	0xbd, 0xf8, 0xbd, 0xf7, 0xbe, 0x18, 0x4a, 0xaa, 0x00, 0x61, 0x29, 0x86, 0x63, 0x4d, 0x9c, 0xf4,
	0xb5, 0xb7, 0x7c, 0x30, 0x21, 0x45, 0x00, 0x61, 0x08, 0x82, 0x08, 0x82, 0x08, 0x82, 0x08, 0xa2,
	0x10, 0xa3, 0x21, 0x45, 0x21, 0x25, 0x19, 0x25, 0x21, 0x45, 0x21, 0x25, 0x19, 0x25, 0x21, 0x65,
	0x21, 0x45, 0x21, 0x65, 0x21, 0x45, 0x19, 0x24, 0x21, 0x24, 0x21, 0x24, 0x21, 0x45, 0x29, 0x86,
	0x19, 0x04, 0x21, 0x24, 0x29, 0x85, 0x19, 0x04, 0x21, 0x24, 0x21, 0x24, 0x29, 0x65, 0x10, 0xa2,
	0x08, 0x82, 0x10, 0xa2, 0x08, 0x82, 0x10, 0xc3, 0x21, 0x24, 0x29, 0x65, 0x19, 0x03, 0x08, 0x81,
	0x39, 0xc6, 0x83, 0xee, 0xbd, 0x94, 0xd6, 0x37, 0xd6, 0x16, 0xd6, 0x57, 0xde, 0x99, 0xb5, 0x74,
	0xc5, 0xd6, 0xef, 0x3c, 0xc5, 0xf6, 0x9c, 0xb2, 0x9c, 0xd2, 0x9c, 0xd2, 0x9c, 0xd2, 0x9c, 0xd2,
	0x9c, 0xd2, 0x9c, 0xd2, 0x9c, 0xd2, 0x9c, 0xb2, 0x9c, 0xb2, 0x9c, 0xb2, 0x94, 0xb1, 0x94, 0x91,
	0x94, 0x91, 0x94, 0x91, 0x94, 0x71, 0x94, 0x91, 0x94, 0x91, 0x9c, 0xb1, 0x9c, 0xb1, 0x9c, 0xb2,
	0x9c, 0xd2, 0xa4, 0xd2, 0xb5, 0x74, 0xad, 0x33, 0x8c, 0x2f, 0x7b, 0xee, 0x52, 0x8a, 0x21, 0x24,
	0xd6, 0x99, 0xd6, 0x99, 0xd6, 0x99, 0xd6, 0x99, 0xd6, 0x99, 0xd6, 0xba, 0xd6, 0xba, 0xd6, 0xba,
	0xd6, 0xba, 0xd6, 0xba, 0xde, 0xba, 0xde, 0xda, 0xde, 0xda, 0xde, 0xda, 0xde, 0xda, 0xde, 0xdb,
	0xe6, 0xfb, 0xe6, 0xfb, 0xe6, 0xfb, 0xe6, 0xfb, 0xe6, 0xfb, 0xe6, 0xfb, 0xe7, 0x1b, 0xe7, 0x1b,
	0xe7, 0x1b, 0xe7, 0x1b, 0xe7, 0x1b, 0xe7, 0x1b, 0xe7, 0x1c, 0xe7, 0x1c, 0xe7, 0x3c, 0xe7, 0x3c,
	0xe7, 0x3c, 0xe7, 0x1c, 0xef, 0x7d, 0x84, 0x50, 0x4a, 0xcb, 0xce, 0x7a, 0x42, 0x69, 0x52, 0xeb,
	0xc6, 0x59, 0xbe, 0x18, 0x94, 0xd3, 0x00, 0x62, 0x21, 0x45, 0x9d, 0x14, 0xc6, 0x38, 0xbd, 0xf7,
	0xb5, 0xd7, 0xc6, 0x38, 0x42, 0x49, 0x00, 0x21, 0x08, 0x82, 0x08, 0x62, 0x08, 0x82, 0x08, 0xa2,
	0x08, 0xa2, 0x19, 0x24, 0x19, 0x04, 0x19, 0x25, 0x19, 0x04, 0x18, 0xe4, 0x18, 0xe4, 0x18, 0xe3,
	0x10, 0xc3, 0x10, 0xe3, 0x19, 0x04, 0x19, 0x04, 0x19, 0x04, 0x21, 0x24, 0x19, 0x04, 0x21, 0x24,
	0x21, 0x45, 0x21, 0x44, 0x21, 0x44, 0x29, 0x85, 0x29, 0x85, 0x29, 0x65, 0x39, 0xe7, 0x31, 0x85,
	0x08, 0x62, 0x08, 0x82, 0x10, 0xc3, 0x10, 0xa2, 0x10, 0xa2, 0x08, 0x61, 0x21, 0x44, 0x8c, 0x2f,
	0xbd, 0xb5, 0xde, 0x78, 0xde, 0x78, 0xc5, 0xd5, 0xd6, 0x37, 0xde, 0x98, 0xde, 0xb9, 0xb5, 0x54,
	0x52, 0x68, 0x7b, 0xad, 0xb5, 0x54, 0xa4, 0xd2, 0x9c, 0xd2, 0x9c, 0xd2, 0xa4, 0xd2, 0xa4, 0xd2,
	0x9c, 0xd2, 0x9c, 0xd2, 0x9c, 0xd2, 0x9c, 0xd2, 0x9c, 0xb2, 0x9c, 0xb2, 0x9c, 0xb2, 0x94, 0xb1,
	0x94, 0x91, 0x94, 0x91, 0x9c, 0xb1, 0x94, 0x91, 0x94, 0x71, 0x83, 0xef, 0x94, 0x70, 0x8c, 0x70,
	0x73, 0x8d, 0x5a, 0xeb, 0x5a, 0xea, 0x4a, 0x68, 0x18, 0xe3, 0x10, 0xe3, 0x10, 0xc3, 0x19, 0x04,
	0xd6, 0x9a, 0xd6, 0x9a, 0xd6, 0x99, 0xd6, 0x9a, 0xd6, 0xba, 0xd6, 0xba, 0xd6, 0xba, 0xd6, 0xba,
	0xd6, 0xba, 0xd6, 0xba, 0xde, 0xba, 0xde, 0xda, 0xde, 0xda, 0xde, 0xda, 0xde, 0xdb, 0xde, 0xdb,
	0xe6, 0xfb, 0xe6, 0xfb, 0xe6, 0xfb, 0xe6, 0xfb, 0xe6, 0xfb, 0xe7, 0x1b, 0xe7, 0x1b, 0xe7, 0x1b,
	0xe7, 0x1b, 0xe7, 0x1b, 0xe7, 0x1b, 0xe7, 0x1c, 0xe7, 0x1c, 0xe7, 0x3c, 0xe7, 0x3c, 0xe7, 0x3c,
	0xe7, 0x3c, 0xe7, 0x1c, 0xef, 0x7d, 0x6b, 0x6d, 0x6b, 0x8e, 0xce, 0x9a, 0x7b, 0xf0, 0x52, 0xab,
	0xc6, 0x59, 0xbd, 0xf8, 0x31, 0xe8, 0x32, 0x08, 0xad, 0x76, 0xc6, 0x38, 0xb5, 0xf7, 0xbd, 0xf7,
	0xc6, 0x59, 0x8c, 0x72, 0x08, 0xa2, 0x08, 0x82, 0x08, 0x82, 0x08, 0x62, 0x08, 0x62, 0x08, 0x82,
	0x08, 0x62, 0x08, 0x62, 0x08, 0x82, 0x08, 0x82, 0x08, 0x62, 0x08, 0xa2, 0x10, 0xc3, 0x10, 0xe3,
	0x18, 0xe4, 0x18, 0xe3, 0x19, 0x04, 0x10, 0xe3, 0x19, 0x04, 0x21, 0x24, 0x19, 0x04, 0x08, 0xa2,
	0x19, 0x04, 0x19, 0x04, 0x21, 0x45, 0x29, 0x86, 0x31, 0xa6, 0x31, 0xa6, 0x31, 0xc6, 0x21, 0x04,
	0x08, 0x82, 0x10, 0xa2, 0x10, 0xa2, 0x10, 0xc3, 0x08, 0x82, 0x5a, 0xeb, 0xbd, 0xb5, 0xd6, 0x58,
	0xce, 0x37, 0xce, 0x17, 0xde, 0xb9, 0x6b, 0x2b, 0xad, 0x33, 0xe6, 0xda, 0xd6, 0x78, 0xee, 0xfa,
	0xb5, 0x33, 0x29, 0x65, 0x29, 0x65, 0x84, 0x0f, 0xad, 0x33, 0xa5, 0x13, 0xa5, 0x13, 0xa4, 0xf3,
	0xad, 0x13, 0xa4, 0xf3, 0x9c, 0xd2, 0x9c, 0xd2, 0x9c, 0xd2, 0x9c, 0xb2, 0x9c, 0xb1, 0x9c, 0xd2,
	0x9c, 0xd2, 0x9c, 0xd2, 0x94, 0x71, 0x63, 0x2b, 0x42, 0x48, 0x29, 0x85, 0x42, 0x28, 0x42, 0x28,
	0x19, 0x04, 0x08, 0x82, 0x10, 0xc3, 0x10, 0xc3, 0x08, 0x62, 0x10, 0xa3, 0x19, 0x04, 0x21, 0x45,
	0xd6, 0x9a, 0xd6, 0x9a, 0xd6, 0x9a, 0xd6, 0x9a, 0xd6, 0xba, 0xd6, 0xba, 0xd6, 0xba, 0xd6, 0xba,
	0xd6, 0xba, 0xde, 0xba, 0xde, 0xda, 0xde, 0xda, 0xde, 0xda, 0xde, 0xda, 0xde, 0xdb, 0xe6, 0xfb,
	0xe6, 0xfb, 0xe6, 0xfb, 0xe6, 0xfb, 0xe6, 0xfb, 0xe6, 0xfb, 0xe6, 0xfb, 0xe6, 0xfb, 0xe7, 0x1b,
	0xe7, 0x1b, 0xe7, 0x1b, 0xe7, 0x1c, 0xe7, 0x1c, 0xe7, 0x3c, 0xe7, 0x3c, 0xe7, 0x3c, 0xe7, 0x3c,
	0xe7, 0x3c, 0xef, 0x3c, 0xde, 0xfb, 0x3a, 0x08, 0x84, 0x92, 0xce, 0x9a, 0x9d, 0x14, 0x7c, 0x10,
	0xce, 0x79, 0x8c, 0x72, 0x31, 0xe7, 0xad, 0xb6, 0xbe, 0x18, 0xb5, 0xf7, 0xbe, 0x18, 0xad, 0x96,
	0x7c, 0x10, 0x19, 0x04, 0x08, 0x82, 0x08, 0x62, 0x08, 0x82, 0x08, 0x82, 0x08, 0x62, 0x08, 0x62,
	0x08, 0x62, 0x08, 0x62, 0x08, 0x62, 0x10, 0xc3, 0x19, 0x25, 0x21, 0x45, 0x19, 0x24, 0x21, 0x65,
	0x21, 0x45, 0x21, 0x45, 0x29, 0x86, 0x21, 0x45, 0x21, 0x45, 0x31, 0xa6, 0x31, 0xa6, 0x21, 0x65,
	0x18, 0xe3, 0x10, 0xa3, 0x08, 0xa2, 0x08, 0xa2, 0x10, 0xe3, 0x21, 0x24, 0x18, 0xe3, 0x08, 0x82,
	0x08, 0x82, 0x08, 0x82, 0x08, 0x82, 0x08, 0x61, 0x31, 0xa6, 0xbd, 0x95, 0xce, 0x37, 0xce, 0x37,
	0xce, 0x17, 0xd6, 0x58, 0xa4, 0xd2, 0x39, 0xc6, 0xbd, 0x95, 0xde, 0x99, 0xce, 0x17, 0xad, 0x33,
	0xe6, 0xfa, 0xad, 0x12, 0x21, 0x24, 0x4a, 0x69, 0xa5, 0x13, 0x6b, 0x4c, 0x42, 0x48, 0x63, 0x2c,
	0x94, 0x92, 0xb5, 0x53, 0xa4, 0xf3, 0xa4, 0xd2, 0xa4, 0xf2, 0x9c, 0xd2, 0x9c, 0xd2, 0x8c, 0x30,
	0x6b, 0x4c, 0x52, 0xca, 0x42, 0x07, 0x29, 0x65, 0x21, 0x24, 0x19, 0x04, 0x10, 0xc3, 0x08, 0x82,
	0x10, 0xa3, 0x19, 0x25, 0x10, 0xa3, 0x08, 0x82, 0x10, 0xc3, 0x10, 0xe3, 0x19, 0x04, 0x10, 0xa3,
	0xd6, 0x9a, 0xd6, 0x9a, 0xd6, 0x9a, 0xd6, 0xba, 0xd6, 0xba, 0xd6, 0xba, 0xd6, 0xba, 0xd6, 0xba,
	0xd6, 0xba, 0xde, 0xba, 0xde, 0xda, 0xde, 0xda, 0xde, 0xda, 0xde, 0xda, 0xde, 0xdb, 0xde, 0xfb,
	0xe6, 0xfb, 0xe6, 0xfb, 0xe6, 0xfb, 0xe6, 0xfb, 0xe6, 0xfb, 0xe7, 0x1b, 0xe7, 0x1b, 0xe7, 0x1b,
	0xe7, 0x1b, 0xe7, 0x1c, 0xe7, 0x1c, 0xe7, 0x3c, 0xe7, 0x3c, 0xe7, 0x3c, 0xe7, 0x3c, 0xe7, 0x3c,
	0xe7, 0x3c, 0xef, 0x5d, 0xc6, 0x18, 0x42, 0x6a, 0x5b, 0x4d, 0xbe, 0x38, 0xbe, 0x18, 0xbd, 0xf8,
	0xc6, 0x38, 0x63, 0x4d, 0x8c, 0xb3, 0xc6, 0x59, 0xc6, 0x38, 0xbe, 0x18, 0x94, 0xb3, 0x31, 0xc7,
	0x08, 0xa2, 0x08, 0x62, 0x08, 0x82, 0x08, 0x82, 0x08, 0x82, 0x08, 0x82, 0x08, 0x62, 0x08, 0x82,
	0x08, 0x82, 0x08, 0x62, 0x10, 0xe3, 0x21, 0x25, 0x29, 0x86, 0x29, 0x86, 0x21, 0x45, 0x21, 0x45,
	0x10, 0xc3, 0x10, 0xe3, 0x21, 0x45, 0x29, 0x86, 0x21, 0x65, 0x19, 0x04, 0x29, 0x86, 0x29, 0x85,
	0x29, 0x85, 0x29, 0x86, 0x21, 0x45, 0x10, 0xa2, 0x08, 0x62, 0x08, 0x62, 0x08, 0x62, 0x08, 0x82,
	0x08, 0x82, 0x08, 0x82, 0x08, 0x82, 0x08, 0x61, 0x31, 0xa6, 0xce, 0x17, 0xc6, 0x17, 0xc5, 0xf6,
	0xd6, 0x58, 0x94, 0x70, 0x18, 0xe3, 0x39, 0xa6, 0xcd, 0xf6, 0xd6, 0x78, 0xc5, 0xd5, 0x5a, 0xa9,
	0xd6, 0x37, 0xe6, 0xb9, 0x7b, 0xad, 0x21, 0x45, 0x39, 0xc7, 0x08, 0x82, 0x00, 0x21, 0x31, 0x86,
	0x83, 0xf0, 0xbd, 0x32, 0xbd, 0x74, 0x94, 0xb2, 0x8c, 0x30, 0x7b, 0xae, 0x84, 0x2f, 0x39, 0xe7,
	0x10, 0xc3, 0x10, 0xc3, 0x19, 0x04, 0x19, 0x24, 0x29, 0x86, 0x21, 0x45, 0x19, 0x04, 0x10, 0xe3,
	0x18, 0xe4, 0x10, 0xe3, 0x08, 0xa3, 0x08, 0xa2, 0x10, 0xc3, 0x10, 0xa3, 0x19, 0x04, 0x10, 0xa2,
	0xd6, 0x9a, 0xd6, 0x9a, 0xd6, 0x9a, 0xd6, 0x9a, 0xd6, 0xba, 0xd6, 0xba, 0xd6, 0xba, 0xd6, 0xba,
	0xd6, 0xba, 0xde, 0xba, 0xde, 0xda, 0xde, 0xda, 0xde, 0xda, 0xde, 0xda, 0xde, 0xdb, 0xe6, 0xfb,
	0xe6, 0xfb, 0xe6, 0xfb, 0xe6, 0xfb, 0xe6, 0xfb, 0xe6, 0xfb, 0xe7, 0x1b, 0xe7, 0x1b, 0xe7, 0x1b,
	0xe7, 0x1c, 0xe7, 0x1c, 0xe7, 0x1c, 0xe7, 0x3c, 0xe7, 0x3c, 0xe7, 0x3c, 0xe7, 0x3c, 0xe7, 0x3c,
	0xe7, 0x3c, 0xe7, 0x1c, 0xbd, 0xd7, 0xad, 0x76, 0x5b, 0x2c, 0x94, 0xf4, 0xc6, 0x39, 0xbd, 0xf8,
	0xbe, 0x18, 0xb5, 0xb7, 0xc6, 0x59, 0xad, 0x96, 0x7c, 0x31, 0x42, 0x49, 0x08, 0x82, 0x00, 0x21,
	0x08, 0x62, 0x08, 0x82, 0x08, 0x82, 0x08, 0x82, 0x08, 0x82, 0x08, 0x82, 0x08, 0x82, 0x08, 0x82,
	0x08, 0x82, 0x08, 0x62, 0x10, 0xc3, 0x21, 0x65, 0x21, 0x65, 0x21, 0x45, 0x10, 0xc3, 0x08, 0x82,
	0x08, 0xa2, 0x21, 0x66, 0x21, 0x25, 0x21, 0x65, 0x29, 0x86, 0x10, 0xa3, 0x18, 0xe4, 0x31, 0xa6,
	0x31, 0xa6, 0x29, 0x86, 0x39, 0xc7, 0x29, 0x86, 0x10, 0xc3, 0x08, 0x82, 0x08, 0x82, 0x08, 0x82,
	0x08, 0x82, 0x08, 0x82, 0x10, 0xa2, 0x10, 0xa2, 0x08, 0x82, 0x63, 0x0b, 0xbd, 0x95, 0xc5, 0xd6,
	0x73, 0x8d, 0x29, 0x44, 0x08, 0x61, 0x6b, 0x0b, 0xd6, 0x58, 0xce, 0x17, 0xde, 0x78, 0x4a, 0x28,
	0x8c, 0x2f, 0xe6, 0xb9, 0xd6, 0x37, 0x42, 0x28, 0x08, 0xa2, 0x08, 0x62, 0x00, 0x41, 0x19, 0x04,
	0x7b, 0x8d, 0xbd, 0x32, 0xd5, 0xd4, 0xad, 0x12, 0x39, 0xc6, 0x29, 0x45, 0x29, 0x86, 0x08, 0x82,
	0x08, 0x82, 0x10, 0xc3, 0x19, 0x04, 0x10, 0xe3, 0x10, 0xc3, 0x19, 0x04, 0x10, 0xa3, 0x10, 0xa2,
	0x10, 0xa2, 0x08, 0xa2, 0x10, 0xe3, 0x08, 0xa3, 0x08, 0x82, 0x10, 0xa3, 0x10, 0xc3, 0x08, 0x82,
	0xd6, 0xba, 0xd6, 0x9a, 0xd6, 0xba, 0xd6, 0xba, 0xd6, 0xba, 0xd6, 0xba, 0xd6, 0xba, 0xd6, 0xba,
	0xde, 0xba, 0xde, 0xda, 0xde, 0xda, 0xde, 0xda, 0xde, 0xda, 0xde, 0xda, 0xde, 0xdb, 0xe6, 0xfb,
	0xe6, 0xfb, 0xe6, 0xfb, 0xe6, 0xfb, 0xe6, 0xfb, 0xe6, 0xfb, 0xe7, 0x1b, 0xe7, 0x1b, 0xe7, 0x1b,
	0xe7, 0x1b, 0xe7, 0x1c, 0xe7, 0x1c, 0xe7, 0x3c, 0xe7, 0x3c, 0xe7, 0x3c, 0xe7, 0x3c, 0xe7, 0x3c,
	0xef, 0x5c, 0xde, 0xfb, 0xb5, 0xb6, 0xbd, 0xf8, 0xb5, 0xb6, 0xad, 0x96, 0xbd, 0xf8, 0xbd, 0xf7,
	0xbe, 0x18, 0xbe, 0x18, 0x84, 0x51, 0x63, 0x6d, 0x52, 0xcb, 0x63, 0x6e, 0x73, 0xef, 0x52, 0xab,
	0x42, 0x49, 0x21, 0x65, 0x08, 0x82, 0x08, 0x62, 0x08, 0x82, 0x08, 0x82, 0x08, 0x82, 0x08, 0x82,
	0x08, 0x82, 0x08, 0x82, 0x08, 0x82, 0x10, 0xa3, 0x10, 0xa3, 0x08, 0x82, 0x08, 0x62, 0x08, 0x62,
	0x18, 0xe4, 0x19, 0x24, 0x21, 0x45, 0x29, 0x86, 0x21, 0x45, 0x08, 0xa2, 0x08, 0x62, 0x18, 0xe3,
	0x29, 0x65, 0x29, 0x86, 0x29, 0x85, 0x31, 0xc6, 0x29, 0x65, 0x08, 0x82, 0x08, 0x82, 0x08, 0x82,
	0x08, 0x82, 0x08, 0x82, 0x10, 0xa2, 0x10, 0xc3, 0x10, 0xa2, 0x08, 0x61, 0x31, 0x85, 0x31, 0xc6,
	0x10, 0xa2, 0x08, 0x82, 0x10, 0x82, 0x83, 0xee, 0xd6, 0x58, 0xce, 0x16, 0xde, 0x98, 0x62, 0xea,
	0x29, 0x65, 0xd6, 0x37, 0xe6, 0x99, 0x83, 0xee, 0x10, 0xc3, 0x08, 0x82, 0x00, 0x41, 0x29, 0x66,
	0x8b, 0xef, 0xcd, 0x72, 0xcd, 0x93, 0xde, 0x16, 0x73, 0x4b, 0x00, 0x20, 0x08, 0x62, 0x08, 0x82,
	0x00, 0x61, 0x19, 0x04, 0x21, 0x45, 0x10, 0xa3, 0x08, 0x61, 0x10, 0xe3, 0x19, 0x24, 0x08, 0x82,
	0x08, 0x82, 0x08, 0x62, 0x08, 0x82, 0x08, 0x82, 0x08, 0x62, 0x08, 0x82, 0x10, 0xa2, 0x08, 0x82,
	0xd6, 0x9a, 0xd6, 0x9a, 0xd6, 0x9a, 0xd6, 0x9a, 0xd6, 0xba, 0xd6, 0xba, 0xd6, 0xba, 0xd6, 0xba,
	0xde, 0xba, 0xde, 0xda, 0xde, 0xda, 0xde, 0xda, 0xde, 0xda, 0xde, 0xdb, 0xde, 0xfb, 0xe6, 0xfb,
	0xe6, 0xfb, 0xe6, 0xfb, 0xe6, 0xfb, 0xe7, 0x1b, 0xe7, 0x1b, 0xe7, 0x1b, 0xe7, 0x1b, 0xe7, 0x1b,
	0xe7, 0x1b, 0xe7, 0x3c, 0xe7, 0x3c, 0xe7, 0x3c, 0xe7, 0x3c, 0xe7, 0x3c, 0xe7, 0x3c, 0xe7, 0x3c,
	0xef, 0x5d, 0xce, 0x58, 0xb5, 0xb7, 0xad, 0x96, 0x94, 0xd3, 0xb5, 0xd7, 0xbd, 0xf7, 0xbd, 0xf7,
	0xbe, 0x18, 0xbe, 0x18, 0xa5, 0x55, 0xb5, 0xd7, 0xc6, 0x59, 0xc6, 0x59, 0xc6, 0x38, 0xc6, 0x38,
	0xb5, 0xb6, 0xad, 0x75, 0x73, 0xcf, 0x21, 0x45, 0x08, 0x62, 0x08, 0x82, 0x08, 0x82, 0x08, 0x62,
	0x08, 0x62, 0x08, 0x82, 0x08, 0x82, 0x08, 0x62, 0x08, 0x62, 0x08, 0x82, 0x08, 0x82, 0x08, 0x62,
	0x18, 0xe4, 0x21, 0x25, 0x21, 0x45, 0x21, 0x65, 0x19, 0x04, 0x08, 0x62, 0x08, 0x82, 0x08, 0x82,
	0x10, 0xa3, 0x21, 0x24, 0x21, 0x24, 0x21, 0x45, 0x10, 0xc3, 0x08, 0x62, 0x08, 0x82, 0x08, 0x82,
	0x08, 0x82, 0x08, 0x82, 0x08, 0x82, 0x08, 0x82, 0x10, 0xa2, 0x10, 0xa2, 0x10, 0xa2, 0x08, 0x82,
	0x10, 0xa2, 0x10, 0xa2, 0x08, 0x61, 0x63, 0x0b, 0xd6, 0x37, 0xcd, 0xf6, 0xde, 0x78, 0x83, 0xce,
	0x10, 0x82, 0x62, 0xea, 0xde, 0x77, 0x83, 0xee, 0x00, 0x61, 0x08, 0x82, 0x00, 0x41, 0x39, 0xc6,
	0xa4, 0x4f, 0xcd, 0x92, 0xc5, 0x52, 0xcd, 0xb4, 0xc5, 0x52, 0x62, 0xea, 0x08, 0x82, 0x00, 0x21,
	0x08, 0x62, 0x10, 0xc3, 0x21, 0x25, 0x10, 0xc3, 0x10, 0xa3, 0x10, 0xe3, 0x08, 0x82, 0x08, 0x62,
	0x08, 0x62, 0x08, 0x62, 0x08, 0x62, 0x08, 0x82, 0x08, 0x62, 0x08, 0x82, 0x08, 0x82, 0x08, 0x62,
	0xd6, 0x9a, 0xd6, 0x9a, 0xd6, 0xba, 0xd6, 0x9a, 0xd6, 0xba, 0xd6, 0xba, 0xd6, 0xba, 0xde, 0xba,
	0xde, 0xba, 0xde, 0xda, 0xde, 0xda, 0xde, 0xda, 0xde, 0xda, 0xde, 0xdb, 0xe6, 0xfb, 0xe6, 0xfb,
	0xe6, 0xfb, 0xe6, 0xfb, 0xe6, 0xfb, 0xe6, 0xfb, 0xe7, 0x1b, 0xe7, 0x1b, 0xe7, 0x1b, 0xe7, 0x1b,
	0xe7, 0x1b, 0xe7, 0x3c, 0xe7, 0x3c, 0xe7, 0x3c, 0xe7, 0x3c, 0xe7, 0x3c, 0xe7, 0x3c, 0xe7, 0x3c,
	0xef, 0x7d, 0xb5, 0xb6, 0x73, 0xcf, 0x5b, 0x2d, 0x9d, 0x14, 0xbd, 0xf8, 0xbd, 0xd7, 0xbe, 0x18,
	0xad, 0x75, 0x9d, 0x34, 0xc6, 0x59, 0xc6, 0x59, 0xc6, 0x38, 0xbe, 0x18, 0xbe, 0x18, 0xbe, 0x18,
	0xbd, 0xf7, 0xbd, 0xf7, 0xc6, 0x59, 0x42, 0x49, 0x00, 0x41, 0x08, 0x82, 0x08, 0x82, 0x08, 0x82,
	0x08, 0x82, 0x08, 0x82, 0x08, 0x82, 0x08, 0x82, 0x08, 0x82, 0x08, 0x82, 0x08, 0x62, 0x08, 0x62,
	0x10, 0xc3, 0x21, 0x45, 0x29, 0x86, 0x29, 0x65, 0x08, 0xa2, 0x08, 0x62, 0x08, 0x82, 0x08, 0x82,
	0x08, 0x62, 0x08, 0x82, 0x08, 0x82, 0x08, 0x82, 0x08, 0x62, 0x08, 0x82, 0x08, 0x82, 0x08, 0x82,
	0x08, 0x82, 0x08, 0x82, 0x08, 0x82, 0x08, 0x82, 0x08, 0x82, 0x08, 0x82, 0x10, 0xa2, 0x10, 0xa2,
	0x10, 0xa2, 0x10, 0xa2, 0x08, 0x61, 0x31, 0x85, 0xce, 0x16, 0xd6, 0x57, 0xde, 0x78, 0x6b, 0x0b,
	0x10, 0x82, 0x10, 0xa2, 0x39, 0xc6, 0x19, 0x04, 0x08, 0x61, 0x00, 0x61, 0x10, 0x82, 0x6a, 0xca,
	0xbd, 0x11, 0xc5, 0x31, 0xc5, 0x52, 0xcd, 0xb3, 0xbd, 0x11, 0xb5, 0x12, 0x94, 0x2f, 0x39, 0xe7,
	0x08, 0x62, 0x10, 0xc3, 0x10, 0xc3, 0x10, 0xc3, 0x10, 0xa3, 0x10, 0xa3, 0x08, 0x62, 0x08, 0x62,
	0x08, 0x82, 0x08, 0x62, 0x08, 0x82, 0x10, 0xa3, 0x08, 0x82, 0x08, 0x82, 0x08, 0x82, 0x08, 0x82,
	0xd6, 0x9a, 0xd6, 0x9a, 0xd6, 0xba, 0xd6, 0xba, 0xd6, 0xba, 0xd6, 0xba, 0xde, 0xba, 0xde, 0xba,
	0xde, 0xda, 0xde, 0xda, 0xde, 0xda, 0xde, 0xdb, 0xde, 0xfb, 0xde, 0xfb, 0xde, 0xfb, 0xe6, 0xfb,
	0xe6, 0xfb, 0xe6, 0xfb, 0xe6, 0xfb, 0xe7, 0x1b, 0xe7, 0x1b, 0xe7, 0x1b, 0xe7, 0x1b, 0xe7, 0x1b,
	0xe7, 0x1c, 0xe7, 0x1c, 0xe7, 0x3c, 0xe7, 0x3c, 0xe7, 0x3c, 0xe7, 0x3c, 0xe7, 0x3c, 0xe7, 0x3c,
	0xf7, 0x7d, 0x7b, 0xef, 0x42, 0x69, 0xb5, 0xd7, 0xbe, 0x18, 0xbe, 0x18, 0xbd, 0xf8, 0xc6, 0x59,
	0x94, 0xb2, 0x29, 0x86, 0x42, 0x29, 0x73, 0xcf, 0x8c, 0x92, 0xa5, 0x35, 0xa5, 0x34, 0xb5, 0xd7,
	0xbd, 0xf7, 0xb5, 0xb6, 0x5b, 0x0c, 0x08, 0x82, 0x08, 0x82, 0x08, 0xa2, 0x08, 0x82, 0x08, 0x82,
	0x08, 0x82, 0x08, 0x82, 0x08, 0x82, 0x08, 0x82, 0x08, 0x82, 0x08, 0x82, 0x08, 0x82, 0x08, 0x82,
	0x08, 0x62, 0x10, 0xa3, 0x10, 0xe3, 0x10, 0xa2, 0x08, 0x62, 0x08, 0x62, 0x08, 0x62, 0x08, 0x82,
	0x08, 0x82, 0x08, 0x62, 0x08, 0x62, 0x08, 0x82, 0x08, 0x82, 0x08, 0x82, 0x08, 0x82, 0x08, 0x82,
	0x08, 0x82, 0x08, 0x82, 0x08, 0x82, 0x08, 0x82, 0x08, 0x82, 0x08, 0x82, 0x08, 0x82, 0x08, 0x82,
	0x08, 0x82, 0x10, 0xc2, 0x10, 0xc3, 0x18, 0xc3, 0x63, 0x0b, 0x83, 0xee, 0x4a, 0x28, 0x18, 0xe3,
	0x08, 0x82, 0x10, 0xa2, 0x08, 0x82, 0x08, 0x82, 0x08, 0x62, 0x00, 0x41, 0x29, 0x24, 0x9c, 0x0e,
	0xcd, 0x72, 0xc5, 0x10, 0xc5, 0x72, 0xcd, 0x93, 0xbd, 0x31, 0x9c, 0x6f, 0x9c, 0x4f, 0xa4, 0x90,
	0x6b, 0x2b, 0x19, 0x24, 0x08, 0xa2, 0x10, 0xc3, 0x10, 0xa2, 0x08, 0x62, 0x08, 0x62, 0x08, 0x62,
	0x08, 0x62, 0x08, 0xa2, 0x10, 0xc3, 0x08, 0x62, 0x08, 0x82, 0x08, 0x62, 0x08, 0x62, 0x08, 0x62,
	0xd6, 0x9a, 0xd6, 0xba, 0xd6, 0x9a, 0xd6, 0xba, 0xd6, 0xba, 0xd6, 0xba, 0xde, 0xba, 0xde, 0xba,
	0xde, 0xda, 0xde, 0xda, 0xde, 0xdb, 0xde, 0xdb, 0xde, 0xfb, 0xde, 0xfb, 0xde, 0xfb, 0xde, 0xfb,
	0xe6, 0xfb, 0xe6, 0xfb, 0xe7, 0x1b, 0xe7, 0x1b, 0xe7, 0x1b, 0xe7, 0x1b, 0xe7, 0x1b, 0xe7, 0x1b,
	0xe7, 0x1c, 0xe7, 0x1c, 0xe7, 0x3c, 0xe7, 0x3c, 0xe7, 0x3c, 0xe7, 0x3c, 0xe7, 0x3c, 0xe7, 0x3c,
	0xef, 0x3c, 0x73, 0xae, 0xa5, 0x55, 0xad, 0x76, 0x84, 0x31, 0xc6, 0x59, 0xc6, 0x39, 0xbe, 0x18,
	0xc6, 0x59, 0x7c, 0x31, 0x08, 0x62, 0x08, 0x82, 0x08, 0xa2, 0x18, 0xe4, 0x10, 0xc3, 0x31, 0xa6,
	0x31, 0xa7, 0x29, 0x66, 0x08, 0x82, 0x08, 0x82, 0x08, 0x82, 0x08, 0x82, 0x08, 0x82, 0x08, 0x82,
	0x08, 0x82, 0x08, 0x82, 0x08, 0x82, 0x08, 0x82, 0x08, 0x82, 0x08, 0x82, 0x08, 0x82, 0x08, 0x82,
	0x08, 0x62, 0x08, 0x62, 0x00, 0x61, 0x08, 0x62, 0x08, 0x62, 0x08, 0x62, 0x08, 0x62, 0x08, 0x62,
	0x08, 0x62, 0x08, 0x82, 0x08, 0x62, 0x08, 0x62, 0x08, 0x62, 0x08, 0x82, 0x08, 0x82, 0x08, 0x82,
	0x08, 0x82, 0x08, 0x82, 0x08, 0x82, 0x08, 0x82, 0x08, 0x82, 0x10, 0xa2, 0x10, 0xa2, 0x10, 0xa2,
	0x10, 0xa2, 0x10, 0xc3, 0x10, 0xc3, 0x10, 0xa2, 0x08, 0x82, 0x08, 0x61, 0x00, 0x21, 0x08, 0x61,
	0x08, 0x82, 0x08, 0x82, 0x31, 0xa6, 0x29, 0x65, 0x08, 0x62, 0x08, 0x62, 0x5a, 0x68, 0xbd, 0x11,
	0xc5, 0x10, 0xbd, 0x10, 0xc5, 0x72, 0xc5, 0x52, 0xbd, 0x31, 0xa4, 0x8f, 0x83, 0xad, 0x83, 0xac,
	0x8b, 0xee, 0x29, 0x85, 0x10, 0xa3, 0x18, 0xe3, 0x10, 0xa3, 0x08, 0x62, 0x08, 0x62, 0x08, 0x61,
	0x08, 0x62, 0x10, 0xe3, 0x08, 0xa2, 0x10, 0xc3, 0x08, 0x82, 0x08, 0x62, 0x08, 0x82, 0x08, 0x82,
	0xd6, 0x9a, 0xd6, 0xba, 0xd6, 0x9a, 0xd6, 0xba, 0xd6, 0xba, 0xd6, 0xba, 0xd6, 0xba, 0xde, 0xba,
	0xde, 0xda, 0xde, 0xda, 0xde, 0xdb, 0xde, 0xdb, 0xde, 0xdb, 0xde, 0xfb, 0xde, 0xfb, 0xe6, 0xfb,
	0xe6, 0xfb, 0xe6, 0xfb, 0xe7, 0x1b, 0xe7, 0x1b, 0xe7, 0x1b, 0xe7, 0x1b, 0xe7, 0x1c, 0xe7, 0x1c,
	0xe7, 0x3c, 0xe7, 0x3c, 0xe7, 0x3c, 0xe7, 0x3c, 0xe7, 0x3c, 0xe7, 0x3c, 0xe7, 0x3c, 0xef, 0x5d,
	0xd6, 0xba, 0x94, 0xd3, 0xc6, 0x39, 0x5b, 0x0c, 0xa5, 0x55, 0xc6, 0x59, 0xad, 0x96, 0xbe, 0x18,
	0xbe, 0x18, 0xc6, 0x39, 0x73, 0xcf, 0x10, 0xe4, 0x10, 0xc3, 0x08, 0xa2, 0x08, 0x82, 0x08, 0x62,
	0x00, 0x62, 0x00, 0x61, 0x08, 0xa2, 0x08, 0x82, 0x08, 0x82, 0x08, 0x82, 0x08, 0x62, 0x08, 0x82,
	0x08, 0x82, 0x08, 0x82, 0x08, 0x82, 0x08, 0x82, 0x08, 0x62, 0x08, 0x82, 0x08, 0x62, 0x08, 0x62,
	0x08, 0x62, 0x08, 0x62, 0x08, 0x62, 0x08, 0x62, 0x08, 0x62, 0x08, 0x62, 0x08, 0x62, 0x08, 0x82,
	0x08, 0x62, 0x08, 0x82, 0x08, 0x82, 0x08, 0x82, 0x08, 0x82, 0x08, 0x62, 0x08, 0x82, 0x08, 0x82,
	0x08, 0x82, 0x08, 0x82, 0x08, 0xa2, 0x10, 0xa2, 0x08, 0x82, 0x10, 0xa2, 0x10, 0xa2, 0x10, 0xa2,
	0x10, 0xa2, 0x10, 0xa2, 0x10, 0xc2, 0x10, 0xa2, 0x10, 0xa2, 0x10, 0xa2, 0x18, 0xc3, 0x21, 0x04,
	0x10, 0xa2, 0x08, 0x82, 0x29, 0x65, 0x21, 0x45, 0x00, 0x61, 0x29, 0x24, 0xa4, 0x4f, 0xcd, 0x52,
	0xbc, 0xcf, 0xc5, 0x31, 0xc5, 0x72, 0xbd, 0x11, 0xb4, 0xaf, 0x94, 0x0e, 0x83, 0xad, 0x7b, 0x6c,
	0x83, 0xcd, 0x29, 0x65, 0x00, 0x61, 0x08, 0x62, 0x08, 0x62, 0x08, 0x62, 0x08, 0x62, 0x08, 0x61,
	0x08, 0x82, 0x10, 0xa3, 0x08, 0x62, 0x10, 0xa2, 0x08, 0x82, 0x08, 0x62, 0x08, 0x61, 0x08, 0x62,
	0xd6, 0x9a, 0xd6, 0x9a, 0xd6, 0x9a, 0xd6, 0xba, 0xd6, 0xba, 0xd6, 0xba, 0xd6, 0xba, 0xde, 0xda,
	0xde, 0xda, 0xde, 0xda, 0xde, 0xdb, 0xde, 0xdb, 0xde, 0xfb, 0xde, 0xfb, 0xde, 0xfb, 0xde, 0xfb,
	0xde, 0xfb, 0xe6, 0xfb, 0xe7, 0x1b, 0xe7, 0x1b, 0xe7, 0x1c, 0xe7, 0x1c, 0xe7, 0x1c, 0xe7, 0x1c,
	0xe7, 0x3c, 0xe7, 0x3c, 0xe7, 0x3c, 0xe7, 0x3c, 0xe7, 0x3c, 0xe7, 0x3c, 0xe7, 0x3c, 0xef, 0x5d,
	0xce, 0x79, 0xb5, 0xd7, 0x73, 0xaf, 0x52, 0xcb, 0xce, 0x9a, 0xad, 0x76, 0x4a, 0x8a, 0xbd, 0xf8,
	0xc6, 0x38, 0xbe, 0x18, 0xbd, 0xf8, 0x8c, 0x92, 0x21, 0x66, 0x10, 0xc3, 0x08, 0xa3, 0x10, 0xa3,
	0x08, 0xa2, 0x08, 0xa2, 0x08, 0x82, 0x08, 0x82, 0x08, 0x82, 0x08, 0x82, 0x08, 0x82, 0x08, 0x82,
	0x08, 0x82, 0x08, 0x82, 0x08, 0x82, 0x08, 0x82, 0x08, 0x82, 0x08, 0x82, 0x08, 0x62, 0x08, 0x62,
	0x08, 0x82, 0x08, 0x82, 0x08, 0x82, 0x08, 0x82, 0x08, 0x82, 0x08, 0x82, 0x08, 0x62, 0x08, 0x82,
	0x08, 0x82, 0x08, 0x82, 0x08, 0x62, 0x00, 0x41, 0x00, 0x61, 0x08, 0x82, 0x08, 0x82, 0x08, 0x82,
	0x08, 0x82, 0x08, 0x82, 0x08, 0x82, 0x08, 0x82, 0x10, 0xa2, 0x08, 0xa2, 0x10, 0xa2, 0x10, 0xa2,
	0x10, 0xa2, 0x10, 0xa2, 0x18, 0xc3, 0x10, 0xa2, 0x10, 0xc3, 0x10, 0xa2, 0x39, 0xc6, 0x52, 0x89,
	0x31, 0x85, 0x08, 0x82, 0x18, 0xe3, 0x10, 0xe3, 0x00, 0x41, 0x62, 0x89, 0xc5, 0x52, 0xc5, 0x31,
	0xbc, 0xf0, 0xc5, 0x52, 0xc5, 0x52, 0xb4, 0xaf, 0x9c, 0x2d, 0x6a, 0xc9, 0x62, 0xca, 0x83, 0xcd,
	0x5a, 0xca, 0x29, 0x65, 0x08, 0x82, 0x08, 0x62, 0x08, 0x62, 0x08, 0x62, 0x08, 0x62, 0x08, 0x61,
	0x08, 0x82, 0x10, 0xa3, 0x10, 0xa2, 0x08, 0x82, 0x10, 0xa2, 0x08, 0x62, 0x08, 0x82, 0x10, 0xc3,
	0xd6, 0x9a, 0xd6, 0x9a, 0xd6, 0xba, 0xd6, 0xba, 0xd6, 0xba, 0xd6, 0xba, 0xde, 0xba, 0xde, 0xba,
	0xde, 0xda, 0xde, 0xda, 0xde, 0xdb, 0xde, 0xdb, 0xde, 0xfb, 0xde, 0xfb, 0xde, 0xfb, 0xde, 0xfb,
	0xe6, 0xfb, 0xe7, 0x1b, 0xe7, 0x1b, 0xe7, 0x1b, 0xe7, 0x1c, 0xe7, 0x1c, 0xe7, 0x1c, 0xe7, 0x1c,
	0xe7, 0x3c, 0xe7, 0x3c, 0xe7, 0x3c, 0xe7, 0x3c, 0xe7, 0x3c, 0xe7, 0x3c, 0xe7, 0x3c, 0xef, 0x5c,
	0xce, 0x79, 0x8c, 0x92, 0x21, 0x66, 0xa5, 0x55, 0xce, 0x7a, 0x94, 0xd3, 0x21, 0x66, 0xad, 0x75,
	0xc6, 0x39, 0xbe, 0x18, 0xbe, 0x18, 0xc6, 0x59, 0x6b, 0x8e, 0x08, 0xa2, 0x10, 0xa3, 0x08, 0x82,
	0x08, 0x82, 0x08, 0x82, 0x08, 0x82, 0x08, 0x82, 0x08, 0x82, 0x08, 0x82, 0x08, 0x82, 0x08, 0x82,
	0x08, 0x82, 0x08, 0x62, 0x08, 0x82, 0x08, 0x82, 0x08, 0x82, 0x08, 0x82, 0x08, 0x82, 0x08, 0x82,
	0x08, 0x82, 0x08, 0x82, 0x08, 0x82, 0x08, 0x82, 0x08, 0x82, 0x08, 0x82, 0x08, 0x82, 0x08, 0x82,
	0x08, 0x62, 0x08, 0xa2, 0x10, 0xc3, 0x29, 0x65, 0x21, 0x25, 0x08, 0x82, 0x08, 0x82, 0x08, 0x82,
	0x08, 0x82, 0x08, 0x82, 0x08, 0x82, 0x08, 0x82, 0x10, 0xa2, 0x08, 0xa2, 0x10, 0xa2, 0x10, 0xa2,
	0x10, 0xa2, 0x10, 0xa2, 0x10, 0xa2, 0x10, 0x82, 0x10, 0xc3, 0x10, 0xa2, 0x21, 0x24, 0x42, 0x07,
	0x4a, 0x48, 0x19, 0x03, 0x08, 0x82, 0x00, 0x62, 0x21, 0x04, 0xa4, 0x4f, 0xcd, 0x92, 0xbc, 0xf0,
	0xc5, 0x31, 0xc5, 0x52, 0xbd, 0x11, 0xb4, 0xd0, 0xa4, 0x4e, 0x5a, 0x88, 0x39, 0xa5, 0x63, 0x2b,
	0x39, 0xc7, 0x10, 0xa3, 0x08, 0x82, 0x08, 0x62, 0x08, 0x62, 0x08, 0x62, 0x08, 0x61, 0x08, 0xa2,
	0x08, 0xa2, 0x19, 0x04, 0x18, 0xe3, 0x10, 0xa3, 0x10, 0xa2, 0x08, 0x62, 0x10, 0xc3, 0x29, 0x86,
	0xd6, 0x9a, 0xd6, 0x9a, 0xd6, 0xba, 0xd6, 0xba, 0xd6, 0xba, 0xd6, 0xba, 0xde, 0xba, 0xde, 0xba,
	0xde, 0xda, 0xde, 0xda, 0xde, 0xdb, 0xde, 0xdb, 0xde, 0xfb, 0xde, 0xfb, 0xde, 0xfb, 0xe6, 0xfb,
	0xe7, 0x1b, 0xe6, 0xfb, 0xe7, 0x1b, 0xe7, 0x1b, 0xe7, 0x1c, 0xe7, 0x1c, 0xe7, 0x1c, 0xe7, 0x3c,
	0xe7, 0x3c, 0xe7, 0x3c, 0xe7, 0x3c, 0xe7, 0x3c, 0xe7, 0x3c, 0xe7, 0x3c, 0xe7, 0x3c, 0xef, 0x5c,
	0xce, 0x58, 0x42, 0x49, 0x42, 0x6a, 0xc6, 0x39, 0xc6, 0x59, 0x5b, 0x2c, 0x00, 0x41, 0x7c, 0x10,
	0xce, 0x79, 0xbd, 0xf7, 0xbd, 0xf7, 0xc6, 0x59, 0x8c, 0x92, 0x08, 0x62, 0x08, 0x82, 0x08, 0x82,
	0x08, 0x82, 0x08, 0x82, 0x08, 0x82, 0x08, 0x82, 0x08, 0x82, 0x08, 0x82, 0x08, 0x82, 0x08, 0x82,
	0x08, 0x82, 0x08, 0x82, 0x08, 0x82, 0x08, 0x82, 0x08, 0x62, 0x08, 0x82, 0x08, 0x82, 0x08, 0x82,
	0x08, 0x62, 0x08, 0x82, 0x08, 0xa2, 0x08, 0x82, 0x08, 0x82, 0x08, 0x82, 0x08, 0x82, 0x08, 0x62,
	0x29, 0x65, 0x84, 0x30, 0x9c, 0xf3, 0xb5, 0x75, 0xad, 0x34, 0x39, 0xc7, 0x08, 0x62, 0x08, 0x82,
	0x08, 0x82, 0x08, 0x82, 0x08, 0x82, 0x08, 0xa2, 0x08, 0xa2, 0x10, 0xa2, 0x08, 0xa2, 0x10, 0xa2,
	0x10, 0xa2, 0x10, 0xa2, 0x10, 0xc3, 0x10, 0xa2, 0x10, 0xa2, 0x18, 0xc3, 0x08, 0x82, 0x10, 0x82,
	0x21, 0x24, 0x21, 0x24, 0x08, 0x82, 0x00, 0x41, 0x6a, 0xca, 0xcd, 0x72, 0xbc, 0xf0, 0xbc, 0xcf,
	0xcd, 0x73, 0xc5, 0x52, 0xbd, 0x11, 0xb4, 0xd0, 0x9c, 0x2e, 0x52, 0x68, 0x29, 0x64, 0x21, 0x24,
	0x10, 0xa2, 0x08, 0x62, 0x08, 0x62, 0x08, 0x62, 0x08, 0x62, 0x08, 0x62, 0x08, 0x62, 0x10, 0xa3,
	0x08, 0x62, 0x21, 0x24, 0x29, 0x65, 0x08, 0x82, 0x08, 0x61, 0x00, 0x41, 0x31, 0xc7, 0x6b, 0x6d,
	0xd6, 0x9a, 0xd6, 0x9a, 0xd6, 0xba, 0xd6, 0xba, 0xd6, 0xba, 0xde, 0xba, 0xde, 0xba, 0xde, 0xba,
	0xde, 0xba, 0xde, 0xda, 0xde, 0xdb, 0xde, 0xdb, 0xde, 0xfb, 0xde, 0xfb, 0xde, 0xfb, 0xe6, 0xfb,
	0xe7, 0x1b, 0xe7, 0x1b, 0xe7, 0x1b, 0xe7, 0x1b, 0xe7, 0x1c, 0xe7, 0x1c, 0xe7, 0x3c, 0xe7, 0x3c,
	0xe7, 0x3c, 0xe7, 0x3c, 0xe7, 0x3c, 0xe7, 0x3c, 0xe7, 0x3c, 0xe7, 0x3c, 0xe7, 0x1c, 0xf7, 0x7d,
	0xad, 0x55, 0x10, 0xe4, 0x6b, 0xaf, 0xc6, 0x59, 0xbe, 0x18, 0x52, 0xcb, 0x00, 0x62, 0x31, 0xc7,
	0xad, 0x96, 0xc6, 0x59, 0xbd, 0xf7, 0xb5, 0xb6, 0x52, 0xcb, 0x08, 0x82, 0x08, 0xa2, 0x08, 0xa2,
	0x08, 0x82, 0x08, 0x82, 0x08, 0x82, 0x08, 0x62, 0x08, 0x82, 0x08, 0x82, 0x08, 0x82, 0x08, 0x82,
	0x08, 0x82, 0x08, 0x82, 0x08, 0x82, 0x08, 0x82, 0x08, 0x82, 0x08, 0x82, 0x08, 0x82, 0x08, 0x82,
	0x10, 0xc3, 0x08, 0x82, 0x08, 0x62, 0x08, 0xa2, 0x08, 0x82, 0x10, 0xa2, 0x08, 0x62, 0x21, 0x45,
	0x9c, 0xf3, 0xbd, 0xb6, 0xbd, 0xd6, 0xbd, 0xb6, 0xbd, 0xd6, 0xa5, 0x34, 0x29, 0x65, 0x00, 0x41,
	0x08, 0x82, 0x08, 0x82, 0x08, 0x82, 0x00, 0x61, 0x08, 0x82, 0x08, 0x82, 0x08, 0x82, 0x08, 0x82,
	0x10, 0xa2, 0x10, 0xa2, 0x10, 0xc3, 0x10, 0xc2, 0x31, 0xa6, 0x4a, 0x68, 0x31, 0xc6, 0x29, 0x65,
	0x10, 0xa2, 0x08, 0xa2, 0x08, 0x82, 0x39, 0x65, 0xb4, 0xb0, 0xcd, 0x72, 0xbc, 0xaf, 0xc5, 0x31,
	0xc5, 0x72, 0xbd, 0x11, 0xbc, 0xf1, 0xac, 0xaf, 0x94, 0x0d, 0x52, 0x48, 0x31, 0x85, 0x18, 0xc3,
	0x08, 0x61, 0x08, 0x62, 0x08, 0x62, 0x08, 0x82, 0x08, 0x62, 0x08, 0x61, 0x08, 0x82, 0x08, 0x82,
	0x10, 0xa2, 0x42, 0x07, 0x21, 0x24, 0x00, 0x41, 0x08, 0x82, 0x00, 0x41, 0x7b, 0xad, 0x42, 0x28,
	0xd6, 0x99, 0xd6, 0x9a, 0xd6, 0xba, 0xd6, 0xba, 0xd6, 0xba, 0xde, 0xba, 0xde, 0xba, 0xde, 0xba,
	0xde, 0xda, 0xde, 0xda, 0xde, 0xdb, 0xde, 0xdb, 0xde, 0xfb, 0xde, 0xfb, 0xde, 0xfb, 0xe6, 0xfb,
	0xe7, 0x1b, 0xe7, 0x1b, 0xe7, 0x1b, 0xe7, 0x1b, 0xe7, 0x1c, 0xe7, 0x1c, 0xe7, 0x3c, 0xe7, 0x3c,
	0xe7, 0x3c, 0xe7, 0x3c, 0xe7, 0x3c, 0xe7, 0x3c, 0xe7, 0x3c, 0xe7, 0x3c, 0xe7, 0x1c, 0xf7, 0x9d,
	0x9c, 0xf3, 0x10, 0xe3, 0x73, 0xaf, 0xd6, 0xdb, 0xad, 0x75, 0x19, 0x04, 0x10, 0xe3, 0x08, 0xa3,
	0x21, 0x66, 0x4a, 0x8a, 0x39, 0xe8, 0x21, 0x45, 0x08, 0x82, 0x08, 0xa2, 0x10, 0xa3, 0x08, 0x82,
	0x08, 0x82, 0x08, 0x82, 0x08, 0x82, 0x08, 0x82, 0x08, 0x82, 0x08, 0x82, 0x08, 0x62, 0x08, 0x82,
	0x08, 0x82, 0x08, 0x82, 0x08, 0x82, 0x08, 0x82, 0x08, 0x82, 0x08, 0x82, 0x5a, 0xeb, 0x9c, 0xd3,
	0x9d, 0x13, 0x6b, 0x6d, 0x21, 0x25, 0x08, 0x62, 0x08, 0x82, 0x08, 0x82, 0x00, 0x61, 0x5a, 0xcb,
	0xbd, 0xb6, 0xb5, 0xb6, 0xb5, 0x95, 0xb5, 0x75, 0xb5, 0x95, 0x94, 0xb2, 0x19, 0x04, 0x08, 0x62,
	0x08, 0x82, 0x08, 0x62, 0x08, 0x82, 0x29, 0x86, 0x10, 0xc3, 0x10, 0xc3, 0x08, 0x61, 0x08, 0xa2,
	0x08, 0xa2, 0x10, 0xa2, 0x10, 0xa2, 0x10, 0xa2, 0x39, 0xe6, 0x4a, 0x48, 0x42, 0x07, 0x31, 0xa6,
	0x29, 0x65, 0x08, 0xa2, 0x10, 0x82, 0x93, 0xcd, 0xcd, 0x72, 0xb4, 0xaf, 0xbd, 0x10, 0xc5, 0x72,
	0xbd, 0x31, 0xbc, 0xf1, 0xac, 0xb0, 0xa4, 0x4e, 0x7b, 0x4b, 0x29, 0x64, 0x10, 0xc3, 0x10, 0xa2,
	0x08, 0x62, 0x08, 0x62, 0x08, 0x62, 0x08, 0x62, 0x08, 0x62, 0x08, 0x62, 0x08, 0x62, 0x00, 0x61,
	0x31, 0xa6, 0x52, 0xaa, 0x08, 0x62, 0x08, 0xa2, 0x08, 0x62, 0x52, 0x89, 0x73, 0x6c, 0x10, 0xc3,
	0xd6, 0x9a, 0xd6, 0x9a, 0xd6, 0xba, 0xd6, 0xba, 0xd6, 0xba, 0xd6, 0xba, 0xde, 0xba, 0xde, 0xda,
	0xde, 0xda, 0xde, 0xda, 0xde, 0xdb, 0xde, 0xfb, 0xde, 0xfb, 0xde, 0xfb, 0xe6, 0xfb, 0xe6, 0xfb,
	0xe6, 0xfb, 0xe7, 0x1b, 0xe7, 0x1b, 0xe7, 0x1b, 0xe7, 0x1c, 0xe7, 0x1c, 0xe7, 0x1c, 0xe7, 0x3c,
	0xe7, 0x3c, 0xe7, 0x3c, 0xe7, 0x3c, 0xe7, 0x3c, 0xe7, 0x3c, 0xe7, 0x3c, 0xe7, 0x3c, 0xf7, 0x7d,
	0x9c, 0xf3, 0x08, 0xc3, 0x73, 0xaf, 0xad, 0x75, 0x42, 0x49, 0x08, 0x82, 0x10, 0xa3, 0x08, 0xa2,
	0x08, 0x62, 0x00, 0x41, 0x00, 0x61, 0x08, 0x82, 0x10, 0xa3, 0x08, 0x82, 0x08, 0xa2, 0x08, 0x82,
	0x08, 0x82, 0x08, 0x82, 0x08, 0x82, 0x08, 0x82, 0x08, 0x82, 0x08, 0x82, 0x08, 0x82, 0x08, 0x82,
	0x08, 0x82, 0x08, 0x82, 0x08, 0x82, 0x08, 0x82, 0x08, 0x62, 0x39, 0xe8, 0xad, 0x55, 0xc6, 0x17,
	0xbd, 0xf7, 0xbd, 0xf7, 0xa5, 0x34, 0x52, 0xaa, 0x00, 0x41, 0x08, 0xa2, 0x08, 0x82, 0x6b, 0x8e,
	0xbd, 0xd6, 0xb5, 0x95, 0xbd, 0xd6, 0xb5, 0x95, 0xbd, 0xd6, 0x52, 0x8a, 0x00, 0x41, 0x10, 0xa3,
	0x08, 0x62, 0x29, 0x65, 0x73, 0xae, 0xad, 0x54, 0x94, 0x91, 0x9c, 0xd2, 0x4a, 0x69, 0x08, 0x61,
	0x10, 0xa2, 0x08, 0x82, 0x08, 0x82, 0x08, 0x82, 0x29, 0x44, 0x39, 0xe7, 0x31, 0xc6, 0x19, 0x04,
	0x10, 0xc3, 0x00, 0x41, 0x5a, 0x69, 0xcd, 0x72, 0xbd, 0x10, 0xb4, 0xaf, 0xc5, 0x31, 0xc5, 0x31,
	0xb4, 0xd0, 0xac, 0x8f, 0xac, 0xaf, 0x94, 0x0e, 0x5a, 0x89, 0x21, 0x03, 0x10, 0xa2, 0x08, 0x61,
	0x08, 0x62, 0x08, 0x62, 0x08, 0x62, 0x08, 0x62, 0x00, 0x41, 0x10, 0xa3, 0x18, 0xe3, 0x10, 0xc3,
	0x4a, 0x48, 0x4a, 0x48, 0x10, 0xc3, 0x19, 0x04, 0x42, 0x28, 0x83, 0xef, 0x4a, 0x69, 0x10, 0xa3,
	0xd6, 0x9a, 0xd6, 0x9a, 0xd6, 0x9a, 0xd6, 0xba, 0xd6, 0xba, 0xd6, 0xba, 0xde, 0xba, 0xde, 0xda,
	0xde, 0xda, 0xde, 0xdb, 0xde, 0xdb, 0xde, 0xfb, 0xde, 0xfb, 0xde, 0xfb, 0xe6, 0xfb, 0xe6, 0xfb,
	0xe7, 0x1b, 0xe7, 0x1b, 0xe7, 0x1b, 0xe7, 0x1c, 0xe7, 0x1c, 0xe7, 0x1c, 0xe7, 0x1c, 0xe7, 0x3c,
	0xe7, 0x3c, 0xe7, 0x3c, 0xe7, 0x3c, 0xe7, 0x3c, 0xe7, 0x3c, 0xe7, 0x3c, 0xe7, 0x3c, 0xf7, 0x7d,
	0xa5, 0x13, 0x19, 0x45, 0x31, 0xc7, 0x10, 0xe4, 0x00, 0x62, 0x10, 0xa3, 0x08, 0x82, 0x08, 0x82,
	0x21, 0x65, 0x31, 0xc7, 0x19, 0x04, 0x08, 0xa2, 0x08, 0xa2, 0x08, 0x82, 0x08, 0x82, 0x08, 0xa2,
	0x08, 0x82, 0x08, 0x82, 0x08, 0x82, 0x08, 0x82, 0x08, 0x82, 0x08, 0x82, 0x08, 0x82, 0x08, 0x82,
	0x08, 0x82, 0x08, 0x82, 0x08, 0x82, 0x08, 0x82, 0x00, 0x41, 0x6b, 0x8e, 0xb5, 0xb6, 0xa5, 0x34,
	0xb5, 0x75, 0xb5, 0x95, 0xc5, 0xf7, 0xad, 0x34, 0x31, 0xc7, 0x00, 0x21, 0x21, 0x24, 0xa5, 0x13,
	0xb5, 0xb6, 0xb5, 0x95, 0xb5, 0x95, 0xbd, 0xb6, 0xa5, 0x13, 0x19, 0x04, 0x00, 0x61, 0x00, 0x41,
	0x63, 0x2c, 0x9c, 0xf2, 0xbd, 0xd6, 0xbd, 0xb5, 0xbd, 0xd6, 0xce, 0x38, 0x73, 0x8d, 0x00, 0x41,
	0x10, 0xa2, 0x08, 0x82, 0x08, 0xa2, 0x10, 0xa2, 0x10, 0xa2, 0x10, 0xc3, 0x10, 0xc3, 0x08, 0x82,
	0x00, 0x41, 0x31, 0x65, 0xb4, 0xd0, 0xc5, 0x51, 0xb4, 0xaf, 0xb4, 0xaf, 0xc5, 0x32, 0xc5, 0x52,
	0xbd, 0x31, 0xac, 0x8f, 0x9c, 0x4e, 0x83, 0xac, 0x4a, 0x48, 0x21, 0x04, 0x18, 0xe3, 0x08, 0x62,
	0x08, 0x62, 0x08, 0x62, 0x08, 0x62, 0x08, 0x62, 0x08, 0x82, 0x08, 0x82, 0x19, 0x04, 0x31, 0xa6,
	0x52, 0xaa, 0x29, 0x65, 0x31, 0xa6, 0x4a, 0x69, 0x6b, 0x4c, 0x7b, 0xae, 0x31, 0xa6, 0x00, 0x61,
	0xd6, 0x9a, 0xd6, 0x9a, 0xd6, 0xba, 0xd6, 0xba, 0xd6, 0xba, 0xd6, 0xba, 0xde, 0xba, 0xde, 0xda,
	0xde, 0xda, 0xde, 0xdb, 0xde, 0xdb, 0xde, 0xfb, 0xde, 0xfb, 0xde, 0xfb, 0xde, 0xfb, 0xe6, 0xfb,
	0xe7, 0x1b, 0xe7, 0x1b, 0xe7, 0x1b, 0xe7, 0x1c, 0xe7, 0x1c, 0xe7, 0x1c, 0xe7, 0x3c, 0xe7, 0x3c,
	0xe7, 0x3c, 0xe7, 0x3c, 0xe7, 0x3c, 0xe7, 0x3c, 0xe7, 0x3c, 0xe7, 0x3c, 0xe7, 0x1c, 0xf7, 0x7d,
	0xa5, 0x13, 0x19, 0x25, 0x19, 0x04, 0x10, 0xc3, 0x10, 0xe4, 0x10, 0xc3, 0x10, 0xa3, 0x21, 0x45,
	0x32, 0x08, 0x3a, 0x08, 0x29, 0x86, 0x08, 0x82, 0x08, 0x82, 0x08, 0x62, 0x08, 0x82, 0x08, 0x62,
	0x08, 0x82, 0x08, 0x82, 0x08, 0x82, 0x08, 0x82, 0x08, 0x82, 0x08, 0x82, 0x08, 0x62, 0x00, 0x61,
	0x00, 0x61, 0x00, 0x41, 0x08, 0x82, 0x08, 0x82, 0x08, 0x62, 0x29, 0x66, 0x94, 0xb2, 0xb5, 0x95,
	0xad, 0x54, 0xad, 0x54, 0xad, 0x75, 0xbd, 0xd6, 0xad, 0x75, 0x42, 0x28, 0x00, 0x21, 0x94, 0x91,
	0xc5, 0xf7, 0xb5, 0xb5, 0xbd, 0xb6, 0xbd, 0xf7, 0x6b, 0x4d, 0x00, 0x41, 0x19, 0x24, 0x63, 0x2c,
	0xb5, 0x95, 0xbd, 0xb6, 0xb5, 0x75, 0xb5, 0x95, 0xbd, 0xb6, 0xad, 0x54, 0x31, 0xa6, 0x08, 0x62,
	0x08, 0x82, 0x08, 0x82, 0x08, 0x82, 0x08, 0x82, 0x08, 0x82, 0x08, 0x62, 0x08, 0x62, 0x08, 0x82,
	0x10, 0xa2, 0x93, 0xed, 0xcd, 0x92, 0xb4, 0xaf, 0xb4, 0xaf, 0xc5, 0x52, 0xbd, 0x31, 0xbd, 0x11,
	0xb4, 0xf0, 0xa4, 0x6f, 0x93, 0xed, 0x73, 0x4b, 0x39, 0xe6, 0x08, 0x82, 0x08, 0x62, 0x08, 0x82,
	0x08, 0x62, 0x08, 0x62, 0x08, 0x62, 0x08, 0x62, 0x08, 0xa2, 0x08, 0x82, 0x18, 0xe3, 0x63, 0x0b,
	0x52, 0x89, 0x29, 0x65, 0x42, 0x07, 0x63, 0x0b, 0x84, 0x0f, 0x4a, 0x69, 0x19, 0x04, 0x29, 0x44,
	0xd6, 0x9a, 0xd6, 0x9a, 0xd6, 0x9a, 0xd6, 0xba, 0xd6, 0xba, 0xd6, 0xba, 0xde, 0xba, 0xde, 0xda,
	0xde, 0xda, 0xde, 0xdb, 0xde, 0xdb, 0xde, 0xfb, 0xde, 0xfb, 0xde, 0xfb, 0xe6, 0xfb, 0xe7, 0x1b,
	0xe7, 0x1b, 0xe7, 0x1b, 0xe7, 0x1b, 0xe7, 0x1c, 0xe7, 0x1c, 0xe7, 0x1c, 0xe7, 0x1c, 0xe7, 0x1c,
	0xe7, 0x3c, 0xe7, 0x3c, 0xe7, 0x3c, 0xe7, 0x3c, 0xe7, 0x3c, 0xe7, 0x3c, 0xe7, 0x1c, 0xef, 0x7d,
	0x84, 0x50, 0x19, 0x04, 0x19, 0x25, 0x29, 0xc7, 0x31, 0xc7, 0x10, 0xa3, 0x10, 0xa3, 0x29, 0xa6,
	0x31, 0xc7, 0x29, 0xa6, 0x18, 0xe4, 0x08, 0x82, 0x10, 0xe4, 0x19, 0x24, 0x21, 0x45, 0x10, 0xc3,
	0x08, 0x82, 0x08, 0x82, 0x08, 0x82, 0x08, 0x82, 0x08, 0xa2, 0x08, 0x62, 0x10, 0xc3, 0x21, 0x65,
	0x21, 0x65, 0x29, 0xa6, 0x10, 0xc3, 0x08, 0xa2, 0x00, 0x41, 0x00, 0x21, 0x21, 0x25, 0x9c, 0xd2,
	0xb5, 0x95, 0xbd, 0xd6, 0xbd, 0xd6, 0xbd, 0xb6, 0xbd, 0xd6, 0xb5, 0x95, 0x31, 0xc7, 0x63, 0x4c,
	0xc6, 0x17, 0xb5, 0xb6, 0xbd, 0xd6, 0x94, 0xb2, 0x10, 0xa2, 0x29, 0x65, 0x94, 0x91, 0xbd, 0xd6,
	0xb5, 0x95, 0xb5, 0x95, 0xbd, 0xb5, 0xb5, 0xb5, 0xa5, 0x34, 0x4a, 0x69, 0x08, 0x61, 0x08, 0x82,
	0x08, 0x82, 0x08, 0xa2, 0x08, 0xa2, 0x08, 0x82, 0x08, 0x82, 0x08, 0x82, 0x08, 0xa2, 0x08, 0x82,
	0x6a, 0xea, 0xc5, 0x31, 0xbc, 0xf0, 0xb4, 0x8e, 0xbd, 0x11, 0xc5, 0x32, 0xbd, 0x31, 0xb4, 0xd0,
	0xac, 0x8f, 0x9c, 0x4e, 0x8b, 0xed, 0x73, 0x4b, 0x39, 0xe7, 0x21, 0x24, 0x08, 0x62, 0x08, 0x62,
	0x08, 0x62, 0x08, 0x62, 0x08, 0x62, 0x08, 0x62, 0x08, 0x62, 0x19, 0x04, 0x4a, 0x69, 0x84, 0x0f,
	0x4a, 0x68, 0x21, 0x24, 0x5a, 0xca, 0x84, 0x0f, 0x83, 0xee, 0x39, 0xc6, 0x19, 0x04, 0x5a, 0x89,
	0xd6, 0x9a, 0xd6, 0x9a, 0xd6, 0xba, 0xd6, 0xba, 0xd6, 0xba, 0xd6, 0xba, 0xde, 0xba, 0xde, 0xda,
	0xde, 0xda, 0xde, 0xdb, 0xde, 0xdb, 0xde, 0xfb, 0xde, 0xfb, 0xde, 0xfb, 0xe6, 0xfb, 0xe6, 0xfb,
	0xe7, 0x1b, 0xe7, 0x1b, 0xe7, 0x1b, 0xe7, 0x1c, 0xe7, 0x1c, 0xe7, 0x1c, 0xe7, 0x1c, 0xe7, 0x3c,
	0xe7, 0x3c, 0xe7, 0x3c, 0xe7, 0x3c, 0xe7, 0x3c, 0xe7, 0x3c, 0xe7, 0x3c, 0xe7, 0x3c, 0xf7, 0x7d,
	0x84, 0x50, 0x10, 0xe4, 0x19, 0x04, 0x3a, 0x29, 0x31, 0xe8, 0x29, 0xa6, 0x10, 0xa3, 0x21, 0x66,
	0x31, 0xc7, 0x21, 0x66, 0x10, 0xa3, 0x19, 0x25, 0x29, 0x86, 0x29, 0x86, 0x29, 0x86, 0x29, 0x65,
	0x10, 0xa3, 0x08, 0x82, 0x08, 0x82, 0x08, 0x82, 0x08, 0x82, 0x10, 0xc3, 0x7b, 0xef, 0xad, 0x75,
	0xad, 0x75, 0xad, 0x75, 0x94, 0x92, 0x73, 0x8e, 0x4a, 0x8a, 0x5b, 0x0c, 0x29, 0x65, 0x31, 0xc7,
	0x31, 0xc7, 0x6b, 0x6d, 0xa5, 0x34, 0xbd, 0xf7, 0xb5, 0x95, 0xb5, 0xb6, 0x9c, 0xf3, 0x94, 0xb2,
	0xb5, 0xb6, 0xb5, 0x95, 0xb5, 0x95, 0x4a, 0x69, 0x21, 0x45, 0x9c, 0xd2, 0xb5, 0xb6, 0xbd, 0xd6,
	0xbd, 0xd6, 0xbd, 0xd6, 0xbd, 0xd6, 0x73, 0x8d, 0x21, 0x44, 0x08, 0x82, 0x08, 0x82, 0x08, 0x82,
	0x08, 0x82, 0x08, 0x82, 0x08, 0x82, 0x08, 0x82, 0x08, 0x82, 0x08, 0x82, 0x00, 0x41, 0x39, 0xa6,
	0xbd, 0x32, 0xc5, 0x31, 0xac, 0x4d, 0xb4, 0xd0, 0xc5, 0x72, 0xbd, 0x31, 0xb4, 0xd0, 0xac, 0xaf,
	0xac, 0x6f, 0x9c, 0x4f, 0x8b, 0xee, 0x62, 0xea, 0x21, 0x24, 0x19, 0x03, 0x08, 0x82, 0x08, 0x62,
	0x08, 0x62, 0x00, 0x61, 0x08, 0x82, 0x29, 0x65, 0x00, 0x41, 0x21, 0x24, 0x6b, 0x4c, 0x83, 0xee,
	0x4a, 0x48, 0x29, 0x65, 0x94, 0x50, 0x63, 0x0b, 0x73, 0x6c, 0x21, 0x44, 0x29, 0x65, 0x5a, 0xca,
	0xd6, 0x9a, 0xd6, 0x9a, 0xd6, 0xba, 0xd6, 0xba, 0xd6, 0xba, 0xd6, 0xba, 0xde, 0xda, 0xde, 0xda,
	0xde, 0xda, 0xde, 0xdb, 0xde, 0xfb, 0xde, 0xfb, 0xde, 0xfb, 0xde, 0xfb, 0xe6, 0xfb, 0xe7, 0x1b,
	0xe7, 0x1b, 0xe7, 0x1b, 0xe7, 0x1c, 0xe7, 0x1b, 0xe7, 0x1c, 0xe7, 0x1c, 0xe7, 0x1c, 0xe7, 0x3c,
	0xe7, 0x3c, 0xe7, 0x3c, 0xe7, 0x3c, 0xe7, 0x3c, 0xe7, 0x3c, 0xe7, 0x3c, 0xe7, 0x1c, 0xf7, 0x7d,
	0x8c, 0x51, 0x10, 0xe4, 0x10, 0xe4, 0x21, 0x66, 0x3a, 0x08, 0x3a, 0x29, 0x19, 0x04, 0x19, 0x24,
	0x31, 0xe7, 0x21, 0x45, 0x19, 0x25, 0x31, 0xe8, 0x31, 0xe7, 0x29, 0xa6, 0x21, 0x65, 0x19, 0x04,
	0x08, 0x82, 0x08, 0x62, 0x08, 0x62, 0x08, 0x62, 0x08, 0x62, 0x08, 0xa2, 0x94, 0xb2, 0xbd, 0xd6,
	0xb5, 0x96, 0xbd, 0xd6, 0xbd, 0xf7, 0xbd, 0xf7, 0xbd, 0xf7, 0xbd, 0xf7, 0xbd, 0xd6, 0xa5, 0x13,
	0x84, 0x50, 0x42, 0x49, 0x31, 0xa6, 0x63, 0x2c, 0xad, 0x75, 0xbd, 0xd7, 0xbd, 0xf7, 0xbd, 0xf7,
	0xb5, 0xb6, 0xbd, 0xb6, 0xb5, 0x95, 0x7b, 0xef, 0xa5, 0x13, 0xbd, 0xf7, 0xbd, 0xd6, 0xb5, 0xb6,
	0xad, 0x34, 0x8c, 0x50, 0x42, 0x08, 0x08, 0x61, 0x00, 0x41, 0x00, 0x41, 0x08, 0x62, 0x08, 0x82,
	0x08, 0x82, 0x08, 0x82, 0x08, 0x82, 0x08, 0x82, 0x08, 0x82, 0x00, 0x41, 0x20, 0xe3, 0xa4, 0x6f,
	0xbd, 0x10, 0xb4, 0xcf, 0xb4, 0xaf, 0xbd, 0x31, 0xbd, 0x11, 0xbd, 0x32, 0xbd, 0x31, 0xbd, 0x11,
	0xb4, 0xf1, 0xa4, 0x90, 0x8b, 0xed, 0x5a, 0xca, 0x18, 0xc3, 0x08, 0x62, 0x08, 0x62, 0x08, 0x62,
	0x08, 0x62, 0x08, 0x62, 0x08, 0x62, 0x21, 0x24, 0x19, 0x04, 0x29, 0x65, 0x73, 0x6d, 0x8c, 0x2f,
	0x31, 0xa6, 0x62, 0xeb, 0x94, 0x70, 0x42, 0x07, 0x8c, 0x0f, 0x19, 0x03, 0x5a, 0xa9, 0xa4, 0xd1,
	0xd6, 0x9a, 0xd6, 0xba, 0xd6, 0xba, 0xd6, 0xba, 0xd6, 0xba, 0xd6, 0xba, 0xde, 0xda, 0xde, 0xda,
	0xde, 0xdb, 0xde, 0xfb, 0xde, 0xfb, 0xde, 0xfb, 0xde, 0xfb, 0xe6, 0xfb, 0xe7, 0x1b, 0xe7, 0x1b,
	0xe7, 0x1b, 0xe7, 0x1b, 0xe7, 0x1c, 0xe7, 0x1c, 0xe7, 0x1c, 0xe7, 0x1c, 0xe7, 0x1c, 0xe7, 0x3c,
	0xe7, 0x3c, 0xe7, 0x3c, 0xe7, 0x3c, 0xe7, 0x3c, 0xe7, 0x3c, 0xe7, 0x3c, 0xe7, 0x1c, 0xf7, 0x7d,
	0x9c, 0xf3, 0x19, 0x25, 0x21, 0x66, 0x10, 0xe3, 0x10, 0xe4, 0x29, 0xa6, 0x29, 0x86, 0x29, 0x86,
	0x31, 0xe8, 0x21, 0x45, 0x29, 0x86, 0x29, 0x86, 0x21, 0x66, 0x19, 0x04, 0x10, 0xa3, 0x08, 0x62,
	0x08, 0x82, 0x08, 0x62, 0x08, 0x82, 0x08, 0x82, 0x08, 0x82, 0x00, 0x41, 0x73, 0xae, 0xc6, 0x18,
	0xb5, 0xb6, 0xbd, 0xd7, 0xbd, 0xd6, 0xbd, 0xd7, 0xbd, 0xd7, 0xc6, 0x17, 0xc6, 0x38, 0xce, 0x58,
	0xce, 0x79, 0xc6, 0x17, 0xad, 0x55, 0x7c, 0x0f, 0xa4, 0xf3, 0xbd, 0xd7, 0xbd, 0xf7, 0xb5, 0xb6,
	0xbd, 0xb6, 0xbd, 0xd6, 0xbd, 0xb6, 0xbd, 0xd6, 0xbd, 0xd6, 0x9c, 0xd3, 0x84, 0x10, 0x42, 0x08,
	0x21, 0x45, 0x21, 0x24, 0x29, 0x86, 0x29, 0x86, 0x21, 0x24, 0x29, 0x86, 0x10, 0xc3, 0x10, 0xc3,
	0x00, 0x41, 0x08, 0x62, 0x08, 0x82, 0x08, 0x82, 0x08, 0x62, 0x08, 0x62, 0x8b, 0xad, 0xcd, 0x72,
	0xb4, 0x8e, 0xac, 0x4d, 0xbc, 0xf0, 0xc5, 0x52, 0xc5, 0x52, 0xbd, 0x11, 0xbd, 0x11, 0xb5, 0x11,
	0xb4, 0xf1, 0xa4, 0x90, 0x7b, 0x8c, 0x29, 0x65, 0x10, 0xc3, 0x08, 0x82, 0x08, 0x62, 0x08, 0x62,
	0x08, 0x62, 0x00, 0x61, 0x10, 0xa2, 0x19, 0x04, 0x21, 0x24, 0x42, 0x07, 0x84, 0x0f, 0x83, 0xce,
	0x39, 0xe7, 0x8c, 0x2f, 0x94, 0x70, 0x63, 0x0b, 0xa4, 0xb1, 0x4a, 0x28, 0x83, 0xed, 0xad, 0x33,
	0xd6, 0x9a, 0xd6, 0xba, 0xd6, 0xba, 0xd6, 0xba, 0xd6, 0xba, 0xde, 0xba, 0xde, 0xda, 0xde, 0xda,
	0xde, 0xdb, 0xde, 0xdb, 0xde, 0xfb, 0xde, 0xfb, 0xde, 0xfb, 0xe7, 0x1b, 0xe7, 0x1b, 0xe7, 0x1b,
	0xe7, 0x1b, 0xe7, 0x1b, 0xe7, 0x1b, 0xe7, 0x1c, 0xe7, 0x1c, 0xe7, 0x1c, 0xe7, 0x1c, 0xe7, 0x3c,
	0xe7, 0x3c, 0xe7, 0x3c, 0xe7, 0x3c, 0xe7, 0x3c, 0xe7, 0x3c, 0xe7, 0x3c, 0xe7, 0x1c, 0xf7, 0x9d,
	0xad, 0x75, 0x31, 0xc7, 0x4a, 0x8a, 0x31, 0xe7, 0x29, 0x86, 0x19, 0x25, 0x29, 0x86, 0x31, 0xc7,
	0x29, 0x66, 0x21, 0x66, 0x29, 0x86, 0x19, 0x04, 0x19, 0x24, 0x10, 0xa3, 0x08, 0x82, 0x08, 0xa2,
	0x08, 0x82, 0x08, 0x62, 0x08, 0x62, 0x08, 0x82, 0x08, 0x82, 0x08, 0x62, 0x29, 0x86, 0x6b, 0x6d,
	0x9c, 0xd3, 0x8c, 0x71, 0xa5, 0x14, 0xb5, 0x95, 0xad, 0x55, 0x9c, 0xf3, 0x94, 0xb2, 0x8c, 0x50,
	0x7b, 0xce, 0x6b, 0x8d, 0x63, 0x4c, 0x84, 0x0f, 0xb5, 0xb6, 0xb5, 0x75, 0xb5, 0x95, 0xb5, 0x95,
	0xb5, 0x75, 0xb5, 0x75, 0xb5, 0x75, 0xb5, 0x75, 0xb5, 0x75, 0x73, 0xae, 0x73, 0x8d, 0x84, 0x0f,
	0x9c, 0xb2, 0xa5, 0x13, 0xb5, 0x95, 0xa5, 0x13, 0x9c, 0xf3, 0xad, 0x54, 0x94, 0xb2, 0x84, 0x0f,
	0x4a, 0x69, 0x10, 0xa3, 0x08, 0x62, 0x08, 0x82, 0x00, 0x41, 0x6a, 0xea, 0xc5, 0x31, 0xb4, 0xaf,
	0xb4, 0x8f, 0xb4, 0xd0, 0xc5, 0x72, 0xb4, 0xf0, 0xb4, 0xf1, 0xbd, 0x11, 0xbd, 0x11, 0xb4, 0xf1,
	0xa4, 0x6f, 0x8b, 0xcd, 0x73, 0x4b, 0x29, 0x45, 0x00, 0x61, 0x08, 0x62, 0x08, 0x62, 0x08, 0x62,
	0x08, 0x62, 0x08, 0x62, 0x08, 0x62, 0x39, 0xc7, 0x31, 0xa6, 0x4a, 0x69, 0x8c, 0x50, 0x94, 0x70,
	0x62, 0xeb, 0x7b, 0xad, 0xb5, 0x33, 0x73, 0x6c, 0xac, 0xf2, 0x83, 0xad, 0x8b, 0xee, 0xa4, 0xd1,
	0xd6, 0xba, 0xd6, 0xba, 0xd6, 0xba, 0xd6, 0xba, 0xde, 0xda, 0xde, 0xda, 0xde, 0xda, 0xde, 0xda,
	0xde, 0xdb, 0xde, 0xdb, 0xde, 0xfb, 0xde, 0xfb, 0xe6, 0xfb, 0xe7, 0x1b, 0xe7, 0x1b, 0xe7, 0x1b,
	0xe7, 0x1b, 0xe7, 0x1c, 0xe7, 0x1c, 0xe7, 0x1c, 0xe7, 0x1c, 0xe7, 0x1c, 0xe7, 0x1c, 0xe7, 0x3c,
	0xe7, 0x1c, 0xe7, 0x3c, 0xe7, 0x1c, 0xe7, 0x3c, 0xe7, 0x3c, 0xe7, 0x3c, 0xe7, 0x1c, 0xef, 0x7d,
	0xad, 0x34, 0x29, 0xa6, 0x4a, 0xaa, 0x42, 0x49, 0x31, 0xe8, 0x29, 0x86, 0x29, 0x86, 0x29, 0x86,
	0x29, 0x66, 0x29, 0xa7, 0x29, 0xa7, 0x21, 0x45, 0x21, 0x45, 0x21, 0x45, 0x19, 0x45, 0x21, 0x25,
	0x19, 0x04, 0x10, 0xe3, 0x08, 0x82, 0x08, 0x82, 0x08, 0x62, 0x08, 0x82, 0x08, 0x62, 0x00, 0x41,
	0x19, 0x04, 0x10, 0xa3, 0x29, 0x65, 0x29, 0x86, 0x19, 0x04, 0x08, 0x62, 0x10, 0xe3, 0x3a, 0x08,
	0x42, 0x28, 0x52, 0xaa, 0x8c, 0x71, 0x9c, 0xd3, 0xb5, 0x96, 0xb5, 0x95, 0xb5, 0x75, 0xb5, 0x75,
	0xb5, 0x95, 0xb5, 0x95, 0xb5, 0x75, 0xb5, 0x75, 0xb5, 0x95, 0xc6, 0x17, 0xc6, 0x17, 0xc5, 0xf7,
	0xbd, 0xf7, 0xbd, 0xf7, 0xb5, 0xb6, 0xbd, 0xd6, 0xbd, 0xb6, 0xb5, 0x95, 0xb5, 0x95, 0xbd, 0xd6,
	0xa5, 0x13, 0x18, 0xe3, 0x08, 0x62, 0x00, 0x41, 0x49, 0xe7, 0xbd, 0x11, 0xbd, 0x10, 0xa4, 0x2d,
	0xac, 0x6e, 0xbd, 0x31, 0xbd, 0x31, 0xbd, 0x31, 0xb4, 0xf0, 0xb4, 0xd0, 0xa4, 0x6f, 0x93, 0xed,
	0x6a, 0xc9, 0x52, 0x27, 0x52, 0x68, 0x29, 0x45, 0x08, 0x62, 0x08, 0x62, 0x08, 0x62, 0x08, 0x82,
	0x08, 0x62, 0x08, 0x82, 0x00, 0x62, 0x21, 0x24, 0x42, 0x08, 0x5a, 0xca, 0x7b, 0xad, 0xa4, 0xf2,
	0x62, 0xeb, 0x62, 0xeb, 0xbd, 0x74, 0x8c, 0x0f, 0x9c, 0xb1, 0x9c, 0x70, 0x8b, 0xee, 0xa4, 0xd1,
	0xd6, 0x9a, 0xd6, 0xba, 0xd6, 0xba, 0xd6, 0xba, 0xd6, 0xba, 0xde, 0xda, 0xde, 0xda, 0xde, 0xda,
	0xde, 0xdb, 0xde, 0xdb, 0xde, 0xfb, 0xde, 0xfb, 0xe6, 0xfb, 0xe7, 0x1b, 0xe7, 0x1b, 0xe7, 0x1c,
	0xe7, 0x1b, 0xe7, 0x1c, 0xe7, 0x1c, 0xe7, 0x1c, 0xe7, 0x1c, 0xe7, 0x1c, 0xe7, 0x1c, 0xe7, 0x1c,
	0xe7, 0x1c, 0xe7, 0x1c, 0xe7, 0x3c, 0xe7, 0x3c, 0xe7, 0x3c, 0xe7, 0x3c, 0xe7, 0x1c, 0xef, 0x7d,
	0xbd, 0xd7, 0x29, 0x86, 0x3a, 0x28, 0x21, 0x65, 0x21, 0x45, 0x29, 0xa6, 0x31, 0xc7, 0x31, 0xe7,
	0x31, 0xe8, 0x29, 0x86, 0x29, 0x86, 0x29, 0xa6, 0x29, 0xa7, 0x29, 0x86, 0x21, 0x45, 0x21, 0x45,
	0x21, 0x45, 0x21, 0x45, 0x10, 0xc3, 0x08, 0x62, 0x08, 0x62, 0x08, 0x82, 0x08, 0x82, 0x08, 0x82,
	0x08, 0x62, 0x08, 0x82, 0x00, 0x00, 0x08, 0x82, 0x31, 0xc7, 0x73, 0xae, 0x8c, 0x50, 0xbd, 0xb6,
	0xbd, 0xd7, 0xbd, 0xf7, 0xc6, 0x17, 0xc6, 0x17, 0xbd, 0xb6, 0xbd, 0xd6, 0xbd, 0xd6, 0xbd, 0xb6,
	0xbd, 0xb6, 0xbd, 0xd6, 0xc6, 0x17, 0x84, 0x0f, 0x4a, 0x8a, 0x7b, 0xef, 0x8c, 0x50, 0x9c, 0xf3,
	0xb5, 0xb6, 0xb5, 0x75, 0xb5, 0xb6, 0xbd, 0xb6, 0xbd, 0xb6, 0xbd, 0xf6, 0xb5, 0xb6, 0xa5, 0x14,
	0x4a, 0x69, 0x08, 0x62, 0x00, 0x41, 0x31, 0x45, 0xb4, 0xf1, 0xbd, 0x10, 0xac, 0x4e, 0xac, 0x6e,
	0xb4, 0xd0, 0xbd, 0x11, 0xb4, 0xf0, 0xb4, 0xd0, 0xac, 0x8f, 0xa4, 0x6e, 0x9c, 0x2e, 0x72, 0xe9,
	0x41, 0xc5, 0x4a, 0x07, 0x19, 0x03, 0x00, 0x61, 0x08, 0x62, 0x08, 0x62, 0x08, 0x62, 0x10, 0xc3,
	0x08, 0xa2, 0x08, 0x62, 0x08, 0x62, 0x10, 0xa3, 0x42, 0x08, 0x73, 0x6d, 0x7b, 0xce, 0xad, 0x33,
	0x52, 0x89, 0x7b, 0xad, 0xa4, 0xf2, 0x9c, 0xb1, 0xb5, 0x33, 0xa4, 0xb1, 0x83, 0xad, 0xa4, 0xb1,
	0xd6, 0xba, 0xd6, 0xba, 0xd6, 0xba, 0xd6, 0xba, 0xd6, 0xba, 0xde, 0xda, 0xde, 0xda, 0xde, 0xdb,
	0xde, 0xdb, 0xde, 0xdb, 0xde, 0xfb, 0xde, 0xfb, 0xe6, 0xfb, 0xe7, 0x1b, 0xe7, 0x1b, 0xe7, 0x1c,
	0xe7, 0x1c, 0xe7, 0x1c, 0xe7, 0x1c, 0xe7, 0x1c, 0xe7, 0x1c, 0xe7, 0x1c, 0xe7, 0x1b, 0xe7, 0x1c,
	0xe7, 0x1c, 0xe7, 0x1c, 0xe7, 0x1c, 0xe7, 0x1c, 0xe7, 0x1c, 0xe7, 0x3c, 0xe7, 0x3c, 0xef, 0x5c,
	0xd6, 0xba, 0x31, 0xe7, 0x10, 0xe4, 0x10, 0xc3, 0x29, 0x86, 0x3a, 0x29, 0x3a, 0x28, 0x31, 0xe8,
	0x3a, 0x28, 0x29, 0x86, 0x10, 0xc3, 0x19, 0x04, 0x19, 0x25, 0x19, 0x25, 0x19, 0x24, 0x21, 0x65,
	0x21, 0x66, 0x19, 0x04, 0x08, 0x82, 0x08, 0x82, 0x08, 0x82, 0x08, 0x82, 0x08, 0x82, 0x08, 0x82,
	0x00, 0x61, 0x10, 0xc3, 0x52, 0xaa, 0x8c, 0x71, 0xb5, 0xb6, 0xbd, 0xf7, 0xc6, 0x17, 0xbd, 0xf7,
	0xbd, 0xf7, 0xc6, 0x17, 0xad, 0x75, 0x4a, 0x69, 0x8c, 0x50, 0xc6, 0x38, 0xbd, 0xd6, 0xbd, 0xd6,
	0xbd, 0xd6, 0xbd, 0xf7, 0xbd, 0xd6, 0xad, 0x75, 0x84, 0x30, 0x10, 0xc3, 0x00, 0x61, 0x18, 0xe3,
	0x3a, 0x08, 0x29, 0x86, 0x4a, 0x69, 0x3a, 0x08, 0x52, 0xca, 0x63, 0x0c, 0x39, 0xe7, 0x19, 0x04,
	0x08, 0x82, 0x00, 0x61, 0x18, 0xe3, 0xa4, 0x4f, 0xbd, 0x11, 0xb4, 0x8f, 0xa4, 0x2d, 0xbd, 0x11,
	0xbd, 0x31, 0xac, 0x8f, 0xac, 0xb0, 0xac, 0xb0, 0xa4, 0x6f, 0x9c, 0x4e, 0x8b, 0xac, 0x49, 0xe6,
	0x52, 0x27, 0x52, 0x68, 0x10, 0xa2, 0x08, 0x62, 0x08, 0x62, 0x08, 0x62, 0x08, 0x62, 0x08, 0x61,
	0x10, 0xc3, 0x10, 0xa3, 0x08, 0x62, 0x08, 0x82, 0x52, 0xaa, 0x84, 0x0f, 0x7b, 0xad, 0xac, 0xf2,
	0x83, 0xee, 0x8c, 0x0f, 0x94, 0x4f, 0x7b, 0x8d, 0xad, 0x33, 0xb5, 0x53, 0x8c, 0x0e, 0x9c, 0x70,
	0xd6, 0x9a, 0xd6, 0x9a, 0xd6, 0xba, 0xd6, 0xba, 0xd6, 0xba, 0xd6, 0xba, 0xde, 0xda, 0xde, 0xdb,
	0xde, 0xdb, 0xde, 0xdb, 0xde, 0xfb, 0xe6, 0xfb, 0xe6, 0xfb, 0xe7, 0x1b, 0xe7, 0x1b, 0xe7, 0x1c,
	0xe7, 0x1c, 0xe7, 0x1c, 0xe7, 0x1c, 0xe7, 0x1c, 0xe7, 0x1c, 0xe7, 0x1c, 0xe7, 0x1b, 0xe7, 0x1c,
	0xe7, 0x1c, 0xe7, 0x1c, 0xe7, 0x1c, 0xe7, 0x1c, 0xe7, 0x3c, 0xe7, 0x3c, 0xe7, 0x3c, 0xe7, 0x3c,
	0xef, 0x3c, 0x52, 0xca, 0x10, 0xe4, 0x29, 0xc7, 0x3a, 0x28, 0x3a, 0x29, 0x29, 0xa6, 0x31, 0xe7,
	0x31, 0xe7, 0x31, 0xc7, 0x29, 0x86, 0x19, 0x25, 0x10, 0xc3, 0x08, 0x62, 0x08, 0x82, 0x10, 0xc3,
	0x10, 0xc3, 0x10, 0xa3, 0x08, 0x82, 0x08, 0x62, 0x08, 0x82, 0x08, 0x82, 0x08, 0x82, 0x00, 0x61,
	0x21, 0x25, 0x7c, 0x10, 0xb5, 0xb6, 0xbd, 0xf7, 0xb5, 0xb6, 0xb5, 0xb6, 0xbd, 0xb6, 0xc5, 0xf7,
	0xad, 0x75, 0x8c, 0x71, 0x29, 0x86, 0x29, 0x66, 0xad, 0x75, 0xc5, 0xf7, 0xc5, 0xf7, 0xbd, 0xf6,
	0xc6, 0x17, 0xc5, 0xf7, 0xbd, 0xf7, 0xc5, 0xf7, 0xc5, 0xf7, 0x94, 0xb2, 0x4a, 0x69, 0x00, 0x41,
	0x00, 0x21, 0x08, 0x82, 0x08, 0x62, 0x00, 0x61, 0x00, 0x41, 0x00, 0x41, 0x00, 0x41, 0x00, 0x41,
	0x08, 0x62, 0x08, 0x82, 0x83, 0x8d, 0xc5, 0x52, 0xb4, 0xaf, 0xa4, 0x0d, 0xac, 0xaf, 0xbd, 0x11,
	0xbd, 0x31, 0xac, 0xaf, 0xa4, 0x4e, 0xa4, 0x8f, 0xa4, 0x4e, 0x9c, 0x2e, 0x6a, 0xe9, 0x39, 0x84,
	0x62, 0xc9, 0x42, 0x07, 0x08, 0x62, 0x08, 0x62, 0x08, 0x62, 0x08, 0x62, 0x08, 0x62, 0x08, 0x62,
	0x08, 0x62, 0x19, 0x04, 0x18, 0xe4, 0x00, 0x21, 0x52, 0x8a, 0x73, 0x6c, 0x8c, 0x2f, 0xb5, 0x53,
	0xa4, 0xd2, 0x8c, 0x4f, 0x94, 0x50, 0x5a, 0x89, 0x8b, 0xee, 0xad, 0x13, 0xad, 0x33, 0xa4, 0xd1,
	0xd6, 0x9a, 0xd6, 0x9a, 0xd6, 0xba, 0xd6, 0xba, 0xd6, 0xba, 0xd6, 0xba, 0xde, 0xda, 0xde, 0xdb,
	0xde, 0xdb, 0xde, 0xfb, 0xde, 0xfb, 0xde, 0xfb, 0xe6, 0xfb, 0xe7, 0x1b, 0xe7, 0x1b, 0xe7, 0x1c,
	0xe7, 0x1c, 0xe7, 0x1c, 0xe7, 0x1c, 0xe7, 0x1c, 0xe7, 0x1c, 0xe7, 0x1c, 0xe7, 0x1c, 0xe7, 0x1c,
	0xe7, 0x1c, 0xe7, 0x1c, 0xe7, 0x1c, 0xe7, 0x1c, 0xe7, 0x3c, 0xe7, 0x3c, 0xe7, 0x3c, 0xe7, 0x3c,
	0xef, 0x7d, 0x73, 0xae, 0x19, 0x45, 0x3a, 0x49, 0x42, 0x49, 0x29, 0x86, 0x21, 0x65, 0x3a, 0x49,
	0x29, 0x86, 0x29, 0x86, 0x31, 0xc7, 0x29, 0x86, 0x21, 0x45, 0x19, 0x04, 0x08, 0xa2, 0x08, 0x62,
	0x08, 0x62, 0x08, 0x82, 0x08, 0x82, 0x08, 0x82, 0x08, 0x82, 0x08, 0x82, 0x08, 0x82, 0x00, 0x41,
	0x29, 0x86, 0xbd, 0xf7, 0xbd, 0xd7, 0xbd, 0xd6, 0xbd, 0xd7, 0xbd, 0xd6, 0xa5, 0x34, 0x6b, 0x8d,
	0x31, 0xc7, 0x10, 0xc3, 0x08, 0xa2, 0x84, 0x50, 0xc6, 0x38, 0xbd, 0xf7, 0xc5, 0xf7, 0xbd, 0xd6,
	0x6b, 0x8d, 0x73, 0xce, 0xc6, 0x17, 0xbd, 0xd6, 0xbd, 0xf7, 0xc6, 0x38, 0xb5, 0x95, 0x73, 0x8e,
	0x31, 0xc7, 0x08, 0x82, 0x08, 0x82, 0x08, 0x82, 0x08, 0x82, 0x08, 0x82, 0x08, 0x82, 0x08, 0x82,
	0x00, 0x61, 0x62, 0xa9, 0xc5, 0x52, 0xbc, 0xf0, 0xac, 0x4e, 0xa4, 0x6e, 0xbd, 0x31, 0xbc, 0xf1,
	0xb4, 0xd0, 0xb4, 0xd0, 0xac, 0x8f, 0xa4, 0x8f, 0xa4, 0x6e, 0x93, 0xed, 0x4a, 0x06, 0x41, 0xe6,
	0x5a, 0x89, 0x18, 0xe3, 0x00, 0x62, 0x08, 0x82, 0x08, 0x62, 0x08, 0x62, 0x08, 0x62, 0x08, 0x62,
	0x08, 0x82, 0x08, 0x62, 0x10, 0xc3, 0x10, 0xc3, 0x42, 0x48, 0x7b, 0xce, 0xa4, 0xd2, 0xad, 0x12,
	0xa4, 0xf2, 0x9c, 0xb1, 0xa4, 0xd1, 0x8c, 0x0e, 0x8b, 0xed, 0x94, 0x70, 0xa4, 0xd2, 0xad, 0x12,
	0xd6, 0x9a, 0xd6, 0x9a, 0xd6, 0xba, 0xd6, 0xba, 0xd6, 0xba, 0xd6, 0xba, 0xde, 0xda, 0xde, 0xda,
	0xde, 0xdb, 0xde, 0xdb, 0xde, 0xfb, 0xde, 0xfb, 0xe7, 0x1b, 0xe7, 0x1b, 0xe7, 0x1b, 0xe7, 0x1b,
	0xe7, 0x1c, 0xe7, 0x1c, 0xe7, 0x1c, 0xe7, 0x1c, 0xe7, 0x1c, 0xe7, 0x1c, 0xe7, 0x1c, 0xe7, 0x1c,
	0xe7, 0x1c, 0xe7, 0x1c, 0xe7, 0x1c, 0xe7, 0x3c, 0xe7, 0x1c, 0xe7, 0x3c, 0xe7, 0x3c, 0xe7, 0x1c,
	0xf7, 0x7d, 0x94, 0xb2, 0x10, 0xe4, 0x42, 0x69, 0x31, 0xc7, 0x08, 0x82, 0x29, 0x86, 0x31, 0xe8,
	0x19, 0x24, 0x08, 0xa3, 0x29, 0x66, 0x29, 0x86, 0x21, 0x45, 0x21, 0x65, 0x19, 0x24, 0x08, 0xa2,
	0x08, 0x82, 0x08, 0x82, 0x08, 0x82, 0x08, 0x82, 0x08, 0x82, 0x08, 0x82, 0x08, 0x82, 0x08, 0x82,
	0x08, 0x82, 0x42, 0x49, 0x94, 0x92, 0xb5, 0x96, 0x9c, 0xf3, 0x5a, 0xcb, 0x19, 0x04, 0x08, 0x82,
	0x00, 0x41, 0x21, 0x45, 0x8c, 0x71, 0xbd, 0xb6, 0xc5, 0xf7, 0xc6, 0x17, 0xc5, 0xf7, 0xc6, 0x38,
	0x31, 0xa6, 0x21, 0x45, 0xbd, 0xb6, 0xbd, 0xd7, 0xbd, 0xf7, 0xbd, 0xf7, 0xbd, 0xf7, 0xc6, 0x17,
	0xb5, 0x96, 0x5a, 0xeb, 0x08, 0xa2, 0x08, 0x62, 0x08, 0x82, 0x08, 0x82, 0x08, 0x82, 0x00, 0x41,
	0x4a, 0x07, 0xbd, 0x32, 0xbc, 0xf0, 0xac, 0x4e, 0xac, 0x6e, 0xbd, 0x31, 0xb4, 0xd0, 0xac, 0xaf,
	0xac, 0x8f, 0xac, 0xd0, 0xb4, 0xd0, 0xa4, 0x6f, 0x9c, 0x2e, 0x7b, 0x2a, 0x39, 0x85, 0x52, 0x48,
	0x62, 0xa9, 0x18, 0xe3, 0x00, 0x61, 0x08, 0x62, 0x08, 0x62, 0x08, 0x62, 0x08, 0x62, 0x08, 0x82,
	0x08, 0x82, 0x08, 0x82, 0x00, 0x61, 0x10, 0xa2, 0x29, 0x86, 0x8c, 0x2f, 0xac, 0xf2, 0xa4, 0xf2,
	0x8c, 0x2f, 0xac, 0xf2, 0xad, 0x13, 0xad, 0x12, 0x9c, 0xb1, 0x94, 0x4f, 0x94, 0x4f, 0x9c, 0x90,
	0xd6, 0xba, 0xd6, 0x9a, 0xd6, 0xba, 0xd6, 0xba, 0xd6, 0xba, 0xd6, 0xba, 0xde, 0xdb, 0xde, 0xda,
	0xde, 0xdb, 0xde, 0xdb, 0xde, 0xfb, 0xde, 0xfb, 0xe6, 0xfb, 0xe7, 0x1b, 0xe7, 0x1c, 0xe7, 0x1b,
	0xe7, 0x1c, 0xe7, 0x1c, 0xe7, 0x1c, 0xe7, 0x1c, 0xe7, 0x1c, 0xe7, 0x1c, 0xe7, 0x1c, 0xe7, 0x1c,
	0xe7, 0x1c, 0xe7, 0x1c, 0xe7, 0x1c, 0xe7, 0x1c, 0xe7, 0x3c, 0xe7, 0x3c, 0xe7, 0x3c, 0xe7, 0x3c,
	0xef, 0x7d, 0xc6, 0x17, 0x21, 0x66, 0x29, 0xc7, 0x10, 0xe3, 0x08, 0x82, 0x29, 0x86, 0x3a, 0x08,
	0x21, 0x66, 0x08, 0x82, 0x19, 0x25, 0x29, 0x86, 0x21, 0x66, 0x29, 0x86, 0x21, 0x65, 0x08, 0x82,
	0x08, 0x62, 0x08, 0x82, 0x08, 0x82, 0x08, 0x82, 0x08, 0x82, 0x08, 0x82, 0x08, 0x62, 0x08, 0x82,
	0x08, 0x82, 0x08, 0x62, 0x18, 0xe4, 0x29, 0x65, 0x21, 0x24, 0x08, 0xa3, 0x08, 0x62, 0x08, 0x82,
	0x10, 0xa3, 0x6b, 0x6d, 0xc6, 0x38, 0xbd, 0xf7, 0xc5, 0xf7, 0xc6, 0x17, 0xce, 0x38, 0x94, 0xb2,
	0x29, 0x65, 0x08, 0xa2, 0x52, 0xaa, 0xbd, 0xf7, 0xbd, 0xd6, 0xb5, 0xb6, 0xbd, 0xd6, 0xbd, 0xb6,
	0xb5, 0xb6, 0xb5, 0xb6, 0x29, 0x86, 0x00, 0x62, 0x08, 0x82, 0x08, 0x82, 0x00, 0x41, 0x31, 0x85,
	0xac, 0xb0, 0xb4, 0xd0, 0xb4, 0xaf, 0xa4, 0x2d, 0xbd, 0x11, 0xc5, 0x52, 0xac, 0x8f, 0x9c, 0x2d,
	0xa4, 0x4e, 0xa4, 0x8f, 0xac, 0x8f, 0x9c, 0x2e, 0x8b, 0xac, 0x5a, 0x68, 0x39, 0x85, 0x52, 0x48,
	0x29, 0x44, 0x08, 0x62, 0x08, 0x62, 0x08, 0x62, 0x08, 0x62, 0x08, 0x62, 0x08, 0x62, 0x08, 0x82,
	0x08, 0x82, 0x08, 0x82, 0x08, 0x62, 0x00, 0x61, 0x21, 0x24, 0x83, 0xce, 0xac, 0xf2, 0xa4, 0xb1,
	0x8c, 0x2f, 0x94, 0x50, 0xb5, 0x53, 0xb5, 0x53, 0xad, 0x13, 0x9c, 0xb1, 0x9c, 0x91, 0x9c, 0xb1,
	0xd6, 0xba, 0xd6, 0xba, 0xd6, 0xba, 0xd6, 0xba, 0xd6, 0xba, 0xd6, 0xba, 0xde, 0xdb, 0xde, 0xdb,
	0xde, 0xdb, 0xde, 0xdb, 0xde, 0xfb, 0xde, 0xfb, 0xe7, 0x1b, 0xe7, 0x1b, 0xe7, 0x1b, 0xe7, 0x1c,
	0xe7, 0x1c, 0xe7, 0x1b, 0xe7, 0x1c, 0xe7, 0x1c, 0xe7, 0x1c, 0xe7, 0x1c, 0xe7, 0x1c, 0xe7, 0x1c,
	0xe7, 0x1c, 0xe7, 0x1c, 0xe7, 0x1c, 0xe7, 0x3c, 0xe7, 0x3c, 0xe7, 0x3c, 0xe7, 0x3c, 0xe7, 0x3c,
	0xef, 0x3c, 0xe7, 0x1b, 0x4a, 0x69, 0x11, 0x04, 0x19, 0x04, 0x08, 0x82, 0x29, 0xa7, 0x3a, 0x28,
	0x21, 0x45, 0x08, 0x82, 0x10, 0xa3, 0x10, 0xa3, 0x10, 0xe3, 0x21, 0x45, 0x10, 0xc3, 0x08, 0x62,
	0x08, 0x82, 0x08, 0x82, 0x08, 0x62, 0x08, 0x82, 0x08, 0x82, 0x08, 0x82, 0x08, 0x62, 0x08, 0x62,
	0x08, 0x82, 0x08, 0x82, 0x08, 0x82, 0x00, 0x41, 0x08, 0x82, 0x08, 0xa2, 0x08, 0x82, 0x08, 0x82,
	0x08, 0x82, 0x8c, 0x51, 0xbd, 0xd6, 0xbd, 0xd6, 0xbd, 0xd6, 0xb5, 0xb6, 0xc5, 0xf7, 0x84, 0x30,
	0x08, 0x82, 0x08, 0xa2, 0x10, 0xc3, 0x63, 0x0c, 0xb5, 0xb6, 0xb5, 0xb6, 0xb5, 0xb6, 0xbd, 0xb6,
	0xb5, 0xb6, 0xa5, 0x13, 0x29, 0x65, 0x00, 0x61, 0x08, 0x82, 0x00, 0x61, 0x18, 0xc3, 0x9c, 0x2f,
	0xc5, 0x52, 0xa4, 0x2d, 0xa4, 0x0d, 0xb4, 0xf0, 0xc5, 0x32, 0xb4, 0xd0, 0xac, 0x6f, 0xa4, 0x4e,
	0x9c, 0x4e, 0xa4, 0x4f, 0x9c, 0x4e, 0x93, 0xed, 0x83, 0x6b, 0x41, 0xe6, 0x39, 0xa5, 0x4a, 0x07,
	0x08, 0x82, 0x08, 0x62, 0x08, 0x62, 0x08, 0x62, 0x08, 0x62, 0x08, 0x62, 0x08, 0x62, 0x08, 0x82,
	0x08, 0x62, 0x08, 0x62, 0x08, 0x62, 0x18, 0xe3, 0x21, 0x45, 0x73, 0x6c, 0x9c, 0xb1, 0xa4, 0xd1,
	0x73, 0x6c, 0x94, 0x4f, 0xa4, 0xd1, 0xad, 0x13, 0xb5, 0x33, 0xad, 0x33, 0xa4, 0xf2, 0xad, 0x13,
	0xd6, 0xba, 0xd6, 0xba, 0xd6, 0xba, 0xd6, 0xba, 0xd6, 0xba, 0xd6, 0xba, 0xde, 0xdb, 0xde, 0xdb,
	0xde, 0xdb, 0xde, 0xfb, 0xde, 0xfb, 0xde, 0xfb, 0xe6, 0xfb, 0xe7, 0x1b, 0xe7, 0x1b, 0xe7, 0x1b,
	0xe7, 0x1c, 0xe7, 0x1c, 0xe7, 0x1c, 0xe7, 0x1c, 0xe7, 0x1c, 0xe7, 0x1c, 0xe7, 0x1c, 0xe7, 0x1c,
	0xe7, 0x1c, 0xe7, 0x1c, 0xe7, 0x1c, 0xe7, 0x3c, 0xe7, 0x3c, 0xe7, 0x3c, 0xe7, 0x3c, 0xe7, 0x3c,
	0xe7, 0x1c, 0xf7, 0x7d, 0x84, 0x0f, 0x10, 0xe4, 0x19, 0x25, 0x08, 0xa2, 0x19, 0x45, 0x3a, 0x28,
	0x19, 0x04, 0x08, 0x82, 0x08, 0x82, 0x08, 0x62, 0x08, 0x62, 0x08, 0x62, 0x08, 0x62, 0x08, 0x82,
	0x08, 0x82, 0x08, 0x82, 0x08, 0x82, 0x08, 0x82, 0x08, 0x82, 0x08, 0x82, 0x08, 0x82, 0x08, 0x82,
	0x08, 0x82, 0x08, 0x82, 0x08, 0x82, 0x08, 0x82, 0x08, 0x82, 0x08, 0x82, 0x08, 0x82, 0x08, 0x82,
	0x08, 0x62, 0x84, 0x30, 0xc6, 0x38, 0xc6, 0x17, 0xc5, 0xf7, 0xc6, 0x17, 0xbd, 0xf7, 0x4a, 0x69,
	0x08, 0x82, 0x08, 0x82, 0x08, 0x62, 0x10, 0xa2, 0x42, 0x49, 0x84, 0x0f, 0x7b, 0xcf, 0x63, 0x4c,
	0x52, 0x8a, 0x29, 0x66, 0x00, 0x61, 0x08, 0x82, 0x00, 0x61, 0x08, 0x82, 0x83, 0x8c, 0xc5, 0x52,
	0xbc, 0xf0, 0xac, 0x6e, 0xa4, 0x6e, 0xc5, 0x52, 0xb4, 0xd0, 0xa4, 0x4e, 0xac, 0x6f, 0xa4, 0x4e,
	0x9c, 0x4e, 0x9c, 0x2e, 0x9c, 0x2e, 0x93, 0xed, 0x73, 0x2b, 0x39, 0xa5, 0x41, 0xe6, 0x4a, 0x27,
	0x10, 0xa2, 0x00, 0x62, 0x08, 0x62, 0x08, 0x62, 0x08, 0x62, 0x08, 0x62, 0x08, 0x82, 0x08, 0x82,
	0x08, 0x62, 0x08, 0x62, 0x18, 0xe3, 0x18, 0xe3, 0x29, 0x65, 0x6b, 0x4c, 0x8c, 0x50, 0xb5, 0x53,
	0x62, 0xeb, 0x6b, 0x2b, 0x9c, 0x90, 0xa4, 0xd1, 0xa4, 0xd1, 0xa4, 0xf2, 0xa4, 0xf2, 0xad, 0x33,
	0xd6, 0xba, 0xd6, 0xba, 0xd6, 0xba, 0xd6, 0xba, 0xd6, 0xba, 0xd6, 0xba, 0xde, 0xdb, 0xde, 0xdb,
	0xde, 0xdb, 0xde, 0xfb, 0xde, 0xfb, 0xde, 0xfb, 0xe6, 0xfb, 0xe7, 0x1b, 0xe7, 0x1b, 0xe7, 0x1b,
	0xe7, 0x1b, 0xe7, 0x1c, 0xe7, 0x1b, 0xe7, 0x1c, 0xe7, 0x1c, 0xe7, 0x1c, 0xe7, 0x1c, 0xe7, 0x1c,
	0xe7, 0x1c, 0xe7, 0x1c, 0xe7, 0x1c, 0xe7, 0x3c, 0xe7, 0x3c, 0xe7, 0x3c, 0xe7, 0x3c, 0xe7, 0x3c,
	0xe7, 0x1c, 0xf7, 0x7d, 0xbd, 0xd6, 0x19, 0x25, 0x19, 0x04, 0x10, 0xc3, 0x18, 0xe4, 0x19, 0x04,
	0x08, 0x82, 0x08, 0x82, 0x08, 0x82, 0x08, 0x82, 0x08, 0x82, 0x08, 0x82, 0x08, 0x82, 0x08, 0x82,
	0x08, 0x82, 0x08, 0x82, 0x08, 0x82, 0x08, 0x82, 0x08, 0x82, 0x08, 0xa2, 0x08, 0xa2, 0x08, 0x82,
	0x08, 0x82, 0x08, 0x82, 0x08, 0x82, 0x08, 0xa2, 0x10, 0xa3, 0x10, 0xa3, 0x08, 0xa2, 0x10, 0xa2,
	0x00, 0x41, 0x42, 0x49, 0xad, 0x75, 0xa5, 0x14, 0x9c, 0xd3, 0x9c, 0xd3, 0x6b, 0x6d, 0x10, 0xc3,
	0x08, 0x82, 0x08, 0x62, 0x08, 0x82, 0x08, 0xa2, 0x00, 0x41, 0x08, 0x82, 0x00, 0x61, 0x00, 0x41,
	0x00, 0x21, 0x00, 0x41, 0x08, 0x62, 0x08, 0x62, 0x08, 0x61, 0x73, 0x0b, 0xb4, 0xd0, 0xac, 0x8f,
	0xac, 0x6e, 0xac, 0x8f, 0xbd, 0x32, 0xb4, 0xb0, 0xac, 0xaf, 0x9c, 0x2d, 0x9c, 0x2e, 0xa4, 0x4e,
	0x9c, 0x4e, 0x9c, 0x2e, 0x9c, 0x0e, 0x8b, 0xcc, 0x62, 0xa9, 0x29, 0x44, 0x39, 0xc6, 0x21, 0x24,
	0x08, 0x62, 0x08, 0x62, 0x08, 0x62, 0x08, 0x62, 0x08, 0x62, 0x08, 0x62, 0x08, 0x82, 0x08, 0x62,
	0x08, 0x62, 0x08, 0x82, 0x08, 0x82, 0x08, 0x61, 0x39, 0xe7, 0x7b, 0xad, 0x8c, 0x2f, 0xac, 0xf2,
	0x94, 0x70, 0x6b, 0x2b, 0x94, 0x70, 0x9c, 0x91, 0x9c, 0xb1, 0x9c, 0xb1, 0x9c, 0xb1, 0xb5, 0x74,
	0xd6, 0xba, 0xd6, 0xba, 0xd6, 0xba, 0xd6, 0xba, 0xd6, 0xba, 0xd6, 0xba, 0xde, 0xdb, 0xde, 0xdb,
	0xde, 0xdb, 0xde, 0xfb, 0xde, 0xfb, 0xde, 0xfb, 0xde, 0xfb, 0xde, 0xfb, 0xde, 0xfb, 0xe7, 0x1b,
	0xe7, 0x1b, 0xe7, 0x1c, 0xe7, 0x1c, 0xe7, 0x1c, 0xe7, 0x1c, 0xe7, 0x1c, 0xe7, 0x1c, 0xe7, 0x1c,
	0xe7, 0x1c, 0xe7, 0x1c, 0xe7, 0x1c, 0xe7, 0x3c, 0xe7, 0x3c, 0xe7, 0x3c, 0xe7, 0x3c, 0xef, 0x3c,
	0xef, 0x3c, 0xef, 0x5d, 0xde, 0xba, 0x31, 0xe7, 0x10, 0xe3, 0x18, 0xe4, 0x10, 0xc3, 0x10, 0xc3,
	0x10, 0xc3, 0x08, 0xa2, 0x10, 0xa3, 0x08, 0xa2, 0x08, 0xa3, 0x08, 0x82, 0x08, 0x82, 0x08, 0x82,
	0x08, 0x82, 0x08, 0x82, 0x10, 0xa2, 0x10, 0xa2, 0x08, 0x82, 0x08, 0x82, 0x08, 0x82, 0x08, 0x82,
	0x08, 0x82, 0x08, 0x62, 0x00, 0x62, 0x00, 0x62, 0x00, 0x62, 0x00, 0x61, 0x08, 0x62, 0x08, 0x62,
	0x08, 0x82, 0x08, 0x62, 0x21, 0x24, 0x21, 0x24, 0x18, 0xe3, 0x18, 0xc3, 0x08, 0x61, 0x08, 0x62,
	0x08, 0x82, 0x08, 0x62, 0x08, 0x62, 0x08, 0x62, 0x08, 0x82, 0x08, 0x62, 0x08, 0x62, 0x08, 0x62,
	0x08, 0x82, 0x10, 0xa2, 0x18, 0xc3, 0x08, 0x62, 0x5a, 0x68, 0xc5, 0x52, 0xac, 0x6f, 0x93, 0xcc,
	0xa4, 0x2d, 0xbd, 0x11, 0xc5, 0x32, 0xb4, 0xf0, 0xb4, 0xd0, 0xac, 0x8f, 0x9c, 0x2e, 0xa4, 0x4e,
	0x9c, 0x2e, 0x9c, 0x2e, 0x93, 0xed, 0x7b, 0x6b, 0x52, 0x48, 0x29, 0x44, 0x10, 0xa2, 0x08, 0x62,
	0x08, 0x82, 0x08, 0x62, 0x08, 0x62, 0x08, 0x62, 0x08, 0x62, 0x08, 0x62, 0x08, 0x62, 0x08, 0x62,
	0x08, 0x62, 0x10, 0xc3, 0x08, 0x82, 0x00, 0x21, 0x39, 0xe7, 0x8c, 0x50, 0x83, 0xee, 0x8c, 0x2f,
	0x9c, 0x91, 0xad, 0x33, 0x9c, 0x90, 0x9c, 0xb1, 0x94, 0x50, 0x8c, 0x2f, 0xad, 0x33, 0xbd, 0x95,
	0xd6, 0x9a, 0xd6, 0xba, 0xd6, 0xba, 0xd6, 0xba, 0xd6, 0xba, 0xde, 0xdb, 0xde, 0xdb, 0xde, 0xdb,
	0xde, 0xdb, 0xde, 0xfb, 0xde, 0xfb, 0xde, 0xfb, 0xde, 0xfb, 0xde, 0xfb, 0xde, 0xfb, 0xe7, 0x1b,
	0xe7, 0x1b, 0xe7, 0x1b, 0xe7, 0x1b, 0xe7, 0x1b, 0xe7, 0x1c, 0xe7, 0x1c, 0xe7, 0x1c, 0xe7, 0x1c,
	0xe7, 0x1c, 0xe7, 0x3c, 0xe7, 0x3c, 0xe7, 0x3c, 0xe7, 0x3c, 0xe7, 0x3c, 0xe7, 0x3c, 0xef, 0x3c,
	0xef, 0x3c, 0xef, 0x3c, 0xef, 0x5c, 0x6b, 0x8e, 0x08, 0xc3, 0x19, 0x25, 0x10, 0xe4, 0x10, 0xc3,
	0x10, 0xc3, 0x10, 0xa3, 0x10, 0xa3, 0x10, 0xa3, 0x08, 0x82, 0x10, 0xa3, 0x08, 0xa2, 0x08, 0xa2,
	0x10, 0xc3, 0x08, 0x82, 0x08, 0x62, 0x00, 0x62, 0x08, 0x62, 0x10, 0xa2, 0x10, 0xa3, 0x10, 0xa3,
	0x10, 0xa2, 0x18, 0xc3, 0x21, 0x04, 0x29, 0x44, 0x39, 0x85, 0x41, 0xa6, 0x41, 0xa5, 0x41, 0xa5,
	0x41, 0xa5, 0x39, 0x85, 0x39, 0x64, 0x52, 0x06, 0x5a, 0x47, 0x52, 0x06, 0x31, 0x24, 0x18, 0xc2,
	0x18, 0xc2, 0x00, 0x62, 0x08, 0x62, 0x08, 0x82, 0x18, 0xa2, 0x20, 0xe3, 0x18, 0xc2, 0x08, 0x82,
	0x08, 0x61, 0x10, 0xc3, 0x10, 0x82, 0x41, 0xc6, 0xb4, 0xf1, 0xbc, 0xf0, 0xbc, 0xd0, 0x93, 0xcc,
	0xac, 0x8f, 0xc5, 0x52, 0xbd, 0x11, 0xbd, 0x31, 0xb4, 0xd0, 0xac, 0x8f, 0xa4, 0x4e, 0x9c, 0x4e,
	0x94, 0x0e, 0x94, 0x0d, 0x8b, 0xcd, 0x73, 0x2a, 0x42, 0x07, 0x18, 0xe3, 0x08, 0x82, 0x08, 0x82,
	0x08, 0x62, 0x08, 0x62, 0x08, 0x62, 0x08, 0x62, 0x08, 0x82, 0x08, 0x62, 0x08, 0x62, 0x08, 0x62,
	0x08, 0x62, 0x08, 0x62, 0x10, 0xc3, 0x00, 0x61, 0x3a, 0x08, 0x9c, 0x91, 0x7b, 0xad, 0x8c, 0x2f,
	0x8c, 0x4f, 0xa4, 0xf2, 0xac, 0xf2, 0x9c, 0x90, 0x94, 0x50, 0xad, 0x13, 0xb5, 0x74, 0xad, 0x33,
	0xd6, 0xba, 0xd6, 0xba, 0xd6, 0xba, 0xd6, 0xba, 0xd6, 0xba, 0xde, 0xba, 0xde, 0xdb, 0xde, 0xdb,
	0xde, 0xdb, 0xde, 0xfb, 0xde, 0xfb, 0xde, 0xfb, 0xde, 0xfb, 0xde, 0xfb, 0xe7, 0x1b, 0xe7, 0x1b,
	0xe7, 0x1b, 0xe7, 0x1b, 0xe7, 0x1c, 0xe7, 0x1c, 0xe7, 0x1b, 0xe7, 0x1c, 0xe7, 0x1c, 0xe7, 0x1c,
	0xe7, 0x1c, 0xe7, 0x1c, 0xe7, 0x3c, 0xe7, 0x3c, 0xe7, 0x3c, 0xe7, 0x3c, 0xe7, 0x3c, 0xe7, 0x3c,
	0xef, 0x3c, 0xe7, 0x3c, 0xf7, 0x7d, 0xbd, 0xb6, 0x21, 0x45, 0x21, 0x45, 0x19, 0x04, 0x10, 0xe4,
	0x10, 0xc3, 0x10, 0xc3, 0x10, 0xa3, 0x08, 0x82, 0x00, 0x62, 0x08, 0x82, 0x08, 0x82, 0x08, 0x82,
	0x18, 0xe3, 0x10, 0xa2, 0x29, 0x24, 0x52, 0x07, 0x62, 0x68, 0x52, 0x07, 0x39, 0x64, 0x29, 0x03,
	0x18, 0xc2, 0x20, 0xe3, 0x41, 0xe6, 0x62, 0xa9, 0x49, 0x85, 0x6a, 0x47, 0x6a, 0x88, 0x6a, 0x88,
	0x72, 0xc9, 0x72, 0xc9, 0x6a, 0xa8, 0x83, 0x2b, 0x8b, 0xac, 0x83, 0x4b, 0x5a, 0x27, 0x39, 0x64,
	0x41, 0xa5, 0x08, 0x62, 0x08, 0x82, 0x08, 0x62, 0x20, 0xe3, 0x39, 0xa5, 0x29, 0x24, 0x18, 0xc2,
	0x18, 0xc2, 0x08, 0x61, 0x31, 0x65, 0xa4, 0x90, 0xbd, 0x11, 0xac, 0x8f, 0x9c, 0x0d, 0xac, 0xaf,
	0xac, 0xb0, 0xb4, 0xd0, 0xb4, 0xf1, 0xb4, 0xb0, 0xa4, 0x6f, 0xa4, 0x4e, 0xa4, 0x4f, 0xa4, 0x4f,
	0x9c, 0x2e, 0x93, 0xed, 0x8b, 0xcd, 0x6a, 0xea, 0x39, 0xa5, 0x10, 0xa2, 0x08, 0x82, 0x08, 0x62,
	0x08, 0x62, 0x08, 0x62, 0x08, 0x62, 0x08, 0x62, 0x08, 0x82, 0x08, 0x62, 0x08, 0x62, 0x08, 0x62,
	0x08, 0x62, 0x08, 0x62, 0x08, 0x62, 0x08, 0x62, 0x4a, 0x89, 0x9c, 0xb1, 0x7b, 0xad, 0x9c, 0x91,
	0xa4, 0xd2, 0x94, 0x70, 0x9c, 0xb1, 0x94, 0x70, 0xa4, 0xf2, 0xb5, 0x53, 0xad, 0x12, 0xb5, 0x53,
	0xd6, 0x9a, 0xd6, 0xba, 0xd6, 0xba, 0xd6, 0xba, 0xd6, 0xda, 0xd6, 0xba, 0xde, 0xdb, 0xde, 0xdb,
	0xde, 0xdb, 0xde, 0xfb, 0xde, 0xfb, 0xde, 0xfb, 0xde, 0xfb, 0xde, 0xfb, 0xe7, 0x1c, 0xe7, 0x1c,
	0xe7, 0x1c, 0xe7, 0x1c, 0xe7, 0x1b, 0xe7, 0x1c, 0xe7, 0x1c, 0xe7, 0x1c, 0xe7, 0x1c, 0xe7, 0x1c,
	0xe7, 0x1c, 0xe7, 0x1c, 0xe7, 0x1c, 0xe7, 0x3c, 0xe7, 0x3c, 0xe7, 0x3c, 0xe7, 0x3c, 0xe7, 0x3c,
	0xef, 0x3c, 0xe7, 0x3c, 0xef, 0x5d, 0xd6, 0x99, 0x29, 0xa6, 0x19, 0x25, 0x21, 0x45, 0x10, 0xc3,
	0x08, 0x82, 0x10, 0xc3, 0x21, 0x24, 0x29, 0x45, 0x41, 0xc6, 0x41, 0xa6, 0x39, 0x85, 0x49, 0xa6,
	0x49, 0xc6, 0x62, 0x47, 0x72, 0xa8, 0x82, 0xe9, 0x62, 0x27, 0x31, 0x03, 0x49, 0xc6, 0x39, 0xa6,
	0x20, 0xe3, 0x31, 0x44, 0x39, 0xa5, 0x39, 0x65, 0x51, 0xe6, 0x5a, 0x06, 0x6a, 0x88, 0x7b, 0x0a,
	0x83, 0x0a, 0x83, 0x4b, 0x93, 0xcd, 0x9c, 0x0e, 0x9c, 0x2e, 0xa4, 0x4f, 0x7b, 0x0a, 0x41, 0x85,
	0x5a, 0x48, 0x18, 0xc3, 0x08, 0x62, 0x08, 0x62, 0x29, 0x24, 0x49, 0xe6, 0x21, 0x03, 0x18, 0xc2,
	0x21, 0x03, 0x20, 0xe3, 0x94, 0x2f, 0xbd, 0x31, 0xa4, 0x4e, 0x9b, 0xed, 0xa4, 0x4e, 0xc5, 0x52,
	0xbd, 0x11, 0xac, 0x8f, 0xb4, 0xd0, 0xac, 0xaf, 0xa4, 0x4e, 0x9c, 0x4e, 0x9c, 0x4e, 0x9c, 0x4e,
	0x94, 0x0e, 0x94, 0x0e, 0x83, 0x8c, 0x52, 0x48, 0x21, 0x24, 0x00, 0x61, 0x08, 0x62, 0x08, 0x62,
	0x08, 0x62, 0x08, 0x62, 0x08, 0x62, 0x08, 0x82, 0x08, 0x82, 0x08, 0x62, 0x08, 0x62, 0x08, 0x62,
	0x08, 0x62, 0x08, 0x62, 0x08, 0x82, 0x00, 0x41, 0x4a, 0x69, 0x94, 0x70, 0x83, 0xee, 0xa4, 0xb1,
	0xad, 0x12, 0x9c, 0x70, 0x94, 0x50, 0xa4, 0xd2, 0xad, 0x33, 0xac, 0xf2, 0xb5, 0x53, 0xbd, 0xb5,
	0xd6, 0x9a, 0xd6, 0xba, 0xd6, 0xba, 0xd6, 0xda, 0xd6, 0xdb, 0xde, 0xdb, 0xde, 0xdb, 0xde, 0xdb,
	0xde, 0xdb, 0xde, 0xfb, 0xde, 0xfb, 0xde, 0xfb, 0xde, 0xfb, 0xde, 0xfb, 0xde, 0xfb, 0xe7, 0x1c,
	0xe7, 0x1c, 0xe7, 0x1c, 0xe7, 0x1b, 0xe7, 0x1b, 0xe7, 0x1b, 0xe7, 0x1c, 0xe7, 0x1c, 0xe7, 0x1c,
	0xe7, 0x1c, 0xe7, 0x1c, 0xe7, 0x1c, 0xe7, 0x3c, 0xe7, 0x3c, 0xe7, 0x3c, 0xe7, 0x3c, 0xe7, 0x3c,
	0xe7, 0x3c, 0xe7, 0x3c, 0xef, 0x5c, 0xe6, 0xfb, 0x42, 0x28, 0x19, 0x04, 0x31, 0xc7, 0x19, 0x04,
	0x39, 0xa6, 0x52, 0x27, 0x72, 0x89, 0x83, 0x0a, 0x8b, 0x0a, 0x8b, 0x2b, 0x8b, 0x2a, 0x83, 0x0a,
	0x8b, 0x4b, 0x93, 0x6b, 0x7a, 0xc9, 0x72, 0x88, 0x59, 0xe6, 0x51, 0xc5, 0x72, 0x69, 0x49, 0xe7,
	0x41, 0xc6, 0x29, 0x24, 0x39, 0x85, 0x6a, 0x89, 0x7a, 0xca, 0x72, 0xc9, 0x83, 0x0a, 0x93, 0xac,
	0x9b, 0xee, 0x9b, 0xed, 0x9c, 0x0e, 0xac, 0x8f, 0xac, 0x90, 0xac, 0x90, 0x83, 0x4b, 0x39, 0x64,
	0x62, 0x68, 0x31, 0x44, 0x00, 0x61, 0x08, 0x62, 0x31, 0x44, 0x41, 0xc6, 0x20, 0xe3, 0x18, 0xc2,
	0x29, 0x03, 0x83, 0x8d, 0xbd, 0x31, 0xb4, 0xaf, 0x9c, 0x0d, 0x9c, 0x0d, 0xbd, 0x32, 0xbd, 0x32,
	0xbd, 0x31, 0xac, 0xb0, 0xa4, 0x6f, 0xac, 0x8f, 0xa4, 0x4e, 0x9c, 0x2e, 0x9c, 0x2e, 0x9c, 0x2e,
	0x94, 0x0e, 0x8b, 0xed, 0x7b, 0x4b, 0x41, 0xe6, 0x08, 0x82, 0x08, 0x62, 0x08, 0x62, 0x08, 0x62,
	0x08, 0x62, 0x08, 0x62, 0x08, 0x82, 0x08, 0x82, 0x08, 0x62, 0x08, 0x62, 0x08, 0x62, 0x08, 0x82,
	0x08, 0x62, 0x08, 0x82, 0x08, 0x82, 0x00, 0x41, 0x29, 0x65, 0x84, 0x0f, 0x9c, 0x91, 0xa4, 0xd1,
	0xa4, 0xf2, 0xa4, 0xf2, 0x9c, 0xb1, 0xad, 0x13, 0xa4, 0xd1, 0xac, 0xf2, 0xbd, 0x94, 0xbd, 0x94,
	0xd6, 0xba, 0xd6, 0xba, 0xd6, 0xba, 0xd6, 0xda, 0xd6, 0xdb, 0xde, 0xdb, 0xde, 0xdb, 0xde, 0xdb,
	0xde, 0xfb, 0xde, 0xfb, 0xde, 0xfb, 0xde, 0xfb, 0xde, 0xfb, 0xde, 0xfb, 0xde, 0xfb, 0xe7, 0x1b,
	0xe7, 0x1c, 0xe7, 0x1c, 0xe7, 0x1c, 0xe7, 0x1c, 0xe7, 0x1b, 0xe7, 0x1c, 0xe7, 0x1c, 0xe7, 0x1c,
	0xe7, 0x1c, 0xe7, 0x1c, 0xe7, 0x1c, 0xe7, 0x3c, 0xe7, 0x3c, 0xe7, 0x3c, 0xe7, 0x3c, 0xe7, 0x3c,
	0xe7, 0x3c, 0xe7, 0x3c, 0xe7, 0x3c, 0xef, 0x5d, 0x5a, 0xeb, 0x19, 0x04, 0x29, 0x65, 0x21, 0x03,
	0x51, 0xc6, 0x62, 0x47, 0x6a, 0x68, 0x7a, 0xc9, 0x82, 0xea, 0x8b, 0x0a, 0x93, 0x6b, 0x93, 0x4b,
	0x93, 0x6b, 0x83, 0x2a, 0x7b, 0x0a, 0x7a, 0xea, 0x6a, 0x89, 0x51, 0xa5, 0x38, 0xe3, 0x51, 0xc6,
	0x39, 0x85, 0x31, 0x44, 0x5a, 0x27, 0x83, 0x2b, 0x83, 0x0a, 0x8b, 0x2b, 0x8b, 0x2b, 0x9b, 0xed,
	0xa4, 0x4f, 0xac, 0x8f, 0xac, 0x6f, 0xac, 0x6f, 0xac, 0x90, 0xac, 0x6f, 0x7b, 0x2a, 0x39, 0x85,
	0x5a, 0x48, 0x31, 0x44, 0x08, 0x61, 0x08, 0x61, 0x29, 0x24, 0x31, 0x64, 0x20, 0xe3, 0x10, 0x82,
	0x6a, 0xea, 0xc5, 0x52, 0xb4, 0xb0, 0xa4, 0x2d, 0xa4, 0x2e, 0xbd, 0x32, 0xbd, 0x11, 0xa4, 0x4e,
	0xac, 0x8f, 0xb4, 0xd0, 0xa4, 0x6f, 0xa4, 0x4e, 0x9c, 0x2e, 0x94, 0x0d, 0x94, 0x0d, 0x94, 0x0e,
	0x93, 0xed, 0x83, 0x8c, 0x73, 0x2a, 0x31, 0x85, 0x00, 0x61, 0x08, 0x62, 0x08, 0x62, 0x08, 0x62,
	0x08, 0x62, 0x08, 0x62, 0x08, 0x82, 0x08, 0x62, 0x08, 0x62, 0x08, 0x62, 0x08, 0x62, 0x08, 0x82,
	0x08, 0x82, 0x08, 0x82, 0x08, 0x82, 0x08, 0x62, 0x10, 0xc3, 0x7b, 0xae, 0x94, 0x70, 0x9c, 0xb1,
	0x94, 0x2f, 0x9c, 0x90, 0xad, 0x13, 0x9c, 0xb1, 0x9c, 0xb1, 0xad, 0x13, 0xbd, 0x94, 0xbd, 0x94,
	0xd6, 0xba, 0xd6, 0xba, 0xd6, 0xda, 0xd6, 0xdb, 0xde, 0xdb, 0xde, 0xdb, 0xde, 0xdb, 0xde, 0xfb,
	0xde, 0xfb, 0xde, 0xfb, 0xde, 0xfb, 0xde, 0xfb, 0xde, 0xfb, 0xde, 0xfb, 0xde, 0xfb, 0xe7, 0x1c,
	0xe7, 0x1c, 0xe7, 0x1b, 0xe7, 0x1b, 0xe7, 0x1b, 0xe7, 0x1b, 0xe7, 0x1b, 0xe7, 0x1c, 0xe7, 0x1c,
	0xe7, 0x1c, 0xe7, 0x1c, 0xe7, 0x1c, 0xe7, 0x1c, 0xe7, 0x1c, 0xe7, 0x3c, 0xe7, 0x3c, 0xe7, 0x3c,
	0xe7, 0x3c, 0xe7, 0x3c, 0xe7, 0x3c, 0xef, 0x7d, 0xa5, 0x13, 0x21, 0x24, 0x08, 0x61, 0x29, 0x24,
	0x39, 0x44, 0x41, 0x85, 0x5a, 0x27, 0x72, 0xc9, 0x8b, 0x4b, 0x93, 0x4b, 0x8b, 0x4b, 0x8b, 0x4b,
	0x8b, 0x4b, 0x83, 0x2a, 0x72, 0xc9, 0x7b, 0x2b, 0x62, 0x68, 0x51, 0xe6, 0x49, 0x64, 0x49, 0x64,
	0x41, 0x64, 0x49, 0xc6, 0x82, 0xea, 0x82, 0xea, 0x83, 0x0a, 0x8b, 0x2b, 0x93, 0x8c, 0xa4, 0x2e,
	0xac, 0x8f, 0xac, 0x8f, 0xb4, 0xf1, 0xb4, 0xf1, 0xac, 0x90, 0xac, 0x6f, 0x6a, 0xa9, 0x39, 0x85,
	0x62, 0x88, 0x39, 0x64, 0x08, 0x82, 0x08, 0x62, 0x20, 0xe3, 0x21, 0x03, 0x10, 0x82, 0x4a, 0x07,
	0xbd, 0x32, 0xb4, 0xd0, 0xac, 0x6e, 0x93, 0xcc, 0xac, 0xd0, 0xbd, 0x32, 0xb4, 0xd0, 0x93, 0xed,
	0x93, 0xcd, 0xa4, 0x4e, 0xa4, 0x6f, 0x9c, 0x2e, 0x9c, 0x0d, 0x93, 0xcd, 0x93, 0xed, 0x93, 0xed,
	0x8b, 0xad, 0x7b, 0x6b, 0x62, 0xc9, 0x21, 0x24, 0x00, 0x41, 0x08, 0x62, 0x08, 0x62, 0x08, 0x62,
	0x08, 0x62, 0x08, 0x82, 0x08, 0x62, 0x08, 0x62, 0x08, 0x62, 0x08, 0x62, 0x08, 0x62, 0x08, 0x62,
	0x08, 0x62, 0x08, 0x62, 0x08, 0x62, 0x08, 0x62, 0x10, 0xa3, 0x6b, 0x4c, 0xa4, 0xd2, 0x94, 0x70,
	0x83, 0xce, 0x94, 0x70, 0xad, 0x12, 0x9c, 0xb1, 0xa4, 0xf2, 0xb5, 0x33, 0xbd, 0x74, 0xbd, 0x94,
	0xd6, 0xba, 0xd6, 0xba, 0xd6, 0xda, 0xd6, 0xdb, 0xde, 0xdb, 0xde, 0xdb, 0xde, 0xdb, 0xde, 0xfb,
	0xde, 0xfb, 0xde, 0xfb, 0xde, 0xfb, 0xde, 0xfb, 0xde, 0xfb, 0xde, 0xfb, 0xe7, 0x1c, 0xe7, 0x1c,
	0xe7, 0x1b, 0xe7, 0x1b, 0xe7, 0x1b, 0xe7, 0x1b, 0xe7, 0x1b, 0xe7, 0x1b, 0xe7, 0x1c, 0xe7, 0x1c,
	0xe7, 0x1c, 0xe7, 0x1c, 0xe7, 0x1c, 0xe7, 0x1c, 0xe7, 0x1c, 0xe7, 0x1c, 0xe7, 0x3c, 0xe7, 0x3c,
	0xe7, 0x3c, 0xe7, 0x3c, 0xe7, 0x3c, 0xe7, 0x3c, 0xe7, 0x3c, 0xc5, 0xf7, 0x5a, 0xa9, 0x41, 0xc6,
	0x39, 0x85, 0x41, 0x84, 0x52, 0x06, 0x7b, 0x2b, 0x72, 0xea, 0x62, 0x89, 0x93, 0x6b, 0x93, 0x8c,
	0x93, 0x8c, 0x8b, 0x8c, 0x7a, 0xea, 0x6a, 0xa9, 0x6a, 0x88, 0x62, 0x27, 0x5a, 0x07, 0x51, 0xc6,
	0x5a, 0x06, 0x72, 0x88, 0x7a, 0xa9, 0x8b, 0x2b, 0x93, 0x8c, 0x93, 0xac, 0x9b, 0xcd, 0xa4, 0x0e,
	0xac, 0x8f, 0xb4, 0xb0, 0xb4, 0xb0, 0xb4, 0xb0, 0xac, 0xb0, 0xa4, 0x2e, 0x52, 0x06, 0x41, 0x85,
	0x6a, 0xa9, 0x49, 0xe6, 0x10, 0xa2, 0x08, 0x62, 0x18, 0xc2, 0x18, 0xc2, 0x31, 0x65, 0xac, 0xd1,
	0xbc, 0xf1, 0xa4, 0x4e, 0x93, 0xcc, 0xb4, 0xd0, 0xc5, 0x93, 0xbd, 0x32, 0xbc, 0xf1, 0xac, 0x6f,
	0x93, 0xed, 0x93, 0xed, 0x9c, 0x2e, 0x9c, 0x0d, 0x93, 0xcc, 0x8b, 0xac, 0x8b, 0xac, 0x8b, 0xcd,
	0x83, 0x8c, 0x6b, 0x0a, 0x4a, 0x27, 0x18, 0xc3, 0x08, 0x61, 0x08, 0x62, 0x08, 0x62, 0x08, 0x62,
	0x08, 0x61, 0x10, 0xa2, 0x08, 0x82, 0x08, 0x82, 0x08, 0x62, 0x08, 0x82, 0x08, 0x62, 0x08, 0x61,
	0x08, 0x62, 0x08, 0x62, 0x08, 0x62, 0x08, 0x82, 0x08, 0x62, 0x3a, 0x07, 0xa4, 0xd2, 0x9c, 0xb1,
	0x84, 0x0f, 0xa4, 0xd2, 0xa4, 0xd1, 0x94, 0x70, 0xa4, 0xf2, 0xb5, 0x33, 0xb5, 0x33, 0xbd, 0x73,
	0xd6, 0xba, 0xd6, 0xda, 0xd6, 0xdb, 0xde, 0xdb, 0xde, 0xdb, 0xde, 0xdb, 0xde, 0xdb, 0xde, 0xfb,
	0xde, 0xfb, 0xde, 0xfb, 0xde, 0xfb, 0xde, 0xfb, 0xde, 0xfb, 0xe7, 0x1c, 0xe7, 0x1c, 0xe7, 0x1b,
	0xe7, 0x1b, 0xe7, 0x1b, 0xe7, 0x1b, 0xe7, 0x1b, 0xe7, 0x1b, 0xe7, 0x1b, 0xe7, 0x1b, 0xe7, 0x1b,
	0xe7, 0x1b, 0xe7, 0x1c, 0xe7, 0x1c, 0xe7, 0x1c, 0xe7, 0x1c, 0xe7, 0x1c, 0xe7, 0x1c, 0xe7, 0x3c,
	0xe7, 0x3c, 0xe7, 0x3c, 0xe7, 0x3c, 0xe7, 0x3c, 0xe7, 0x3c, 0xef, 0x5d, 0xd6, 0x99, 0xbd, 0xd6,
	0xb5, 0x95, 0x94, 0x0e, 0x83, 0x6b, 0x49, 0xe6, 0x29, 0x24, 0x39, 0x85, 0x72, 0xea, 0xa4, 0x4e,
	0x9b, 0xed, 0x93, 0xcd, 0x8b, 0x8c, 0x83, 0x2a, 0x83, 0x4b, 0x7a, 0xe9, 0x72, 0xa9, 0x72, 0xa9,
	0x7a, 0xc9, 0x7a, 0xea, 0x83, 0x0a, 0x8b, 0x2b, 0x8b, 0x4b, 0x93, 0xac, 0x9b, 0xed, 0xa4, 0x2e,
	0xac, 0x6f, 0xb4, 0xb0, 0xb4, 0xb0, 0xb4, 0xb0, 0xac, 0x90, 0x93, 0xcd, 0x31, 0x44, 0x51, 0xe6,
	0x6a, 0xa9, 0x49, 0xc6, 0x18, 0xc2, 0x08, 0x62, 0x08, 0x82, 0x20, 0xe3, 0x9c, 0x2f, 0xbd, 0x11,
	0xa4, 0x4e, 0xa4, 0x2d, 0xac, 0xaf, 0xc5, 0x53, 0xbd, 0x32, 0xb4, 0xd0, 0xac, 0xaf, 0xac, 0x8f,
	0x9c, 0x2e, 0x93, 0xed, 0x93, 0xed, 0x93, 0xed, 0x8b, 0xac, 0x83, 0x8c, 0x83, 0x6b, 0x83, 0x6c,
	0x73, 0x4b, 0x62, 0xc9, 0x4a, 0x07, 0x08, 0x82, 0x08, 0x62, 0x08, 0x62, 0x08, 0x62, 0x08, 0x61,
	0x08, 0x82, 0x08, 0xa2, 0x08, 0x82, 0x08, 0x62, 0x08, 0x62, 0x08, 0x62, 0x08, 0x62, 0x08, 0x62,
	0x08, 0x62, 0x08, 0x62, 0x08, 0x62, 0x10, 0xa2, 0x08, 0x62, 0x18, 0xe3, 0x8c, 0x0f, 0xa4, 0xd1,
	0x9c, 0xb1, 0x9c, 0xb1, 0x9c, 0x91, 0x8c, 0x2f, 0x9c, 0xb1, 0xad, 0x12, 0xac, 0xf2, 0xb5, 0x32,
	0xd6, 0xba, 0xd6, 0xda, 0xd6, 0xdb, 0xde, 0xdb, 0xde, 0xdb, 0xde, 0xdb, 0xde, 0xfb, 0xde, 0xfb,
	0xde, 0xfb, 0xde, 0xfb, 0xde, 0xfb, 0xe7, 0x1b, 0xe7, 0x1c, 0xe7, 0x1c, 0xe7, 0x1c, 0xe7, 0x1b,
	0xe7, 0x1b, 0xe7, 0x1c, 0xe7, 0x1b, 0xe7, 0x1b, 0xe7, 0x1b, 0xe7, 0x1b, 0xe7, 0x1b, 0xe7, 0x1b,
	0xe7, 0x1b, 0xe7, 0x1b, 0xe7, 0x1b, 0xe7, 0x1c, 0xe7, 0x1c, 0xe7, 0x1c, 0xe7, 0x1c, 0xe7, 0x1c,
	0xe7, 0x3c, 0xe7, 0x3c, 0xe7, 0x3c, 0xe7, 0x3c, 0xe7, 0x3c, 0xe7, 0x3c, 0xe7, 0x1b, 0xe7, 0x3c,
	0xef, 0x7d, 0xe7, 0x1b, 0xce, 0x58, 0xa4, 0xf3, 0xb5, 0x75, 0xb5, 0x95, 0x73, 0x2b, 0xac, 0x6f,
	0xa4, 0x2e, 0x9c, 0x0e, 0x9b, 0xed, 0x93, 0xcd, 0x93, 0xcd, 0x93, 0xac, 0x8b, 0x6c, 0x83, 0x0a,
	0x7a, 0xc9, 0x7a, 0xc9, 0x7a, 0xea, 0x83, 0x2a, 0x93, 0xac, 0xa4, 0x2e, 0xa4, 0x2e, 0xac, 0x2e,
	0xac, 0x4f, 0xac, 0x6f, 0xac, 0x6f, 0xac, 0x90, 0xac, 0x6f, 0x7b, 0x2a, 0x20, 0xe2, 0x51, 0xe6,
	0x5a, 0x47, 0x49, 0xe6, 0x29, 0x03, 0x00, 0x61, 0x10, 0x82, 0x83, 0x8d, 0xbd, 0x31, 0xa4, 0x4e,
	0x9b, 0xed, 0xa4, 0x4e, 0xb5, 0x11, 0xbd, 0x32, 0xac, 0xb0, 0x93, 0xed, 0xa4, 0x4e, 0xac, 0x6f,
	0x9c, 0x2e, 0x93, 0xed, 0x93, 0xed, 0x93, 0xcd, 0x8b, 0xac, 0x7b, 0x6b, 0x7b, 0x4b, 0x73, 0x2a,
	0x6b, 0x0a, 0x6a, 0xea, 0x41, 0xc6, 0x08, 0x82, 0x08, 0x62, 0x08, 0x62, 0x08, 0x62, 0x08, 0x62,
	0x08, 0xa2, 0x08, 0x82, 0x08, 0x62, 0x08, 0x62, 0x08, 0x61, 0x08, 0x82, 0x08, 0x82, 0x08, 0x62,
	0x08, 0x62, 0x08, 0x62, 0x08, 0x82, 0x08, 0x82, 0x10, 0xa3, 0x29, 0x65, 0x5a, 0xea, 0x94, 0x70,
	0x94, 0x70, 0x94, 0x70, 0x9c, 0x91, 0x8c, 0x2f, 0x9c, 0x91, 0xa4, 0xd1, 0xac, 0xf1, 0xac, 0xf2,
	0xd6, 0xba, 0xd6, 0xba, 0xde, 0xdb, 0xde, 0xdb, 0xde, 0xdb, 0xde, 0xdb, 0xde, 0xfb, 0xde, 0xfb,
	0xde, 0xfb, 0xde, 0xfb, 0xde, 0xfb, 0xe7, 0x1c, 0xe7, 0x1c, 0xe7, 0x1c, 0xe7, 0x1c, 0xe7, 0x1c,
	0xe7, 0x1c, 0xe7, 0x1c, 0xe7, 0x1c, 0xe7, 0x1b, 0xe7, 0x1b, 0xe7, 0x1b, 0xe7, 0x1b, 0xe7, 0x1b,
	0xe7, 0x1b, 0xe7, 0x1b, 0xe7, 0x1b, 0xe7, 0x1b, 0xe7, 0x1c, 0xe7, 0x1c, 0xe7, 0x1c, 0xe7, 0x1c,
	0xe7, 0x3c, 0xe7, 0x3c, 0xe7, 0x3c, 0xe7, 0x3c, 0xe7, 0x3c, 0xe7, 0x3c, 0xe7, 0x3c, 0xe7, 0x1c,
	0xe7, 0x3c, 0xe7, 0x3c, 0xef, 0x7d, 0xf7, 0x7d, 0xef, 0x7d, 0xf7, 0x9e, 0xbd, 0x95, 0x9c, 0x2e,
	0xac, 0x90, 0xa4, 0x6f, 0xa4, 0x4f, 0x9c, 0x0e, 0x9c, 0x0e, 0xa4, 0x2e, 0x9b, 0xed, 0x93, 0x8c,
	0x93, 0x8c, 0x93, 0x8c, 0x9b, 0xcd, 0xa4, 0x0e, 0xa4, 0x2e, 0xac, 0x4f, 0xa3, 0xed, 0xac, 0x4f,
	0xa4, 0x2e, 0xa4, 0x2e, 0xac, 0x6f, 0xa4, 0x0e, 0x9c, 0x0e, 0x6a, 0xc9, 0x29, 0x03, 0x52, 0x06,
	0x5a, 0x48, 0x49, 0xc5, 0x29, 0x23, 0x00, 0x21, 0x6a, 0xea, 0xbd, 0x11, 0xa4, 0x4e, 0x9c, 0x0d,
	0xa4, 0x2e, 0xbd, 0x32, 0xb4, 0xf1, 0xb4, 0xf1, 0xac, 0x8f, 0x93, 0xed, 0x9c, 0x0d, 0xa4, 0x2e,
	0x9c, 0x0d, 0x8b, 0xcd, 0x8b, 0xac, 0x8b, 0xac, 0x83, 0x6b, 0x7b, 0x4b, 0x73, 0x2b, 0x73, 0x0a,
	0x73, 0x2b, 0x6a, 0xea, 0x29, 0x44, 0x00, 0x41, 0x08, 0x62, 0x08, 0x62, 0x08, 0x62, 0x08, 0x82,
	0x10, 0xa2, 0x08, 0x82, 0x08, 0x62, 0x08, 0x62, 0x08, 0x62, 0x08, 0x62, 0x08, 0x62, 0x08, 0x62,
	0x08, 0x62, 0x08, 0x62, 0x08, 0x82, 0x00, 0x41, 0x21, 0x65, 0x3a, 0x07, 0x52, 0x69, 0xa4, 0xb1,
	0x94, 0x70, 0x8c, 0x4f, 0x94, 0x70, 0x94, 0x50, 0x94, 0x70, 0xa4, 0xb1, 0xac, 0xd1, 0xa4, 0xb1,
	0xd6, 0xba, 0xd6, 0xba, 0xde, 0xdb, 0xde, 0xdb, 0xde, 0xdb, 0xde, 0xfb, 0xde, 0xfb, 0xde, 0xfb,
	0xde, 0xfb, 0xde, 0xfb, 0xe7, 0x1c, 0xe7, 0x1c, 0xe7, 0x1c, 0xe7, 0x1c, 0xe7, 0x1c, 0xe7, 0x1c,
	0xe7, 0x1c, 0xe7, 0x1c, 0xe7, 0x1c, 0xe7, 0x1c, 0xe7, 0x1c, 0xe7, 0x1c, 0xe7, 0x1b, 0xe7, 0x1b,
	0xe7, 0x1b, 0xe7, 0x1b, 0xe7, 0x1b, 0xe7, 0x1b, 0xe7, 0x1b, 0xe7, 0x1c, 0xe7, 0x1c, 0xe7, 0x1c,
	0xe7, 0x1c, 0xe7, 0x3c, 0xe7, 0x3c, 0xe7, 0x3c, 0xe7, 0x3c, 0xe7, 0x3c, 0xe7, 0x3c, 0xe7, 0x1c,
	0xe7, 0x3c, 0xef, 0x3c, 0xe7, 0x3c, 0xe7, 0x3c, 0xe7, 0x3c, 0xef, 0x5c, 0xc5, 0xf6, 0x9c, 0x2f,
	0xac, 0xb0, 0xac, 0xb0, 0xac, 0xb0, 0xac, 0x6f, 0xa4, 0x4f, 0xa4, 0x4f, 0xa4, 0x2e, 0x9b, 0xed,
	0xa3, 0xed, 0xa4, 0x0e, 0xa3, 0xed, 0xa4, 0x0e, 0xac, 0x6f, 0xac, 0x6f, 0xac, 0x4f, 0xa4, 0x2e,
	0xa4, 0x0e, 0x9b, 0xcd, 0xa4, 0x2e, 0xa4, 0x2e, 0x9b, 0xed, 0x6a, 0xa9, 0x39, 0x64, 0x5a, 0x27,
	0x5a, 0x68, 0x41, 0xa5, 0x28, 0xe3, 0x52, 0x28, 0xbd, 0x11, 0xb4, 0xd0, 0x9c, 0x0d, 0x9c, 0x2e,
	0xbd, 0x32, 0xc5, 0x93, 0xc5, 0x73, 0xbd, 0x11, 0xac, 0x6f, 0x93, 0xed, 0x93, 0xed, 0x94, 0x0d,
	0x93, 0xed, 0x8b, 0xcc, 0x8b, 0xac, 0x83, 0x8c, 0x83, 0x6b, 0x7b, 0x4b, 0x73, 0x0a, 0x73, 0x4b,
	0x73, 0x4b, 0x62, 0xc9, 0x18, 0xe3, 0x00, 0x41, 0x08, 0x62, 0x08, 0x62, 0x08, 0x62, 0x08, 0x82,
	0x08, 0x82, 0x08, 0x62, 0x08, 0x62, 0x08, 0x82, 0x08, 0x62, 0x08, 0x62, 0x08, 0x62, 0x08, 0x62,
	0x00, 0x41, 0x08, 0x62, 0x18, 0xe3, 0x21, 0x24, 0x39, 0xe7, 0x4a, 0x69, 0x5a, 0xa9, 0xac, 0xf2,
	0x9c, 0xb1, 0x84, 0x0e, 0x8c, 0x2f, 0x94, 0x70, 0x94, 0x50, 0x9c, 0x90, 0xa4, 0xd1, 0xa4, 0x90,
	0xd6, 0xba, 0xde, 0xdb, 0xde, 0xdb, 0xde, 0xdb, 0xde, 0xdb, 0xde, 0xfb, 0xde, 0xfb, 0xde, 0xfb,
	0xde, 0xfb, 0xde, 0xfb, 0xe7, 0x1c, 0xe7, 0x1c, 0xe7, 0x1c, 0xe7, 0x1c, 0xe7, 0x1c, 0xe7, 0x1c,
	0xe7, 0x1c, 0xe7, 0x1c, 0xe7, 0x1c, 0xe7, 0x1c, 0xe7, 0x1c, 0xe7, 0x1c, 0xe7, 0x1c, 0xe7, 0x1b,
	0xe7, 0x1b, 0xe7, 0x1b, 0xe7, 0x1b, 0xe7, 0x1b, 0xe7, 0x1b, 0xe7, 0x1c, 0xe7, 0x1c, 0xe7, 0x1c,
	0xe7, 0x1c, 0xe7, 0x1c, 0xe7, 0x3c, 0xe7, 0x3c, 0xe7, 0x3c, 0xe7, 0x3c, 0xe7, 0x3c, 0xe7, 0x3c,
	0xe7, 0x3c, 0xe7, 0x3c, 0xef, 0x5c, 0xef, 0x3c, 0xef, 0x3c, 0xef, 0x5d, 0xce, 0x58, 0xac, 0xb1,
	0xb4, 0xf2, 0xac, 0xb1, 0xac, 0xb0, 0xac, 0x90, 0xac, 0x90, 0xac, 0x6f, 0xac, 0x4f, 0xa4, 0x0e,
	0xa4, 0x0e, 0xa4, 0x2e, 0xa4, 0x2e, 0xa4, 0x0e, 0xa4, 0x2e, 0xac, 0x6f, 0xac, 0x6f, 0xa4, 0x2e,
	0x9c, 0x0e, 0x9b, 0xcd, 0x9b, 0xcd, 0x9b, 0xcd, 0xac, 0x4f, 0x6a, 0xa9, 0x31, 0x44, 0x5a, 0x47,
	0x62, 0x68, 0x41, 0x85, 0x41, 0xa6, 0xb5, 0x11, 0xac, 0xaf, 0x9c, 0x0d, 0xa4, 0x4e, 0xbd, 0x32,
	0xbd, 0x52, 0xc5, 0x52, 0xc5, 0x72, 0xb4, 0xf1, 0x9c, 0x0d, 0x93, 0xcc, 0x9c, 0x0d, 0x93, 0xed,
	0x93, 0xcc, 0x8b, 0xcd, 0x83, 0xac, 0x83, 0x8c, 0x7b, 0x6b, 0x73, 0x0a, 0x6a, 0xea, 0x73, 0x4b,
	0x73, 0x2b, 0x5a, 0x88, 0x18, 0xc3, 0x00, 0x61, 0x08, 0x62, 0x08, 0x62, 0x08, 0x82, 0x08, 0xa2,
	0x08, 0x82, 0x08, 0x62, 0x08, 0x62, 0x08, 0x62, 0x08, 0x62, 0x00, 0x61, 0x08, 0x82, 0x08, 0x82,
	0x10, 0xa3, 0x10, 0xa3, 0x31, 0xc7, 0x5a, 0xca, 0x31, 0xc6, 0x62, 0xeb, 0x8c, 0x0e, 0xac, 0xf2,
	0xa4, 0xf2, 0x84, 0x0f, 0x7b, 0x8d, 0x94, 0x50, 0x9c, 0x70, 0x94, 0x70, 0xa4, 0xb1, 0x9c, 0x70,
	0xde, 0xda, 0xde, 0xdb, 0xde, 0xdb, 0xde, 0xdb, 0xde, 0xdb, 0xde, 0xfb, 0xde, 0xfb, 0xde, 0xfb,
	0xde, 0xfb, 0xde, 0xfb, 0xe7, 0x1b, 0xe7, 0x1c, 0xe7, 0x1c, 0xe7, 0x1c, 0xe7, 0x1c, 0xe7, 0x3c,
	0xe7, 0x3c, 0xe7, 0x3c, 0xe7, 0x1c, 0xe7, 0x1c, 0xe7, 0x1c, 0xe7, 0x1c, 0xe7, 0x1c, 0xe7, 0x1c,
	0xe7, 0x1b, 0xe7, 0x1b, 0xe7, 0x1b, 0xe7, 0x1b, 0xe7, 0x1c, 0xe7, 0x1c, 0xe7, 0x1c, 0xe7, 0x1c,
	0xe7, 0x1c, 0xe7, 0x3c, 0xe7, 0x3c, 0xe7, 0x3c, 0xe7, 0x3c, 0xe7, 0x3c, 0xe7, 0x3c, 0xef, 0x3c,
	0xe7, 0x3c, 0xe7, 0x3c, 0xe7, 0x3c, 0xef, 0x3c, 0xe7, 0x3c, 0xef, 0x7d, 0xd6, 0x79, 0xa4, 0x90,
	0xb4, 0xf1, 0xb4, 0xf1, 0xac, 0x90, 0xac, 0x90, 0xac, 0xb0, 0xac, 0x90, 0xac, 0x6f, 0x9b, 0xcd,
	0xa4, 0x0d, 0xac, 0x4f, 0xb4, 0xb0, 0xac, 0x90, 0xac, 0x6f, 0xac, 0x90, 0xac, 0x6f, 0xac, 0x90,
	0xa4, 0x2e, 0x9b, 0xcd, 0x9b, 0xed, 0x9b, 0xcd, 0xa4, 0x0d, 0x7a, 0xea, 0x31, 0x23, 0x51, 0xe6,
	0x5a, 0x27, 0x41, 0xa6, 0x94, 0x0e, 0xc5, 0x72, 0xb4, 0xd0, 0x9c, 0x2d, 0xac, 0x8f, 0xb4, 0xf1,
	0xbd, 0x11, 0xbd, 0x32, 0xb5, 0x11, 0xa4, 0x4e, 0x8b, 0x8b, 0x93, 0xcc, 0x94, 0x0d, 0x93, 0xcd,
	0x93, 0xcd, 0x8b, 0xcd, 0x8b, 0xac, 0x83, 0x8c, 0x83, 0x6b, 0x6a, 0xea, 0x6a, 0xea, 0x73, 0x2b,
	0x6a, 0xea, 0x52, 0x47, 0x10, 0x82, 0x08, 0x62, 0x08, 0x62, 0x08, 0x62, 0x08, 0xa2, 0x08, 0x82,
	0x08, 0x62, 0x08, 0x62, 0x08, 0x62, 0x10, 0xc3, 0x18, 0xe3, 0x08, 0x82, 0x10, 0xa3, 0x21, 0x24,
	0x29, 0x45, 0x19, 0x04, 0x63, 0x2c, 0xb5, 0x74, 0x9c, 0xb2, 0x9c, 0xd2, 0xad, 0x33, 0xad, 0x33,
	0xad, 0x13, 0x8c, 0x2f, 0x7b, 0xad, 0x8c, 0x2f, 0x9c, 0x91, 0x94, 0x50, 0x94, 0x70, 0x94, 0x2f,
	0xde, 0xdb, 0xde, 0xdb, 0xde, 0xdb, 0xde, 0xdb, 0xde, 0xfb, 0xde, 0xfb, 0xde, 0xfb, 0xde, 0xfb,
	0xde, 0xfb, 0xe7, 0x1b, 0xe7, 0x1b, 0xe7, 0x1c, 0xe7, 0x1c, 0xe7, 0x1c, 0xe7, 0x3c, 0xe7, 0x3c,
	0xe7, 0x3c, 0xe7, 0x3c, 0xe7, 0x3c, 0xe7, 0x3c, 0xe7, 0x3c, 0xe7, 0x3c, 0xe7, 0x1c, 0xe7, 0x1c,
	0xe7, 0x1c, 0xe7, 0x1b, 0xe7, 0x1b, 0xe7, 0x1c, 0xe7, 0x1c, 0xe7, 0x1c, 0xe7, 0x1c, 0xe7, 0x1c,
	0xe7, 0x1c, 0xe7, 0x3c, 0xe7, 0x3c, 0xe7, 0x3c, 0xe7, 0x3c, 0xe7, 0x1c, 0xe7, 0x3c, 0xe7, 0x3c,
	0xef, 0x3c, 0xe7, 0x3c, 0xe7, 0x3c, 0xef, 0x3c, 0xe7, 0x3c, 0xef, 0x7d, 0xd6, 0x58, 0xac, 0xb0,
	0xb4, 0xf1, 0xb4, 0xf1, 0xac, 0xb1, 0xac, 0xd1, 0xac, 0xb0, 0xac, 0x6f, 0x93, 0xac, 0x7a, 0xc9,
	0x7a, 0xea, 0xac, 0x4f, 0xb4, 0xb0, 0xb4, 0xf1, 0xb4, 0xf1, 0xbc, 0xf1, 0xbd, 0x12, 0xbc, 0xf2,
	0xac, 0x90, 0xa4, 0x0e, 0xa4, 0x0e, 0x9b, 0xcd, 0x9b, 0xed, 0x93, 0x8c, 0x39, 0x65, 0x41, 0x85,
	0x52, 0x07, 0x7b, 0x4c, 0xbd, 0x32, 0xac, 0x8f, 0xa4, 0x2e, 0xb4, 0xf1, 0xc5, 0x93, 0xbd, 0x11,
	0xb4, 0xd1, 0xb4, 0xf1, 0xb4, 0xf1, 0x93, 0xed, 0x83, 0x4a, 0x93, 0xed, 0x93, 0xed, 0x8b, 0xac,
	0x8b, 0xac, 0x8b, 0xcc, 0x8b, 0xac, 0x83, 0xac, 0x83, 0x6c, 0x6a, 0xea, 0x6a, 0xea, 0x73, 0x0a,
	0x62, 0xa9, 0x39, 0xa5, 0x08, 0x62, 0x08, 0x62, 0x08, 0x62, 0x08, 0x82, 0x08, 0x82, 0x08, 0x62,
	0x08, 0x62, 0x08, 0x62, 0x08, 0x62, 0x10, 0xc3, 0x19, 0x04, 0x10, 0xc3, 0x19, 0x04, 0x08, 0x62,
	0x10, 0xa2, 0x31, 0xa6, 0x52, 0xca, 0x7b, 0xce, 0xad, 0x13, 0xa5, 0x13, 0x9c, 0xd2, 0xa4, 0xd2,
	0xad, 0x13, 0x94, 0x70, 0x8c, 0x50, 0x8c, 0x2f, 0x8c, 0x2f, 0x8c, 0x2f, 0x94, 0x50, 0x8c, 0x2f,
	0xde, 0xdb, 0xde, 0xdb, 0xde, 0xdb, 0xde, 0xdb, 0xde, 0xfb, 0xde, 0xfb, 0xde, 0xfb, 0xde, 0xfb,
	0xe7, 0x1b, 0xe7, 0x1b, 0xe7, 0x1b, 0xe7, 0x1c, 0xe7, 0x1c, 0xe7, 0x1c, 0xe7, 0x3c, 0xe7, 0x3c,
	0xe7, 0x3c, 0xe7, 0x3c, 0xe7, 0x3c, 0xe7, 0x3c, 0xe7, 0x3c, 0xe7, 0x3c, 0xe7, 0x3c, 0xe7, 0x3c,
	0xe7, 0x1c, 0xe7, 0x1c, 0xe7, 0x1c, 0xe7, 0x1c, 0xe7, 0x1c, 0xe7, 0x1c, 0xe7, 0x1c, 0xe7, 0x3c,
	0xe7, 0x3c, 0xe7, 0x3c, 0xe7, 0x3c, 0xe7, 0x3c, 0xe7, 0x3c, 0xe7, 0x3c, 0xe7, 0x3c, 0xe7, 0x3c,
	0xe7, 0x3c, 0xe7, 0x3c, 0xef, 0x3c, 0xef, 0x3c, 0xe7, 0x3c, 0xef, 0x7d, 0xce, 0x37, 0xac, 0xd1,
	0xb4, 0xf2, 0xac, 0xd1, 0xac, 0xd1, 0xb4, 0xf1, 0xac, 0x90, 0xa4, 0x2e, 0x93, 0xcd, 0x7b, 0x2b,
	0x5a, 0x27, 0x83, 0x0a, 0xac, 0x4f, 0xb4, 0xd1, 0xbc, 0xf1, 0xbd, 0x12, 0xbd, 0x12, 0xbc, 0xf2,
	0xbd, 0x12, 0xb4, 0xb0, 0xa4, 0x4f, 0xa4, 0x0e, 0x9b, 0xed, 0x9b, 0xad, 0x62, 0x88, 0x31, 0x44,
	0x5a, 0x68, 0xb5, 0x12, 0xc5, 0x31, 0xa4, 0x2d, 0xa4, 0x6f, 0xb4, 0xd0, 0xb5, 0x11, 0xc5, 0x73,
	0xc5, 0x53, 0xb5, 0x11, 0xb4, 0xd0, 0x93, 0xcc, 0x83, 0x4b, 0x8b, 0xcc, 0x93, 0xcd, 0x8b, 0xac,
	0x8b, 0xac, 0x83, 0x8c, 0x8b, 0xac, 0x83, 0xac, 0x7b, 0x6b, 0x6a, 0xe9, 0x6b, 0x0a, 0x62, 0xc9,
	0x52, 0x47, 0x10, 0xc3, 0x00, 0x61, 0x08, 0x62, 0x08, 0x62, 0x08, 0x82, 0x08, 0x62, 0x08, 0x62,
	0x08, 0x62, 0x08, 0x62, 0x08, 0x62, 0x08, 0x62, 0x18, 0xe3, 0x08, 0x82, 0x08, 0x82, 0x10, 0xa3,
	0x21, 0x45, 0x3a, 0x07, 0x4a, 0x89, 0x94, 0x91, 0x94, 0x70, 0x94, 0x70, 0x94, 0x70, 0x94, 0x70,
	0xa4, 0xf2, 0x94, 0x50, 0x94, 0x50, 0x84, 0x0f, 0x84, 0x0e, 0x94, 0x4f, 0x94, 0x4f, 0x9c, 0x70,
	0xde, 0xdb, 0xde, 0xdb, 0xde, 0xdb, 0xde, 0xfb, 0xde, 0xfb, 0xde, 0xfb, 0xde, 0xfb, 0xe6, 0xfb,
	0xe7, 0x1b, 0xe7, 0x1b, 0xe7, 0x1c, 0xe7, 0x1c, 0xe7, 0x1c, 0xe7, 0x3c, 0xe7, 0x3c, 0xe7, 0x3c,
	0xe7, 0x3c, 0xe7, 0x3c, 0xe7, 0x3c, 0xe7, 0x3c, 0xe7, 0x3c, 0xe7, 0x3c, 0xe7, 0x3c, 0xe7, 0x3c,
	0xe7, 0x1c, 0xe7, 0x1c, 0xe7, 0x1c, 0xe7, 0x1c, 0xe7, 0x1c, 0xe7, 0x1c, 0xe7, 0x1c, 0xe7, 0x3c,
	0xe7, 0x3c, 0xe7, 0x3c, 0xe7, 0x3c, 0xe7, 0x3c, 0xe7, 0x3c, 0xe7, 0x3c, 0xe7, 0x3c, 0xe7, 0x3c,
	0xe7, 0x3c, 0xe7, 0x3c, 0xe7, 0x3c, 0xe7, 0x3c, 0xe7, 0x3c, 0xef, 0x7d, 0xce, 0x17, 0xac, 0x90,
	0xac, 0xf2, 0xb4, 0xf2, 0xb4, 0xf2, 0xb4, 0xd1, 0xa4, 0x2f, 0x9c, 0x0e, 0xa4, 0x4f, 0x9b, 0xee,
	0x83, 0x4b, 0x62, 0x27, 0x82, 0xe9, 0xac, 0x6f, 0xb4, 0xd1, 0xbc, 0xf1, 0xbd, 0x32, 0xbd, 0x12,
	0xbc, 0xf1, 0xb4, 0xd1, 0xac, 0x70, 0xa4, 0x4f, 0xa4, 0x2f, 0x9b, 0xee, 0x8b, 0x8c, 0x39, 0x85,
	0x94, 0x0e, 0xc5, 0x72, 0xb4, 0xaf, 0xac, 0x6f, 0xbd, 0x11, 0xac, 0xd0, 0x9c, 0x2e, 0xac, 0xb0,
	0xb5, 0x11, 0xbd, 0x11, 0xac, 0xb0, 0x9c, 0x0d, 0x8b, 0xac, 0x8b, 0xac, 0x83, 0x6b, 0x83, 0x8b,
	0x8b, 0xac, 0x83, 0x8c, 0x83, 0xac, 0x83, 0xac, 0x7b, 0x4b, 0x6a, 0xea, 0x62, 0xa9, 0x5a, 0x68,
	0x4a, 0x07, 0x08, 0x82, 0x08, 0x62, 0x08, 0x62, 0x08, 0x62, 0x08, 0x62, 0x08, 0x62, 0x08, 0x62,
	0x08, 0x62, 0x08, 0x62, 0x00, 0x61, 0x08, 0x62, 0x19, 0x04, 0x10, 0xa2, 0x21, 0x24, 0x10, 0xa3,
	0x31, 0xc7, 0x5b, 0x0b, 0x9c, 0xd2, 0x94, 0x50, 0x83, 0xce, 0x94, 0x70, 0x94, 0x70, 0x94, 0x50,
	0xa4, 0xd2, 0x9c, 0xb1, 0x9c, 0x91, 0x8c, 0x2f, 0x94, 0x91, 0x8c, 0x2f, 0x94, 0x70, 0x9c, 0x70,
	0xde, 0xdb, 0xde, 0xdb, 0xde, 0xdb, 0xde, 0xdb, 0xde, 0xfb, 0xde, 0xfb, 0xde, 0xfb, 0xe6, 0xfb,
	0xe6, 0xfb, 0xe7, 0x1c, 0xe7, 0x1c, 0xe7, 0x1c, 0xe7, 0x3c, 0xe7, 0x3c, 0xe7, 0x3c, 0xe7, 0x3c,
	0xe7, 0x3c, 0xe7, 0x3c, 0xe7, 0x3c, 0xef, 0x3c, 0xe7, 0x3c, 0xe7, 0x3c, 0xe7, 0x3c, 0xe7, 0x3c,
	0xe7, 0x3c, 0xe7, 0x3c, 0xe7, 0x1c, 0xe7, 0x3c, 0xe7, 0x3c, 0xe7, 0x3c, 0xe7, 0x3c, 0xe7, 0x3c,
	0xe7, 0x3c, 0xe7, 0x3c, 0xe7, 0x3c, 0xe7, 0x3c, 0xe7, 0x3c, 0xe7, 0x3c, 0xe7, 0x3c, 0xe7, 0x3c,
	0xe7, 0x3c, 0xe7, 0x3c, 0xe7, 0x3c, 0xe7, 0x3c, 0xe7, 0x3c, 0xef, 0x7d, 0xce, 0x37, 0xa4, 0x90,
	0xb5, 0x13, 0xbd, 0x33, 0xb5, 0x12, 0xac, 0xb1, 0xac, 0x90, 0xb4, 0xd1, 0xb4, 0xf2, 0xac, 0x90,
	0xa4, 0x0e, 0x7a, 0xc9, 0x49, 0x64, 0x8b, 0x2b, 0xb4, 0x90, 0xb4, 0xd1, 0xbc, 0xf2, 0xbd, 0x32,
	0xbc, 0xf2, 0xb4, 0xd1, 0xa4, 0x2f, 0xa4, 0x2f, 0xa4, 0x2f, 0x9b, 0xed, 0x93, 0xad, 0x7b, 0x2b,
	0xbd, 0x52, 0xbc, 0xf0, 0xa4, 0x4e, 0xb4, 0xf1, 0xc5, 0x72, 0xbd, 0x11, 0xa4, 0x8f, 0x9c, 0x2e,
	0xa4, 0x8f, 0xac, 0xb0, 0xac, 0x8f, 0x9c, 0x2d, 0x8b, 0xac, 0x83, 0x6b, 0x73, 0x0a, 0x73, 0x0a,
	0x7b, 0x4b, 0x7b, 0x6b, 0x7b, 0x4b, 0x7b, 0x4b, 0x73, 0x0a, 0x62, 0xa9, 0x52, 0x68, 0x52, 0x68,
	0x4a, 0x27, 0x10, 0xa2, 0x00, 0x62, 0x08, 0x62, 0x08, 0x82, 0x08, 0x62, 0x08, 0x62, 0x08, 0x62,
	0x00, 0x61, 0x08, 0x62, 0x10, 0xc3, 0x10, 0xc3, 0x21, 0x45, 0x10, 0xc3, 0x10, 0xa2, 0x4a, 0x89,
	0x63, 0x2c, 0x73, 0xae, 0x84, 0x0f, 0x4a, 0x68, 0x6b, 0x4c, 0x94, 0x70, 0x8c, 0x2f, 0x8c, 0x2f,
	0xa4, 0xd2, 0x9c, 0xb1, 0x9c, 0x91, 0x94, 0x70, 0x94, 0x70, 0x8c, 0x0f, 0x9c, 0x91, 0x8c, 0x2f,
	0xde, 0xda, 0xde, 0xdb, 0xde, 0xdb, 0xde, 0xdb, 0xde, 0xfb, 0xde, 0xfb, 0xde, 0xfb, 0xe6, 0xfb,
	0xe7, 0x1b, 0xe7, 0x1b, 0xe7, 0x1c, 0xe7, 0x1c, 0xe7, 0x3c, 0xe7, 0x3c, 0xe7, 0x3c, 0xe7, 0x3c,
	0xe7, 0x3c, 0xe7, 0x3c, 0xef, 0x3c, 0xe7, 0x3c, 0xe7, 0x3c, 0xe7, 0x3c, 0xe7, 0x3c, 0xe7, 0x3c,
	0xe7, 0x3c, 0xe7, 0x3c, 0xe7, 0x3c, 0xe7, 0x3c, 0xe7, 0x1c, 0xe7, 0x3c, 0xe7, 0x3c, 0xe7, 0x3c,
	0xe7, 0x3c, 0xe7, 0x3c, 0xe7, 0x3c, 0xe7, 0x3c, 0xe7, 0x3c, 0xe7, 0x3c, 0xe7, 0x3c, 0xe7, 0x3c,
	0xe7, 0x3c, 0xe7, 0x3c, 0xe7, 0x3c, 0xe7, 0x3c, 0xe7, 0x3c, 0xef, 0x7d, 0xce, 0x17, 0xac, 0xd2,
	0xb5, 0x33, 0xbd, 0x33, 0xbd, 0x33, 0xb5, 0x12, 0xbd, 0x12, 0xbd, 0x33, 0xbd, 0x12, 0xbc, 0xd1,
	0xa4, 0x0d, 0x7a, 0xc9, 0x51, 0xc5, 0x6a, 0x88, 0x93, 0x4b, 0xb4, 0x6f, 0xb4, 0xd1, 0xbc, 0xf1,
	0xb4, 0xd1, 0xb4, 0xb0, 0xac, 0x6f, 0xa4, 0x4f, 0xa4, 0x2f, 0xa4, 0x4f, 0x83, 0x4c, 0xa4, 0x90,
	0xc5, 0x31, 0xa4, 0x2e, 0xac, 0x8f, 0xbd, 0x11, 0xbd, 0x11, 0xbd, 0x11, 0xac, 0xb0, 0x9c, 0x4e,
	0xa4, 0x4e, 0xa4, 0x8f, 0xac, 0xb0, 0xa4, 0x4e, 0x93, 0xed, 0x83, 0x6b, 0x6a, 0xc9, 0x62, 0x88,
	0x6a, 0xc9, 0x72, 0xea, 0x6b, 0x0a, 0x73, 0x0a, 0x6b, 0x0a, 0x5a, 0x89, 0x52, 0x68, 0x52, 0x68,
	0x4a, 0x07, 0x08, 0x82, 0x00, 0x62, 0x08, 0x62, 0x08, 0x82, 0x08, 0x62, 0x00, 0x61, 0x08, 0x62,
	0x08, 0x82, 0x10, 0xc3, 0x18, 0xe3, 0x08, 0x82, 0x10, 0xc3, 0x3a, 0x08, 0x6b, 0x4c, 0x5a, 0xcb,
	0x3a, 0x08, 0x84, 0x30, 0x7b, 0xce, 0x73, 0x8d, 0x94, 0x90, 0xa4, 0xb1, 0x9c, 0xb1, 0x9c, 0x91,
	0x9c, 0xb1, 0x9c, 0x91, 0x94, 0x70, 0x94, 0x70, 0x94, 0x91, 0x9c, 0xb1, 0xad, 0x12, 0x94, 0x50,
	0xde, 0xda, 0xde, 0xdb, 0xde, 0xdb, 0xde, 0xdb, 0xde, 0xfb, 0xde, 0xfb, 0xde, 0xfb, 0xe6, 0xfb,
	0xe7, 0x1b, 0xe7, 0x1b, 0xe7, 0x1b, 0xe7, 0x1c, 0xe7, 0x3c, 0xe7, 0x3c, 0xe7, 0x3c, 0xe7, 0x3c,
	0xe7, 0x3c, 0xe7, 0x3c, 0xe7, 0x3c, 0xe7, 0x3c, 0xe7, 0x3c, 0xe7, 0x3c, 0xe7, 0x3c, 0xe7, 0x3c,
	0xe7, 0x3c, 0xe7, 0x3c, 0xe7, 0x3c, 0xe7, 0x3c, 0xe7, 0x3c, 0xe7, 0x3c, 0xe7, 0x3c, 0xe7, 0x3c,
	0xe7, 0x3c, 0xe7, 0x3c, 0xe7, 0x3c, 0xe7, 0x3c, 0xe7, 0x3c, 0xe7, 0x3c, 0xef, 0x3c, 0xe7, 0x3c,
	0xe7, 0x3c, 0xe7, 0x3c, 0xe7, 0x3c, 0xe7, 0x3c, 0xe7, 0x3c, 0xef, 0x5d, 0xbd, 0xb5, 0xac, 0xb1,
	0xb5, 0x12, 0xbd, 0x54, 0xb5, 0x12, 0xb5, 0x12, 0xbd, 0x33, 0xac, 0x8f, 0x7b, 0x0a, 0x6a, 0x68,
	0x72, 0x88, 0x59, 0xc5, 0x6a, 0x68, 0x9c, 0x0e, 0x8b, 0x6b, 0x93, 0x8c, 0xb4, 0x70, 0xb4, 0xb0,
	0xb4, 0xb0, 0xb4, 0xd1, 0xb4, 0xb0, 0xac, 0x6f, 0xac, 0x6f, 0x9c, 0x2f, 0x83, 0x8d, 0xc5, 0x93,
	0xb4, 0xd0, 0xac, 0x6e, 0xbd, 0x32, 0xb4, 0xf0, 0xac, 0xb0, 0xbd, 0x11, 0xac, 0xb0, 0xa4, 0x6f,
	0xa4, 0x6f, 0xa4, 0x6f, 0xac, 0x8f, 0xac, 0x8f, 0xa4, 0x4e, 0x93, 0xcd, 0x73, 0x0a, 0x62, 0x88,
	0x5a, 0x88, 0x62, 0xa9, 0x62, 0xc9, 0x6a, 0xea, 0x6a, 0xea, 0x5a, 0x88, 0x52, 0x48, 0x52, 0x68,
	0x29, 0x44, 0x00, 0x41, 0x08, 0x62, 0x08, 0x82, 0x08, 0x61, 0x00, 0x61, 0x08, 0x82, 0x10, 0xc3,
	0x10, 0xc3, 0x10, 0xa2, 0x10, 0xa2, 0x10, 0xc3, 0x19, 0x04, 0x42, 0x48, 0x42, 0x08, 0x29, 0x86,
	0x42, 0x49, 0x94, 0x91, 0x83, 0xee, 0x83, 0xee, 0x9c, 0xb1, 0x9c, 0xb1, 0x9c, 0x70, 0x94, 0x50,
	0x9c, 0xb1, 0x9c, 0xb1, 0x8c, 0x2f, 0x9c, 0x91, 0x94, 0x91, 0xad, 0x33, 0xbd, 0x74, 0x9c, 0xb1,
	0xde, 0xda, 0xde, 0xdb, 0xde, 0xdb, 0xde, 0xdb, 0xde, 0xfb, 0xde, 0xfb, 0xde, 0xfb, 0xde, 0xfb,
	0xe6, 0xfb, 0xe7, 0x1b, 0xe7, 0x1b, 0xe7, 0x1c, 0xe7, 0x3c, 0xe7, 0x3c, 0xe7, 0x3c, 0xe7, 0x3c,
	0xe7, 0x3c, 0xe7, 0x3c, 0xe7, 0x3c, 0xe7, 0x3c, 0xe7, 0x3c, 0xe7, 0x3c, 0xe7, 0x3c, 0xe7, 0x3c,
	0xe7, 0x3c, 0xe7, 0x3c, 0xe7, 0x3c, 0xe7, 0x3c, 0xe7, 0x3c, 0xe7, 0x3c, 0xe7, 0x3c, 0xe7, 0x3c,
	0xe7, 0x3c, 0xe7, 0x3c, 0xe7, 0x3c, 0xe7, 0x3c, 0xe7, 0x3c, 0xe7, 0x3c, 0xe7, 0x3c, 0xe7, 0x3c,
	0xe7, 0x3c, 0xe7, 0x3c, 0xe7, 0x3c, 0xe7, 0x3c, 0xef, 0x5c, 0xe6, 0xfb, 0xb5, 0x33, 0xb5, 0x13,
	0xbd, 0x33, 0xbd, 0x33, 0xb4, 0xb1, 0xac, 0x90, 0x8b, 0x8c, 0x31, 0x44, 0x08, 0x41, 0x39, 0x23,
	0x51, 0xa5, 0x5a, 0x07, 0x93, 0xcd, 0xac, 0x6f, 0xa4, 0x2f, 0x8b, 0x6c, 0x93, 0x8c, 0xac, 0x4f,
	0xac, 0x90, 0xac, 0x90, 0xac, 0x90, 0xa4, 0x4f, 0xa4, 0x4f, 0x83, 0x6c, 0xb4, 0xf1, 0xc5, 0x11,
	0xa4, 0x4e, 0xb4, 0xf0, 0xc5, 0x52, 0xbd, 0x11, 0xac, 0xd0, 0xb4, 0xd0, 0xb4, 0xd0, 0xac, 0x8f,
	0xa4, 0x6f, 0xa4, 0x4e, 0xa4, 0x4e, 0xac, 0x8f, 0xac, 0x8f, 0x9c, 0x2e, 0x7b, 0x6b, 0x62, 0xa8,
	0x5a, 0x68, 0x5a, 0x88, 0x62, 0x88, 0x62, 0xc9, 0x62, 0xc9, 0x5a, 0x68, 0x52, 0x48, 0x39, 0xa5,
	0x08, 0x62, 0x08, 0x62, 0x08, 0x62, 0x08, 0x82, 0x19, 0x04, 0x18, 0xe3, 0x4a, 0x69, 0x42, 0x28,
	0x00, 0x41, 0x00, 0x41, 0x08, 0x82, 0x08, 0x82, 0x29, 0x45, 0x10, 0xc3, 0x08, 0x62, 0x31, 0xa6,
	0x6b, 0x4d, 0x9c, 0xd2, 0x94, 0x70, 0x8c, 0x0f, 0x94, 0x50, 0x94, 0x4f, 0x8b, 0xee, 0x8c, 0x0f,
	0x9c, 0xb1, 0xac, 0xf2, 0x94, 0x70, 0x9c, 0x91, 0x9c, 0xb1, 0x9c, 0xb1, 0xb5, 0x33, 0xb5, 0x54,
	0xde, 0xda, 0xde, 0xdb, 0xde, 0xdb, 0xde, 0xdb, 0xde, 0xdb, 0xde, 0xfb, 0xde, 0xfb, 0xde, 0xfb,
	0xe6, 0xfb, 0xe7, 0x1b, 0xe7, 0x1b, 0xe7, 0x1c, 0xe7, 0x1c, 0xe7, 0x3c, 0xe7, 0x3c, 0xe7, 0x3c,
	0xe7, 0x3c, 0xe7, 0x3c, 0xe7, 0x3c, 0xe7, 0x3c, 0xe7, 0x3c, 0xe7, 0x3c, 0xe7, 0x3c, 0xe7, 0x3c,
	0xe7, 0x3c, 0xe7, 0x3c, 0xe7, 0x3c, 0xe7, 0x3c, 0xe7, 0x3c, 0xe7, 0x3c, 0xe7, 0x3c, 0xe7, 0x3c,
	0xe7, 0x3c, 0xe7, 0x3c, 0xef, 0x3c, 0xe7, 0x3c, 0xe7, 0x3c, 0xe7, 0x3c, 0xe7, 0x3c, 0xe7, 0x3c,
	0xe7, 0x3c, 0xe7, 0x3c, 0xe7, 0x3c, 0xe7, 0x1c, 0xef, 0x5d, 0xd6, 0x58, 0xa4, 0x70, 0xac, 0x90,
	0xac, 0x70, 0xa4, 0x2e, 0xa4, 0x0e, 0x7b, 0x2a, 0x20, 0xa2, 0x18, 0x81, 0x5a, 0x06, 0x6a, 0x68,
	0x72, 0xa9, 0x8b, 0x8c, 0xac, 0x6f, 0xa4, 0x4f, 0xa4, 0x6f, 0xa4, 0x4f, 0x8b, 0x6b, 0x8b, 0x2a,
	0xa4, 0x0d, 0xac, 0x6f, 0xac, 0x90, 0xac, 0x6f, 0x9b, 0xee, 0x8b, 0xce, 0xcd, 0x93, 0xac, 0x8f,
	0xac, 0x8f, 0xc5, 0x52, 0xbd, 0x11, 0xb4, 0xf0, 0xac, 0xb0, 0xac, 0x8f, 0xac, 0xb0, 0xac, 0x8f,
	0xa4, 0x4e, 0x94, 0x0d, 0x93, 0xed, 0x9c, 0x2e, 0xac, 0x90, 0xa4, 0x6f, 0x8b, 0xac, 0x6a, 0xe9,
	0x5a, 0x88, 0x5a, 0x47, 0x5a, 0x68, 0x5a, 0x88, 0x5a, 0x88, 0x5a, 0x68, 0x52, 0x48, 0x21, 0x03,
	0x00, 0x41, 0x08, 0x62, 0x00, 0x61, 0x18, 0xe3, 0x31, 0xa6, 0x31, 0xa6, 0x39, 0xe7, 0x6b, 0x2c,
	0x6b, 0x2c, 0x42, 0x08, 0x31, 0xa6, 0x29, 0x45, 0x10, 0xe3, 0x31, 0xc6, 0x3a, 0x07, 0x4a, 0x89,
	0x8c, 0x50, 0x8c, 0x2f, 0x6b, 0x4c, 0x8c, 0x2f, 0x9c, 0x91, 0x9c, 0xb1, 0x9c, 0x91, 0x9c, 0x91,
	0x94, 0x91, 0xb5, 0x33, 0x9c, 0xb1, 0x9c, 0xb1, 0x9c, 0xd2, 0x8c, 0x50, 0x8c, 0x50, 0x9c, 0xb2,
	0xde, 0xda, 0xde, 0xda, 0xde, 0xdb, 0xde, 0xdb, 0xde, 0xdb, 0xde, 0xdb, 0xde, 0xfb, 0xde, 0xfb,
	0xde, 0xfb, 0xe7, 0x1b, 0xe7, 0x1b, 0xe7, 0x1b, 0xe7, 0x1c, 0xe7, 0x3c, 0xe7, 0x3c, 0xe7, 0x3c,
	0xe7, 0x3c, 0xe7, 0x3c, 0xe7, 0x3c, 0xe7, 0x3c, 0xe7, 0x3c, 0xe7, 0x3c, 0xe7, 0x3c, 0xe7, 0x3c,
	0xe7, 0x3c, 0xe7, 0x3c, 0xe7, 0x3c, 0xe7, 0x3c, 0xe7, 0x3c, 0xe7, 0x3c, 0xe7, 0x3c, 0xe7, 0x3c,
	0xe7, 0x3c, 0xe7, 0x3c, 0xe7, 0x3c, 0xef, 0x3c, 0xe7, 0x3c, 0xe7, 0x3c, 0xef, 0x3c, 0xe7, 0x3c,
	0xe7, 0x3c, 0xe7, 0x3c, 0xe7, 0x3c, 0xe7, 0x3c, 0xef, 0x7d, 0xce, 0x58, 0x8b, 0x8c, 0xa4, 0x0e,
	0x9b, 0xcd, 0x9b, 0xcd, 0x8b, 0x6c, 0x18, 0xc3, 0x10, 0x81, 0x62, 0x68, 0x7a, 0xea, 0x72, 0xc9,
	0x93, 0xad, 0x9b, 0xee, 0xa4, 0x4f, 0xa4, 0x2e, 0x93, 0xcd, 0x83, 0x4b, 0xa4, 0x0e, 0x83, 0x4b,
	0x82, 0xea, 0x9b, 0xcd, 0xa4, 0x0e, 0xa4, 0x0e, 0x83, 0x6c, 0xb5, 0x12, 0xbd, 0x11, 0xa4, 0x4e,
	0xbd, 0x11, 0xb4, 0xf0, 0xb4, 0xd0, 0xb4, 0xb0, 0xac, 0x8f, 0xa4, 0x6f, 0xac, 0x8f, 0xac, 0x8f,
	0xa4, 0x4f, 0x9c, 0x0e, 0x94, 0x0d, 0x9c, 0x2e, 0xa4, 0x4f, 0xa4, 0x6f, 0x94, 0x0e, 0x6b, 0x0a,
	0x62, 0xa9, 0x5a, 0x68, 0x52, 0x27, 0x5a, 0x48, 0x5a, 0x88, 0x5a, 0x68, 0x4a, 0x27, 0x10, 0xc3,
	0x00, 0x61, 0x08, 0x82, 0x18, 0xe4, 0x31, 0xc6, 0x08, 0x82, 0x08, 0x62, 0x21, 0x24, 0x31, 0xa6,
	0x6b, 0x6c, 0x8c, 0x50, 0x8c, 0x50, 0x94, 0x91, 0x8c, 0x50, 0x8c, 0x50, 0x8c, 0x30, 0x8c, 0x50,
	0x73, 0xae, 0x52, 0x89, 0x83, 0xce, 0x9c, 0xb1, 0xa4, 0xd2, 0xa4, 0xd2, 0x9c, 0x91, 0x94, 0x91,
	0x94, 0x50, 0xa4, 0xf2, 0xb5, 0x54, 0xad, 0x13, 0xa4, 0xd2, 0x94, 0x70, 0x8c, 0x2f, 0x83, 0xef,
	0xde, 0xda, 0xde, 0xda, 0xde, 0xdb, 0xde, 0xdb, 0xde, 0xdb, 0xde, 0xfb, 0xde, 0xfb, 0xde, 0xfb,
	0xde, 0xfb, 0xe7, 0x1b, 0xe7, 0x1b, 0xe7, 0x1b, 0xe7, 0x1c, 0xe7, 0x3c, 0xe7, 0x3c, 0xe7, 0x3c,
	0xe7, 0x3c, 0xe7, 0x3c, 0xe7, 0x3c, 0xe7, 0x3c, 0xe7, 0x3c, 0xe7, 0x3c, 0xe7, 0x3c, 0xe7, 0x3c,
	0xe7, 0x3c, 0xe7, 0x3c, 0xe7, 0x3c, 0xe7, 0x3c, 0xef, 0x3c, 0xef, 0x3c, 0xef, 0x3c, 0xe7, 0x3c,
	0xe7, 0x3c, 0xe7, 0x3c, 0xef, 0x3c, 0xef, 0x3c, 0xef, 0x3c, 0xef, 0x3c, 0xef, 0x3c, 0xef, 0x3c,
	0xe7, 0x3c, 0xef, 0x3c, 0xef, 0x3c, 0xe7, 0x3c, 0xe7, 0x3c, 0xe7, 0x1c, 0x93, 0xee, 0x83, 0x0a,
	0x8b, 0x4b, 0x9b, 0xcd, 0x62, 0x88, 0x20, 0xa1, 0x51, 0xc5, 0x83, 0x2a, 0x62, 0x27, 0x83, 0x2b,
	0x93, 0xcd, 0x9b, 0xed, 0xa4, 0x2e, 0x9c, 0x0e, 0x9c, 0x2f, 0x93, 0xcd, 0x93, 0xac, 0x93, 0xcd,
	0x7a, 0xea, 0x72, 0xa8, 0x9b, 0xac, 0x8b, 0x6b, 0x93, 0xee, 0xcd, 0x93, 0xac, 0x6e, 0xb4, 0xd0,
	0xc5, 0x52, 0xb4, 0xf1, 0xb4, 0xd0, 0xac, 0x8f, 0xa4, 0x6e, 0x9c, 0x4e, 0x9c, 0x4e, 0xa4, 0x6e,
	0xa4, 0x6f, 0xa4, 0x6f, 0xa4, 0x6f, 0xa4, 0x6f, 0xa4, 0x4f, 0x9c, 0x2e, 0x94, 0x0e, 0x73, 0x4b,
	0x5a, 0x88, 0x5a, 0x68, 0x52, 0x47, 0x52, 0x47, 0x52, 0x68, 0x5a, 0x68, 0x31, 0x85, 0x08, 0x62,
	0x08, 0x82, 0x08, 0x82, 0x19, 0x04, 0x08, 0x82, 0x00, 0x41, 0x08, 0x62, 0x10, 0xc3, 0x10, 0xc3,
	0x10, 0xa3, 0x18, 0xe3, 0x29, 0x65, 0x42, 0x08, 0x5a, 0xeb, 0x7b, 0xce, 0x8c, 0x50, 0xa4, 0xd2,
	0x8c, 0x50, 0x83, 0xef, 0x94, 0x50, 0xa4, 0xd1, 0x9c, 0x90, 0x94, 0x70, 0x94, 0x70, 0x8c, 0x50,
	0x84, 0x0f, 0x83, 0xee, 0x8c, 0x2f, 0x9c, 0x91, 0x94, 0x70, 0x8c, 0x2f, 0x73, 0xad, 0x73, 0x8d,
	0xd6, 0xba, 0xde, 0xdb, 0xde, 0xdb, 0xde, 0xdb, 0xde, 0xdb, 0xde, 0xfb, 0xde, 0xfb, 0xde, 0xfb,
	0xe6, 0xfb, 0xe6, 0xfb, 0xe7, 0x1b, 0xe7, 0x1c, 0xe7, 0x1c, 0xe7, 0x1c, 0xe7, 0x3c, 0xe7, 0x3c,
	0xe7, 0x3c, 0xe7, 0x3c, 0xe7, 0x3c, 0xe7, 0x3c, 0xe7, 0x3c, 0xe7, 0x3c, 0xe7, 0x3c, 0xe7, 0x3c,
	0xe7, 0x3c, 0xe7, 0x3c, 0xe7, 0x3c, 0xe7, 0x3c, 0xef, 0x3c, 0xef, 0x3c, 0xef, 0x3c, 0xe7, 0x3c,
	0xe7, 0x3c, 0xe7, 0x3c, 0xef, 0x3c, 0xef, 0x3c, 0xef, 0x3c, 0xef, 0x3c, 0xef, 0x3c, 0xef, 0x3c,
	0xe7, 0x3c, 0xe7, 0x3c, 0xef, 0x3c, 0xe7, 0x3c, 0xe7, 0x3c, 0xef, 0x5c, 0xe6, 0xfb, 0xb4, 0xf2,
	0x93, 0xcd, 0x8b, 0x8c, 0x7b, 0x2b, 0x72, 0xea, 0x8b, 0x6c, 0x62, 0x68, 0x59, 0xe6, 0x8b, 0xac,
	0x93, 0xad, 0x9c, 0x0e, 0x93, 0xed, 0x93, 0xad, 0x93, 0xcd, 0x8b, 0x8c, 0x7b, 0x2b, 0x7b, 0x2a,
	0x93, 0xac, 0x72, 0xc9, 0x7a, 0xe9, 0x7b, 0x2b, 0xb5, 0x12, 0xbd, 0x10, 0xac, 0x8f, 0xbd, 0x31,
	0xbd, 0x31, 0xbd, 0x31, 0xb4, 0xd0, 0xac, 0x6f, 0xa4, 0x4e, 0x9c, 0x2e, 0x9c, 0x2e, 0xa4, 0x4e,
	0xa4, 0x4f, 0xa4, 0x6f, 0xa4, 0x6f, 0xa4, 0x6f, 0x9c, 0x4f, 0x9c, 0x2e, 0x93, 0xed, 0x8b, 0xcd,
	0x62, 0xea, 0x52, 0x47, 0x52, 0x47, 0x4a, 0x27, 0x52, 0x47, 0x4a, 0x27, 0x18, 0xe3, 0x00, 0x61,
	0x08, 0x82, 0x08, 0x82, 0x08, 0x62, 0x08, 0x62, 0x08, 0x62, 0x08, 0x62, 0x08, 0x82, 0x08, 0x82,
	0x08, 0x82, 0x10, 0xa2, 0x08, 0x82, 0x10, 0xa3, 0x31, 0xa6, 0x31, 0x86, 0x3a, 0x08, 0x63, 0x0b,
	0x83, 0xee, 0x8c, 0x2f, 0x94, 0x70, 0x9c, 0xb1, 0x9c, 0x91, 0x9c, 0x91, 0x9c, 0x70, 0x8c, 0x50,
	0x7b, 0xae, 0x73, 0x8d, 0x84, 0x0f, 0x7b, 0xce, 0x7b, 0xae, 0x73, 0x8d, 0x7b, 0xad, 0x73, 0x8d,
	0xd6, 0xba, 0xde, 0xdb, 0xde, 0xdb, 0xde, 0xdb, 0xde, 0xdb, 0xde, 0xdb, 0xde, 0xfb, 0xde, 0xfb,
	0xde, 0xfb, 0xe6, 0xfb, 0xe7, 0x1b, 0xe7, 0x1c, 0xe7, 0x1c, 0xe7, 0x3c, 0xe7, 0x3c, 0xe7, 0x3c,
	0xe7, 0x3c, 0xe7, 0x3c, 0xe7, 0x3c, 0xe7, 0x3c, 0xe7, 0x3c, 0xe7, 0x3c, 0xe7, 0x3c, 0xe7, 0x3c,
	0xe7, 0x3c, 0xe7, 0x3c, 0xe7, 0x3c, 0xe7, 0x3c, 0xe7, 0x3c, 0xef, 0x5c, 0xef, 0x3c, 0xef, 0x3c,
	0xef, 0x3c, 0xef, 0x3c, 0xef, 0x3c, 0xef, 0x3c, 0xef, 0x3c, 0xe7, 0x3c, 0xef, 0x3c, 0xef, 0x3c,
	0xef, 0x3c, 0xe7, 0x3c, 0xef, 0x3c, 0xef, 0x3c, 0xef, 0x3c, 0xe7, 0x3c, 0xef, 0x3c, 0xef, 0x9d,
	0xe7, 0x3c, 0xde, 0xda, 0xde, 0xda, 0xef, 0x3c, 0xa4, 0xb2, 0x7b, 0x0a, 0x7a, 0xea, 0x83, 0x2b,
	0x7b, 0x0a, 0x93, 0xcd, 0x93, 0xac, 0x93, 0xcd, 0x93, 0xad, 0x93, 0xcd, 0x8b, 0x8c, 0x7b, 0x2b,
	0x83, 0x2b, 0x8b, 0x6b, 0x72, 0xca, 0x93, 0xee, 0xcd, 0x93, 0xac, 0x6e, 0xb4, 0xd0, 0xc5, 0x32,
	0xbd, 0x11, 0xb4, 0xd0, 0xac, 0x8f, 0xa4, 0x4e, 0xa4, 0x6e, 0x9c, 0x4e, 0x9c, 0x2e, 0xa4, 0x4e,
	0xac, 0x90, 0xac, 0x8f, 0xa4, 0x8f, 0xa4, 0x6f, 0x9c, 0x4f, 0x9c, 0x2e, 0x8b, 0xcd, 0x83, 0xad,
	0x7b, 0x6c, 0x52, 0x68, 0x4a, 0x27, 0x4a, 0x07, 0x41, 0xe6, 0x18, 0xe3, 0x00, 0x61, 0x08, 0x82,
	0x08, 0x82, 0x08, 0x82, 0x08, 0x62, 0x08, 0x62, 0x08, 0x62, 0x08, 0x62, 0x08, 0x62, 0x08, 0x62,
	0x08, 0xa2, 0x10, 0xa2, 0x10, 0xc3, 0x10, 0xa2, 0x10, 0xc3, 0x19, 0x04, 0x10, 0xa3, 0x08, 0x62,
	0x08, 0x82, 0x42, 0x07, 0x83, 0xcd, 0x94, 0x2f, 0x8c, 0x0f, 0x83, 0xad, 0x7b, 0x8d, 0x83, 0xce,
	0x7b, 0xce, 0x7b, 0xae, 0x6b, 0x4c, 0x4a, 0x69, 0x63, 0x0b, 0x5a, 0xca, 0x73, 0x8d, 0x63, 0x0b,
	0xd6, 0xba, 0xd6, 0xba, 0xd6, 0xba, 0xde, 0xdb, 0xde, 0xdb, 0xde, 0xdb, 0xde, 0xfb, 0xde, 0xfb,
	0xde, 0xfb, 0xe6, 0xfb, 0xe7, 0x1b, 0xe7, 0x1c, 0xe7, 0x1c, 0xe7, 0x1c, 0xe7, 0x3c, 0xe7, 0x3c,
	0xe7, 0x3c, 0xe7, 0x3c, 0xe7, 0x3c, 0xe7, 0x3c, 0xe7, 0x3c, 0xe7, 0x3c, 0xef, 0x3c, 0xe7, 0x3c,
	0xe7, 0x3c, 0xe7, 0x3c, 0xef, 0x3c, 0xef, 0x3c, 0xef, 0x3c, 0xef, 0x3c, 0xef, 0x3c, 0xef, 0x3c,
	0xef, 0x5c, 0xef, 0x3c, 0xef, 0x3c, 0xef, 0x3c, 0xef, 0x3c, 0xef, 0x3c, 0xef, 0x5c, 0xef, 0x5c,
	0xef, 0x3c, 0xef, 0x3c, 0xef, 0x3c, 0xef, 0x3c, 0xef, 0x3c, 0xe7, 0x3c, 0xe7, 0x3c, 0xe7, 0x1b,
	0xe7, 0x3c, 0xe7, 0x3c, 0xef, 0x9d, 0xbd, 0x95, 0x20, 0xc3, 0x5a, 0x48, 0x8b, 0x2b, 0x72, 0x89,
	0x7a, 0xea, 0x9c, 0x0e, 0x93, 0xed, 0x9c, 0x0e, 0x93, 0xac, 0x93, 0xac, 0x8b, 0xac, 0x83, 0x4b,
	0x6a, 0xa9, 0x6a, 0x88, 0x7b, 0x2c, 0xbd, 0x11, 0xb4, 0xd0, 0xac, 0x6e, 0xc5, 0x52, 0xc5, 0x52,
	0xbd, 0x11, 0xac, 0x8f, 0xa4, 0x2e, 0x9c, 0x2d, 0xa4, 0x4e, 0xa4, 0x4e, 0xa4, 0x4e, 0xa4, 0x6f,
	0xac, 0x90, 0xa4, 0x8f, 0xa4, 0x8f, 0xa4, 0x6f, 0x9c, 0x4f, 0x94, 0x2e, 0x83, 0xac, 0x83, 0x8c,
	0x7b, 0x8c, 0x5a, 0xc9, 0x4a, 0x07, 0x4a, 0x27, 0x39, 0x85, 0x08, 0x82, 0x08, 0x62, 0x08, 0xa2,
	0x08, 0x82, 0x08, 0x62, 0x08, 0x62, 0x08, 0x62, 0x08, 0x62, 0x08, 0x62, 0x08, 0x62, 0x08, 0x82,
	0x08, 0x82, 0x08, 0x62, 0x00, 0x61, 0x08, 0x61, 0x08, 0x62, 0x08, 0x82, 0x08, 0x61, 0x08, 0x62,
	0x00, 0x41, 0x42, 0x07, 0x8b, 0xcd, 0x8b, 0xed, 0x83, 0xad, 0x7b, 0x4b, 0x73, 0x4b, 0x7b, 0xad,
	0x83, 0xef, 0x6b, 0x6d, 0x52, 0x89, 0x63, 0x0c, 0x73, 0x6d, 0x5a, 0xca, 0x63, 0x2c, 0x5a, 0xeb,
	0xd6, 0xba, 0xd6, 0xba, 0xde, 0xdb, 0xde, 0xdb, 0xde, 0xdb, 0xde, 0xdb, 0xde, 0xdb, 0xde, 0xfb,
	0xde, 0xfb, 0xe7, 0x1b, 0xe7, 0x1b, 0xe7, 0x1b, 0xe7, 0x1c, 0xe7, 0x1c, 0xe7, 0x3c, 0xe7, 0x3c,
	0xe7, 0x3c, 0xe7, 0x3c, 0xe7, 0x3c, 0xe7, 0x3c, 0xe7, 0x3c, 0xe7, 0x3c, 0xe7, 0x3c, 0xe7, 0x3c,
	0xe7, 0x3c, 0xe7, 0x3c, 0xef, 0x3c, 0xef, 0x3c, 0xef, 0x3c, 0xef, 0x3c, 0xef, 0x3c, 0xef, 0x3c,
	0xef, 0x5c, 0xef, 0x3c, 0xef, 0x5c, 0xef, 0x3c, 0xef, 0x3c, 0xef, 0x3c, 0xef, 0x3c, 0xef, 0x3c,
	0xef, 0x3c, 0xef, 0x3c, 0xef, 0x3c, 0xef, 0x3c, 0xef, 0x3c, 0xef, 0x3c, 0xe7, 0x3c, 0xef, 0x3c,
	0xe7, 0x3c, 0xe7, 0x3c, 0xd6, 0x79, 0x41, 0xc6, 0x08, 0x40, 0x21, 0x04, 0x73, 0x0a, 0x8b, 0x4b,
	0x93, 0xcd, 0xa3, 0xee, 0x93, 0xad, 0x8b, 0x4b, 0x7a, 0xca, 0x62, 0x28, 0x49, 0xa6, 0x29, 0x04,
	0x28, 0xc2, 0x52, 0x07, 0x9c, 0x2f, 0xc5, 0x52, 0x9c, 0x0d, 0xbd, 0x31, 0xc5, 0x73, 0xbd, 0x11,
	0xac, 0x8f, 0xa4, 0x4e, 0x9c, 0x2d, 0x9c, 0x2e, 0xa4, 0x4e, 0xa4, 0x6f, 0xa4, 0x6f, 0xa4, 0x6f,
	0x9c, 0x4e, 0x9c, 0x4f, 0xa4, 0x6f, 0xa4, 0x90, 0xa4, 0x90, 0x9c, 0x6f, 0x93, 0xee, 0x8b, 0xed,
	0x8b, 0xee, 0x73, 0x4c, 0x4a, 0x27, 0x42, 0x07, 0x31, 0x65, 0x00, 0x61, 0x08, 0x62, 0x08, 0x82,
	0x08, 0x62, 0x08, 0x62, 0x08, 0x62, 0x08, 0x62, 0x08, 0x62, 0x08, 0x62, 0x08, 0x62, 0x08, 0x62,
	0x08, 0x62, 0x08, 0x62, 0x08, 0x62, 0x08, 0x62, 0x08, 0x62, 0x08, 0x62, 0x08, 0x62, 0x00, 0x61,
	0x10, 0xa2, 0x7b, 0x8c, 0x9c, 0x4f, 0x8b, 0xee, 0x8b, 0xcd, 0x83, 0x8c, 0x83, 0x8c, 0x73, 0x4b,
	0x83, 0xee, 0x62, 0xeb, 0x63, 0x0b, 0x84, 0x0f, 0x94, 0x70, 0x7b, 0xce, 0x6b, 0x4c, 0x62, 0xeb,
	0xd6, 0xba, 0xd6, 0xba, 0xd6, 0xba, 0xd6, 0xba, 0xde, 0xdb, 0xde, 0xdb, 0xde, 0xdb, 0xde, 0xfb,
	0xde, 0xfb, 0xe6, 0xfb, 0xe6, 0xfb, 0xe7, 0x1b, 0xe7, 0x1c, 0xe7, 0x1c, 0xe7, 0x1c, 0xe7, 0x1c,
	0xe7, 0x3c, 0xe7, 0x3c, 0xe7, 0x3c, 0xe7, 0x3c, 0xe7, 0x3c, 0xe7, 0x3c, 0xe7, 0x3c, 0xe7, 0x3c,
	0xef, 0x3c, 0xe7, 0x3c, 0xef, 0x3c, 0xef, 0x3c, 0xef, 0x3c, 0xef, 0x3c, 0xef, 0x5c, 0xef, 0x3c,
	0xef, 0x3c, 0xef, 0x5c, 0xef, 0x5c, 0xef, 0x5c, 0xef, 0x5c, 0xef, 0x3c, 0xef, 0x5c, 0xef, 0x3c,
	0xef, 0x5c, 0xef, 0x3c, 0xef, 0x3c, 0xef, 0x5c, 0xef, 0x3c, 0xef, 0x3c, 0xef, 0x3c, 0xef, 0x3c,
	0xe7, 0x3c, 0xef, 0x5d, 0x6b, 0x0b, 0x10, 0x61, 0x10, 0x82, 0x18, 0xc3, 0x41, 0xe6, 0x9c, 0x0e,
	0x9b, 0xad, 0x7a, 0x89, 0x59, 0xc6, 0x49, 0x85, 0x31, 0x24, 0x18, 0x82, 0x28, 0xc3, 0x41, 0x65,
	0x72, 0xea, 0x83, 0x6d, 0xb5, 0x11, 0xac, 0x6e, 0xb4, 0xb0, 0xc5, 0x72, 0xbd, 0x11, 0xac, 0xaf,
	0x9c, 0x0d, 0x9b, 0xed, 0x9c, 0x2e, 0xa4, 0x4e, 0xa4, 0x6f, 0xac, 0x90, 0xac, 0xb0, 0xa4, 0x6f,
	0x9c, 0x4e, 0xa4, 0x4f, 0xac, 0x90, 0xac, 0xb0, 0xa4, 0x6f, 0x9c, 0x4f, 0x94, 0x0e, 0x94, 0x0e,
	0x94, 0x0e, 0x83, 0xad, 0x5a, 0xca, 0x39, 0xc6, 0x18, 0xe3, 0x08, 0x62, 0x08, 0x82, 0x08, 0x62,
	0x08, 0x62, 0x08, 0x62, 0x08, 0x62, 0x08, 0x62, 0x08, 0x62, 0x08, 0x62, 0x08, 0x62, 0x08, 0x62,
	0x08, 0x62, 0x08, 0x62, 0x08, 0x62, 0x08, 0x62, 0x08, 0x62, 0x08, 0x62, 0x08, 0x62, 0x00, 0x21,
	0x52, 0x89, 0xa4, 0x6f, 0x94, 0x2f, 0x94, 0x2e, 0x8b, 0xed, 0x8b, 0xcd, 0x8b, 0xad, 0x7b, 0x4b,
	0x7b, 0x8d, 0x7b, 0xad, 0x73, 0x6d, 0x6b, 0x2c, 0xa4, 0xf3, 0x94, 0x50, 0x73, 0x8d, 0x8c, 0x50,
	0xd6, 0xba, 0xd6, 0xba, 0xd6, 0xba, 0xde, 0xdb, 0xde, 0xdb, 0xde, 0xdb, 0xde, 0xdb, 0xde, 0xfb,
	0xde, 0xfb, 0xde, 0xfb, 0xe6, 0xfb, 0xe7, 0x1b, 0xe7, 0x1c, 0xe7, 0x1c, 0xe7, 0x1c, 0xe7, 0x3c,
	0xe7, 0x3c, 0xe7, 0x3c, 0xe7, 0x3c, 0xe7, 0x3c, 0xe7, 0x3c, 0xe7, 0x3c, 0xef, 0x3c, 0xef, 0x3c,
	0xef, 0x3c, 0xef, 0x3c, 0xef, 0x3c, 0xef, 0x3c, 0xef, 0x5c, 0xef, 0x5c, 0xef, 0x5c, 0xef, 0x5c,
	0xef, 0x5c, 0xef, 0x5c, 0xef, 0x5c, 0xef, 0x5c, 0xef, 0x3c, 0xef, 0x5c, 0xef, 0x5c, 0xef, 0x5c,
	0xef, 0x5c, 0xef, 0x3c, 0xef, 0x3c, 0xef, 0x3c, 0xef, 0x5c, 0xef, 0x3c, 0xef, 0x3c, 0xe7, 0x1c,
	0xef, 0x7d, 0xa4, 0xd2, 0x28, 0xe3, 0x10, 0x82, 0x10, 0x82, 0x18, 0xe3, 0x10, 0x82, 0x5a, 0x68,
	0x7a, 0xca, 0x51, 0x85, 0x20, 0xa2, 0x10, 0x82, 0x41, 0x45, 0x72, 0x49, 0x8b, 0x2c, 0xa4, 0x4f,
	0x93, 0xee, 0xa4, 0x90, 0xc5, 0x31, 0xa4, 0x4e, 0xc5, 0x32, 0xbd, 0x11, 0xb4, 0xb0, 0xa4, 0x4e,
	0x9c, 0x0d, 0xa4, 0x4e, 0xac, 0x8f, 0xa4, 0x6f, 0xac, 0xb0, 0xac, 0xd0, 0xac, 0xd0, 0xac, 0xd0,
	0xac, 0x90, 0xa4, 0x6f, 0xa4, 0x6f, 0xa4, 0x8f, 0xa4, 0x6f, 0x9c, 0x2e, 0x8b, 0xcd, 0x83, 0xac,
	0x83, 0x8c, 0x7b, 0x8c, 0x63, 0x0b, 0x39, 0xe7, 0x10, 0xa2, 0x08, 0x62, 0x08, 0x82, 0x08, 0x62,
	0x08, 0x62, 0x08, 0x62, 0x08, 0x62, 0x08, 0x62, 0x08, 0x62, 0x08, 0x62, 0x08, 0x62, 0x08, 0x62,
	0x08, 0x62, 0x08, 0x62, 0x08, 0x62, 0x08, 0x62, 0x08, 0x62, 0x08, 0x82, 0x08, 0x82, 0x18, 0xe3,
	0x94, 0x0e, 0x9c, 0x6f, 0x9c, 0x6f, 0x9c, 0x4f, 0x94, 0x0e, 0x93, 0xee, 0x83, 0x6c, 0x73, 0x4b,
	0x84, 0x0f, 0x8c, 0x0f, 0x6b, 0x4c, 0x73, 0x8d, 0xb5, 0x74, 0x84, 0x0f, 0x83, 0xee, 0xbd, 0x95,
	0xde, 0xda, 0xd6, 0xba, 0xde, 0xdb, 0xde, 0xdb, 0xde, 0xdb, 0xde, 0xdb, 0xde, 0xdb, 0xde, 0xfb,
	0xde, 0xfb, 0xde, 0xfb, 0xe6, 0xfb, 0xe7, 0x1b, 0xe7, 0x1b, 0xe7, 0x1c, 0xe7, 0x1c, 0xe7, 0x3c,
	0xe7, 0x3c, 0xe7, 0x3c, 0xe7, 0x3c, 0xe7, 0x3c, 0xe7, 0x3c, 0xe7, 0x3c, 0xe7, 0x3c, 0xef, 0x3c,
	0xe7, 0x3c, 0xe7, 0x3c, 0xef, 0x3c, 0xef, 0x3c, 0xef, 0x5c, 0xef, 0x5c, 0xef, 0x5c, 0xef, 0x5c,
	0xef, 0x5c, 0xef, 0x5c, 0xef, 0x5c, 0xef, 0x5c, 0xef, 0x5c, 0xef, 0x5c, 0xef, 0x5c, 0xef, 0x5c,
	0xef, 0x5c, 0xef, 0x5c, 0xef, 0x5c, 0xef, 0x5c, 0xef, 0x3c, 0xef, 0x3c, 0xe7, 0x3c, 0xef, 0x7d,
	0xc5, 0xf7, 0x39, 0x64, 0x18, 0x82, 0x08, 0x61, 0x18, 0xc3, 0x21, 0x03, 0x08, 0x61, 0x10, 0xa2,
	0x31, 0x44, 0x5a, 0x07, 0x49, 0xa5, 0x51, 0xa6, 0x8a, 0xea, 0x93, 0x4c, 0x9b, 0xee, 0x9c, 0x2e,
	0x6a, 0xa9, 0xac, 0xb0, 0xbd, 0x11, 0xa4, 0x6e, 0xb4, 0xb0, 0xb4, 0xb0, 0xb4, 0xb0, 0xac, 0x6f,
	0xac, 0x8f, 0xb4, 0xd0, 0xb4, 0xd0, 0xac, 0x8f, 0xac, 0xb0, 0xb4, 0xd1, 0xb4, 0xd1, 0xac, 0xd0,
	0xac, 0x90, 0xac, 0x90, 0xa4, 0x8f, 0xa4, 0x4f, 0x94, 0x0e, 0x8b, 0xad, 0x7b, 0x4b, 0x6a, 0xc9,
	0x5a, 0x68, 0x52, 0x47, 0x62, 0xc9, 0x39, 0xc6, 0x18, 0xe3, 0x08, 0x62, 0x08, 0x62, 0x08, 0x62,
	0x08, 0x62, 0x08, 0x62, 0x08, 0x62, 0x08, 0x62, 0x08, 0x62, 0x08, 0x62, 0x08, 0x62, 0x08, 0x62,
	0x08, 0x62, 0x08, 0x62, 0x08, 0x62, 0x08, 0x62, 0x08, 0x62, 0x08, 0x82, 0x00, 0x41, 0x31, 0x85,
	0xa4, 0x90, 0x9c, 0x6f, 0x9c, 0x2f, 0x8b, 0xcd, 0x8b, 0xcd, 0x8b, 0xcd, 0x83, 0xcd, 0x83, 0xee,
	0x83, 0xce, 0x83, 0xee, 0x63, 0x0b, 0x62, 0xeb, 0xad, 0x13, 0x9c, 0x91, 0x73, 0x6c, 0x9c, 0x91,
	0xde, 0xda, 0xde, 0xdb, 0xde, 0xdb, 0xde, 0xdb, 0xde, 0xdb, 0xde, 0xdb, 0xde, 0xdb, 0xde, 0xfb,
	0xde, 0xfb, 0xde, 0xfb, 0xe6, 0xfb, 0xe7, 0x1b, 0xe7, 0x1b, 0xe7, 0x1c, 0xe7, 0x1c, 0xe7, 0x1c,
	0xe7, 0x1c, 0xe7, 0x3c, 0xe7, 0x3c, 0xe7, 0x3c, 0xe7, 0x3c, 0xe7, 0x3c, 0xe7, 0x3c, 0xe7, 0x3c,
	0xef, 0x3c, 0xe7, 0x3c, 0xef, 0x3c, 0xef, 0x3c, 0xef, 0x5c, 0xef, 0x5c, 0xef, 0x5c, 0xef, 0x5c,
	0xef, 0x5c, 0xef, 0x5c, 0xef, 0x5c, 0xef, 0x5c, 0xef, 0x5c, 0xef, 0x5c, 0xef, 0x5c, 0xef, 0x5c,
	0xef, 0x5c, 0xef, 0x5c, 0xef, 0x5c, 0xef, 0x5c, 0xef, 0x3c, 0xe7, 0x3c, 0xef, 0x5d, 0xde, 0xda,
	0x5a, 0x89, 0x20, 0xa2, 0x08, 0x82, 0x10, 0x82, 0x21, 0x03, 0x18, 0xa2, 0x08, 0x61, 0x08, 0x82,
	0x00, 0x41, 0x21, 0x04, 0x62, 0x68, 0x72, 0xa9, 0x93, 0x2b, 0xa4, 0x0e, 0x9c, 0x2e, 0x93, 0xad,
	0x51, 0xe6, 0x93, 0xcd, 0xc5, 0x31, 0xb4, 0xd0, 0x93, 0xcc, 0x9c, 0x0d, 0xac, 0x6f, 0xac, 0x8f,
	0xb4, 0xd0, 0xb4, 0xf1, 0xb4, 0xf0, 0xac, 0x8f, 0xac, 0xb0, 0xb4, 0xd1, 0xac, 0xb0, 0xac, 0xb0,
	0xac, 0x90, 0xac, 0xb0, 0xa4, 0x90, 0x9c, 0x4f, 0x8b, 0xcd, 0x7b, 0x4b, 0x5a, 0x88, 0x49, 0xe6,
	0x49, 0xe6, 0x5a, 0x67, 0x73, 0x2b, 0x31, 0xa5, 0x08, 0x82, 0x08, 0x82, 0x08, 0x62, 0x08, 0x62,
	0x08, 0x62, 0x08, 0x62, 0x08, 0x62, 0x08, 0x62, 0x08, 0x62, 0x08, 0x62, 0x08, 0x62, 0x08, 0x62,
	0x08, 0x62, 0x08, 0x62, 0x08, 0x62, 0x08, 0x62, 0x08, 0x62, 0x08, 0x62, 0x00, 0x41, 0x5a, 0x89,
	0x9c, 0x4f, 0x7b, 0x2b, 0x52, 0x47, 0x39, 0xa6, 0x52, 0x68, 0x6b, 0x0b, 0x73, 0x6c, 0x7b, 0x8d,
	0x83, 0xee, 0x73, 0x6c, 0x6b, 0x4c, 0x73, 0x4c, 0xad, 0x13, 0xa4, 0xd2, 0x6b, 0x2b, 0x7b, 0x8d,
	0xde, 0xda, 0xde, 0xdb, 0xde, 0xdb, 0xde, 0xdb, 0xde, 0xdb, 0xde, 0xdb, 0xde, 0xfb, 0xde, 0xfb,
	0xde, 0xfb, 0xde, 0xfb, 0xde, 0xfb, 0xe6, 0xfb, 0xe7, 0x1b, 0xe7, 0x1c, 0xe7, 0x1c, 0xe7, 0x1c,
	0xe7, 0x3c, 0xe7, 0x3c, 0xe7, 0x3c, 0xe7, 0x3c, 0xe7, 0x3c, 0xe7, 0x3c, 0xe7, 0x3c, 0xe7, 0x3c,
	0xe7, 0x3c, 0xef, 0x3c, 0xef, 0x3c, 0xef, 0x3c, 0xef, 0x5c, 0xef, 0x5c, 0xef, 0x5c, 0xef, 0x5c,
	0xef, 0x5c, 0xef, 0x5c, 0xef, 0x3c, 0xef, 0x5c, 0xef, 0x5c, 0xef, 0x5c, 0xef, 0x5c, 0xef, 0x5c,
	0xef, 0x5c, 0xef, 0x5c, 0xef, 0x5c, 0xef, 0x5c, 0xef, 0x3c, 0xef, 0x3c, 0xef, 0x5d, 0x7b, 0x8d,
	0x30, 0xe2, 0x18, 0xa2, 0x10, 0x82, 0x28, 0xe3, 0x20, 0xc2, 0x08, 0x61, 0x08, 0x62, 0x08, 0x61,
	0x08, 0x82, 0x00, 0x41, 0x20, 0xe3, 0x83, 0x0b, 0x9b, 0x8d, 0x93, 0xac, 0x83, 0x4b, 0x7a, 0xe9,
	0x51, 0xe6, 0x7b, 0x2a, 0xac, 0x8f, 0xc5, 0x32, 0xbd, 0x11, 0x8b, 0xac, 0x8b, 0x8b, 0xac, 0x8f,
	0xb4, 0xf0, 0xb4, 0xb0, 0xac, 0xb0, 0xa4, 0x6f, 0xac, 0xb0, 0xac, 0xd0, 0xac, 0x90, 0xa4, 0x6f,
	0xa4, 0x6f, 0xa4, 0x6f, 0x9c, 0x2e, 0x8b, 0xcc, 0x7b, 0x2a, 0x62, 0xa8, 0x49, 0xe6, 0x49, 0xc5,
	0x5a, 0x68, 0x7b, 0x2b, 0x83, 0x8c, 0x31, 0xa5, 0x00, 0x61, 0x08, 0x62, 0x08, 0x62, 0x08, 0x62,
	0x08, 0x62, 0x08, 0x62, 0x08, 0x62, 0x08, 0x62, 0x08, 0x62, 0x08, 0x62, 0x08, 0x62, 0x08, 0x62,
	0x08, 0x62, 0x08, 0x62, 0x08, 0x62, 0x08, 0x62, 0x08, 0x62, 0x08, 0x62, 0x00, 0x41, 0x5a, 0x89,
	0x5a, 0xa9, 0x21, 0x24, 0x10, 0xa2, 0x08, 0x61, 0x18, 0xc3, 0x10, 0x82, 0x18, 0xc3, 0x29, 0x65,
	0x4a, 0x28, 0x5a, 0xa9, 0x6b, 0x2b, 0x63, 0x0b, 0x94, 0x70, 0xa4, 0xf2, 0x6b, 0x2b, 0x8c, 0x0e,
	0xde, 0xdb, 0xde, 0xdb, 0xde, 0xdb, 0xde, 0xdb, 0xde, 0xdb, 0xde, 0xdb, 0xde, 0xfb, 0xde, 0xfb,
	0xde, 0xfb, 0xde, 0xfb, 0xde, 0xfb, 0xe7, 0x1b, 0xe7, 0x1b, 0xe7, 0x1c, 0xe7, 0x1c, 0xe7, 0x1c,
	0xe7, 0x1c, 0xe7, 0x3c, 0xe7, 0x3c, 0xe7, 0x3c, 0xe7, 0x3c, 0xe7, 0x3c, 0xe7, 0x3c, 0xe7, 0x3c,
	0xe7, 0x3c, 0xe7, 0x3c, 0xe7, 0x3c, 0xef, 0x5c, 0xef, 0x5c, 0xef, 0x5c, 0xef, 0x5c, 0xef, 0x5c,
	0xef, 0x5c, 0xef, 0x5c, 0xef, 0x5c, 0xef, 0x5c, 0xef, 0x5c, 0xef, 0x5c, 0xef, 0x5c, 0xef, 0x5c,
	0xef, 0x5c, 0xef, 0x5c, 0xef, 0x5c, 0xef, 0x5c, 0xe7, 0x3c, 0xef, 0x7d, 0xce, 0x38, 0x5a, 0x27,
	0x28, 0xe2, 0x10, 0x82, 0x28, 0xe3, 0x20, 0xe3, 0x10, 0x82, 0x08, 0x61, 0x08, 0x61, 0x08, 0x61,
	0x08, 0x61, 0x08, 0x62, 0x08, 0x82, 0x62, 0xa9, 0x6a, 0x88, 0x59, 0xe6, 0x49, 0x84, 0x39, 0x44,
	0x49, 0xa5, 0x41, 0xa5, 0x83, 0x6b, 0x9c, 0x2e, 0xb4, 0xb0, 0xbd, 0x11, 0x8b, 0xcc, 0x83, 0x4a,
	0x93, 0xcc, 0x9c, 0x0d, 0xa4, 0x4e, 0xa4, 0x4e, 0xac, 0xb0, 0xac, 0x8f, 0x9c, 0x4e, 0x9c, 0x2e,
	0x9c, 0x2e, 0x93, 0xcd, 0x83, 0x6b, 0x73, 0x0a, 0x62, 0xa8, 0x52, 0x27, 0x49, 0xe6, 0x5a, 0x67,
	0x72, 0xea, 0x83, 0x8c, 0x83, 0x8c, 0x29, 0x65, 0x08, 0x62, 0x08, 0x62, 0x08, 0x62, 0x08, 0x62,
	0x08, 0x62, 0x08, 0x62, 0x08, 0x62, 0x08, 0x62, 0x08, 0x62, 0x08, 0x62, 0x08, 0x62, 0x08, 0x62,
	0x08, 0x62, 0x08, 0x62, 0x08, 0x62, 0x08, 0x62, 0x08, 0x62, 0x08, 0x62, 0x10, 0x82, 0x21, 0x03,
	0x10, 0xa2, 0x08, 0x62, 0x08, 0x62, 0x10, 0x82, 0x10, 0x82, 0x18, 0xa2, 0x08, 0x81, 0x08, 0x61,
	0x18, 0xc3, 0x29, 0x44, 0x21, 0x24, 0x39, 0xc6, 0x63, 0x0b, 0xb5, 0x54, 0x83, 0xee, 0x9c, 0x90,
	0xde, 0xdb, 0xde, 0xdb, 0xde, 0xdb, 0xde, 0xdb, 0xde, 0xdb, 0xde, 0xdb, 0xde, 0xfb, 0xde, 0xfb,
	0xde, 0xfb, 0xde, 0xfb, 0xde, 0xfb, 0xe6, 0xfb, 0xe7, 0x1b, 0xe7, 0x1b, 0xe7, 0x1c, 0xe7, 0x1c,
	0xe7, 0x1c, 0xe7, 0x3c, 0xe7, 0x3c, 0xe7, 0x3c, 0xe7, 0x3c, 0xe7, 0x3c, 0xe7, 0x3c, 0xe7, 0x3c,
	0xe7, 0x3c, 0xe7, 0x3c, 0xe7, 0x3c, 0xef, 0x3c, 0xef, 0x3c, 0xef, 0x5c, 0xef, 0x5c, 0xef, 0x5c,
	0xef, 0x5c, 0xef, 0x5c, 0xef, 0x5c, 0xef, 0x5c, 0xef, 0x5c, 0xef, 0x5c, 0xef, 0x5c, 0xef, 0x5c,
	0xef, 0x5c, 0xef, 0x5c, 0xef, 0x5c, 0xef, 0x5c, 0xe7, 0x3c, 0xf7, 0x9d, 0xb5, 0x74, 0x5a, 0x07,
	0x31, 0x03, 0x18, 0xa2, 0x31, 0x03, 0x20, 0xc2, 0x10, 0x82, 0x10, 0x82, 0x08, 0x61, 0x10, 0x82,
	0x10, 0x82, 0x00, 0x41, 0x00, 0x21, 0x08, 0x62, 0x31, 0x64, 0x49, 0xa5, 0x39, 0x85, 0x18, 0xc3,
	0x10, 0x82, 0x08, 0x81, 0x31, 0x44, 0x73, 0x09, 0x93, 0xcc, 0xa4, 0x2e, 0xb4, 0xb0, 0x94, 0x0d,
	0x73, 0x0a, 0x8b, 0x8b, 0x93, 0xcc, 0x9c, 0x2e, 0xa4, 0x6f, 0x9c, 0x2e, 0x93, 0xcd, 0x8b, 0xac,
	0x83, 0x8c, 0x7b, 0x2a, 0x6a, 0xe9, 0x62, 0x88, 0x5a, 0x47, 0x4a, 0x06, 0x52, 0x06, 0x6a, 0xc9,
	0x7b, 0x4b, 0x8b, 0xcd, 0x73, 0x0a, 0x18, 0xc3, 0x08, 0x62, 0x08, 0x62, 0x08, 0x62, 0x08, 0x62,
	0x08, 0x62, 0x08, 0x62, 0x08, 0x62, 0x08, 0x62, 0x08, 0x62, 0x08, 0x62, 0x08, 0x62, 0x08, 0x62,
	0x08, 0x62, 0x08, 0x62, 0x08, 0x62, 0x08, 0x62, 0x08, 0x62, 0x08, 0x62, 0x10, 0x82, 0x08, 0x61,
	0x08, 0x82, 0x08, 0x62, 0x08, 0x62, 0x08, 0x82, 0x18, 0xa2, 0x18, 0xa2, 0x18, 0xa2, 0x10, 0x81,
	0x18, 0xc2, 0x20, 0xe3, 0x21, 0x03, 0x31, 0x44, 0x52, 0x68, 0xb5, 0x33, 0x94, 0x70, 0x9c, 0xb1,
	0xde, 0xdb, 0xde, 0xdb, 0xde, 0xdb, 0xde, 0xdb, 0xde, 0xdb, 0xde, 0xdb, 0xde, 0xdb, 0xde, 0xfb,
	0xde, 0xfb, 0xde, 0xfb, 0xde, 0xfb, 0xde, 0xfb, 0xe7, 0x1b, 0xe7, 0x1b, 0xe7, 0x1c, 0xe7, 0x1c,
	0xe7, 0x1c, 0xe7, 0x3c, 0xe7, 0x3c, 0xe7, 0x3c, 0xe7, 0x3c, 0xe7, 0x3c, 0xe7, 0x3c, 0xe7, 0x3c,
	0xe7, 0x3c, 0xe7, 0x3c, 0xe7, 0x3c, 0xef, 0x3c, 0xef, 0x3c, 0xef, 0x5c, 0xef, 0x5c, 0xef, 0x5c,
	0xef, 0x5c, 0xef, 0x5c, 0xef, 0x5c, 0xef, 0x5c, 0xef, 0x5c, 0xef, 0x5c, 0xef, 0x5c, 0xef, 0x5c,
	0xef, 0x5c, 0xef, 0x5c, 0xef, 0x5c, 0xef, 0x5c, 0xef, 0x3c, 0xef, 0x5d, 0xde, 0xda, 0x6a, 0xa9,
	0x39, 0x03, 0x31, 0x03, 0x20, 0xc2, 0x20, 0xc2, 0x18, 0xa2, 0x18, 0xa2, 0x10, 0x82, 0x08, 0x61,
	0x08, 0x41, 0x29, 0x24, 0x31, 0xa6, 0x42, 0x07, 0x94, 0x50, 0xa4, 0x91, 0x4a, 0x6a, 0x10, 0xe4,
	0x10, 0xe3, 0x21, 0x24, 0x20, 0xe3, 0x52, 0x07, 0x72, 0xe9, 0x8b, 0xac, 0x9c, 0x2d, 0xac, 0x8f,
	0x9c, 0x0d, 0x7b, 0x0a, 0x7b, 0x2a, 0x8b, 0xac, 0x8b, 0xcc, 0x83, 0x8c, 0x7b, 0x2a, 0x7b, 0x2a,
	0x7b, 0x2a, 0x6a, 0xc9, 0x5a, 0x68, 0x5a, 0x68, 0x5a, 0x67, 0x4a, 0x06, 0x5a, 0x67, 0x7b, 0x2a,
	0x83, 0x8c, 0x93, 0xed, 0x52, 0x48, 0x08, 0x61, 0x08, 0x62, 0x08, 0x62, 0x08, 0x62, 0x08, 0x62,
	0x08, 0x62, 0x08, 0x62, 0x08, 0x62, 0x08, 0x62, 0x08, 0x62, 0x08, 0x62, 0x08, 0x62, 0x08, 0x62,
	0x08, 0x62, 0x08, 0x62, 0x08, 0x62, 0x08, 0x62, 0x08, 0x62, 0x08, 0x62, 0x08, 0x62, 0x08, 0x62,
	0x08, 0x62, 0x08, 0x62, 0x08, 0x61, 0x10, 0xa2, 0x29, 0x23, 0x29, 0x03, 0x29, 0x03, 0x20, 0xc2,
	0x29, 0x03, 0x39, 0x85, 0x41, 0xe6, 0x4a, 0x07, 0x4a, 0x07, 0x94, 0x50, 0xad, 0x13, 0xa4, 0xf2,
	0xde, 0xdb, 0xde, 0xdb, 0xde, 0xdb, 0xde, 0xdb, 0xde, 0xdb, 0xde, 0xdb, 0xde, 0xdb, 0xde, 0xfb,
	0xde, 0xfb, 0xde, 0xfb, 0xde, 0xfb, 0xe7, 0x1b, 0xe7, 0x1b, 0xe7, 0x1b, 0xe7, 0x1c, 0xe7, 0x1c,
	0xe7, 0x1c, 0xe7, 0x1c, 0xe7, 0x3c, 0xe7, 0x3c, 0xe7, 0x3c, 0xe7, 0x3c, 0xe7, 0x3c, 0xe7, 0x3c,
	0xe7, 0x3c, 0xe7, 0x3c, 0xe7, 0x3c, 0xef, 0x3c, 0xef, 0x3c, 0xef, 0x5c, 0xef, 0x3c, 0xef, 0x5c,
	0xef, 0x5c, 0xef, 0x5c, 0xef, 0x5c, 0xef, 0x5c, 0xef, 0x5c, 0xef, 0x5d, 0xef, 0x5c, 0xef, 0x5c,
	0xef, 0x5c, 0xef, 0x5c, 0xef, 0x5d, 0xef, 0x5d, 0xef, 0x5d, 0xe7, 0x3c, 0xef, 0x7d, 0xc5, 0xf6,
	0x5a, 0x48, 0x41, 0x44, 0x31, 0x03, 0x18, 0xa2, 0x10, 0x82, 0x10, 0xa2, 0x10, 0x61, 0x29, 0x04,
	0x73, 0x2c, 0xac, 0xf2, 0xb5, 0x53, 0xbd, 0x33, 0xbd, 0x33, 0xa4, 0x91, 0x5a, 0x89, 0x31, 0x65,
	0x41, 0xc6, 0x41, 0x85, 0x28, 0xe2, 0x52, 0x27, 0x62, 0xa9, 0x72, 0xc9, 0x83, 0x6b, 0x8b, 0xac,
	0xa4, 0x6e, 0x9c, 0x2e, 0x73, 0x0a, 0x6a, 0xc9, 0x7b, 0x2a, 0x7b, 0x2a, 0x72, 0xe9, 0x7b, 0x2a,
	0x6a, 0xc9, 0x5a, 0x67, 0x62, 0x88, 0x62, 0xa9, 0x5a, 0x68, 0x52, 0x06, 0x6a, 0xc9, 0x7b, 0x4b,
	0x8b, 0x8c, 0x83, 0xac, 0x31, 0x85, 0x00, 0x61, 0x08, 0x62, 0x08, 0x62, 0x08, 0x62, 0x08, 0x62,
	0x08, 0x62, 0x08, 0x62, 0x08, 0x62, 0x08, 0x62, 0x08, 0x62, 0x08, 0x62, 0x08, 0x62, 0x08, 0x62,
	0x08, 0x62, 0x08, 0x62, 0x08, 0x62, 0x08, 0x62, 0x08, 0x62, 0x08, 0x61, 0x08, 0x62, 0x08, 0x62,
	0x08, 0x62, 0x08, 0x61, 0x08, 0x61, 0x18, 0xc2, 0x41, 0xc6, 0x41, 0xc5, 0x39, 0x64, 0x41, 0xc5,
	0x4a, 0x07, 0x52, 0x47, 0x52, 0x68, 0x5a, 0x68, 0x49, 0xe6, 0x8b, 0xee, 0xb5, 0x74, 0xad, 0x33,
	0xde, 0xdb, 0xde, 0xdb, 0xde, 0xdb, 0xde, 0xdb, 0xde, 0xdb, 0xde, 0xdb, 0xde, 0xfb, 0xde, 0xfb,
	0xde, 0xfb, 0xde, 0xfb, 0xde, 0xfb, 0xde, 0xfb, 0xe7, 0x1c, 0xe7, 0x1c, 0xe7, 0x1b, 0xe7, 0x1c,
	0xe7, 0x1c, 0xe7, 0x1c, 0xe7, 0x1c, 0xe7, 0x3c, 0xe7, 0x3c, 0xe7, 0x3c, 0xe7, 0x3c, 0xe7, 0x3c,
	0xe7, 0x3c, 0xe7, 0x3c, 0xe7, 0x3c, 0xe7, 0x3c, 0xe7, 0x3c, 0xef, 0x3c, 0xef, 0x3c, 0xef, 0x5c,
	0xef, 0x5c, 0xef, 0x5c, 0xef, 0x5c, 0xef, 0x5c, 0xef, 0x5c, 0xef, 0x5c, 0xef, 0x5c, 0xef, 0x5c,
	0xef, 0x5c, 0xef, 0x5c, 0xef, 0x5d, 0xef, 0x5d, 0xef, 0x5d, 0xef, 0x5d, 0xe7, 0x3c, 0xef, 0x7d,
	0xe6, 0xfb, 0xa4, 0xb1, 0x49, 0xc5, 0x28, 0xc2, 0x18, 0x82, 0x08, 0x41, 0x73, 0x2b, 0xb5, 0x12,
	0xbd, 0x74, 0xbd, 0x95, 0xb4, 0xf2, 0xa4, 0x4f, 0xac, 0x4f, 0xa4, 0x0f, 0xa4, 0x2f, 0xa4, 0x0e,
	0x7b, 0x0a, 0x49, 0xa5, 0x28, 0xc2, 0x49, 0xa5, 0x6a, 0xc9, 0x83, 0x2b, 0x83, 0x4b, 0x83, 0x4b,
	0x83, 0x6b, 0x8b, 0xcc, 0x93, 0xed, 0x7b, 0x2a, 0x62, 0x88, 0x6a, 0xa8, 0x73, 0x0a, 0x7b, 0x2a,
	0x62, 0x88, 0x6a, 0xa8, 0x73, 0x0a, 0x6a, 0xea, 0x5a, 0x47, 0x5a, 0x47, 0x73, 0x0a, 0x83, 0x4b,
	0x8b, 0xac, 0x6a, 0xc9, 0x08, 0x82, 0x08, 0x62, 0x08, 0x62, 0x08, 0x62, 0x08, 0x62, 0x08, 0x62,
	0x08, 0x62, 0x08, 0x62, 0x08, 0x62, 0x08, 0x62, 0x08, 0x62, 0x08, 0x62, 0x08, 0x62, 0x08, 0x62,
	0x08, 0x62, 0x08, 0x62, 0x08, 0x62, 0x08, 0x62, 0x08, 0x62, 0x08, 0x61, 0x08, 0x62, 0x08, 0x62,
	0x08, 0x61, 0x08, 0x82, 0x18, 0xa2, 0x31, 0x44, 0x52, 0x48, 0x4a, 0x27, 0x4a, 0x06, 0x5a, 0x89,
	0x62, 0xa9, 0x62, 0xa9, 0x62, 0xc9, 0x62, 0xa9, 0x5a, 0x68, 0x83, 0xad, 0xb5, 0x54, 0xb5, 0x54,
	0xde, 0xdb, 0xde, 0xdb, 0xde, 0xdb, 0xde, 0xdb, 0xde, 0xdb, 0xde, 0xdb, 0xde, 0xdb, 0xde, 0xfb,
	0xde, 0xfb, 0xde, 0xfb, 0xde, 0xfb, 0xde, 0xfb, 0xde, 0xfb, 0xe7, 0x1c, 0xe7, 0x1b, 0xe7, 0x1c,
	0xe7, 0x1c, 0xe7, 0x1c, 0xe7, 0x1c, 0xe7, 0x3c, 0xe7, 0x3c, 0xe7, 0x3c, 0xe7, 0x3c, 0xe7, 0x3c,
	0xe7, 0x3c, 0xe7, 0x3c, 0xe7, 0x3c, 0xe7, 0x3c, 0xef, 0x3c, 0xef, 0x5c, 0xef, 0x5c, 0xef, 0x3c,
	0xef, 0x5c, 0xef, 0x5c, 0xef, 0x5c, 0xef, 0x5d, 0xef, 0x5c, 0xef, 0x5c, 0xef, 0x5c, 0xef, 0x5c,
	0xef, 0x5d, 0xef, 0x5d, 0xef, 0x5d, 0xef, 0x5d, 0xef, 0x5d, 0xef, 0x5d, 0xef, 0x5d, 0xe7, 0x3c,
	0xef, 0x5d, 0xf7, 0x9e, 0xce, 0x58, 0x6a, 0xea, 0x20, 0xc2, 0x5a, 0xcb, 0xb5, 0x12, 0xb5, 0x12,
	0xb5, 0x12, 0xb4, 0xf2, 0xac, 0x90, 0x93, 0xcd, 0x93, 0x8c, 0x8b, 0x4b, 0x8b, 0x6c, 0x72, 0x68,
	0x51, 0xa5, 0x31, 0x03, 0x28, 0xc2, 0x5a, 0x07, 0x72, 0xea, 0x7b, 0x2b, 0x83, 0x4b, 0x72, 0xc9,
	0x7b, 0x0a, 0x83, 0x6b, 0x8b, 0x8c, 0x93, 0xed, 0x7b, 0x4b, 0x62, 0x88, 0x62, 0x88, 0x6a, 0xc9,
	0x6a, 0xc9, 0x73, 0x0a, 0x73, 0x0a, 0x62, 0xa8, 0x52, 0x06, 0x6a, 0xa9, 0x73, 0x0a, 0x7b, 0x4b,
	0x8b, 0xac, 0x5a, 0x88, 0x08, 0x82, 0x08, 0x62, 0x08, 0x62, 0x08, 0x62, 0x08, 0x62, 0x08, 0x62,
	0x08, 0x62, 0x08, 0x62, 0x08, 0x62, 0x08, 0x62, 0x08, 0x62, 0x08, 0x62, 0x08, 0x62, 0x08, 0x62,
	0x08, 0x62, 0x08, 0x62, 0x08, 0x62, 0x08, 0x62, 0x08, 0x62, 0x08, 0x62, 0x08, 0x62, 0x08, 0x62,
	0x10, 0x82, 0x10, 0x82, 0x20, 0xe2, 0x39, 0xa5, 0x5a, 0x88, 0x52, 0x48, 0x62, 0xa9, 0x73, 0x0a,
	0x6b, 0x0a, 0x6b, 0x0a, 0x6a, 0xea, 0x62, 0xa9, 0x5a, 0x88, 0x73, 0x6c, 0xb5, 0x54, 0xb5, 0x54,
	0xde, 0xdb, 0xde, 0xdb, 0xde, 0xdb, 0xde, 0xdb, 0xde, 0xdb, 0xde, 0xdb, 0xde, 0xdb, 0xde, 0xfb,
	0xde, 0xfb, 0xde, 0xfb, 0xde, 0xfb, 0xde, 0xfb, 0xde, 0xfb, 0xe7, 0x1c, 0xe7, 0x1c, 0xe7, 0x1b,
	0xe7, 0x1c, 0xe7, 0x1c, 0xe7, 0x1c, 0xe7, 0x3c, 0xe7, 0x3c, 0xe7, 0x3c, 0xe7, 0x3c, 0xe7, 0x3c,
	0xe7, 0x3c, 0xe7, 0x3c, 0xe7, 0x3c, 0xe7, 0x3c, 0xe7, 0x3c, 0xef, 0x3c, 0xef, 0x3c, 0xef, 0x5c,
	0xef, 0x5c, 0xef, 0x5c, 0xef, 0x5c, 0xef, 0x5d, 0xef, 0x5c, 0xef, 0x5c, 0xef, 0x5c, 0xef, 0x5d,
	0xef, 0x5d, 0xef, 0x5d, 0xef, 0x5d, 0xef, 0x5d, 0xef, 0x5d, 0xef, 0x5d, 0xe7, 0x3c, 0xef, 0x5d,
	0xe7, 0x3c, 0xe7, 0x1c, 0xef, 0x7e, 0xe7, 0x1b, 0xa5, 0x34, 0xb5, 0xb6, 0x9c, 0x4f, 0xa4, 0x2f,
	0xac, 0x90, 0xac, 0xb1, 0x93, 0xcd, 0x72, 0xa9, 0x6a, 0x88, 0x83, 0x0b, 0x6a, 0x68, 0x51, 0x64,
	0x39, 0x23, 0x28, 0xc2, 0x41, 0x44, 0x62, 0x68, 0x72, 0xea, 0x83, 0x6b, 0x8b, 0x6c, 0x72, 0xc9,
	0x6a, 0x88, 0x72, 0xe9, 0x83, 0x6b, 0x83, 0x4b, 0x7b, 0x2a, 0x7b, 0x4b, 0x6a, 0xe9, 0x5a, 0x47,
	0x62, 0xa8, 0x6a, 0xa9, 0x6a, 0xc9, 0x5a, 0x67, 0x52, 0x27, 0x6a, 0xc9, 0x7b, 0x2a, 0x83, 0x4b,
	0x8b, 0x8c, 0x41, 0xc6, 0x00, 0x61, 0x08, 0x82, 0x08, 0x62, 0x08, 0x62, 0x08, 0x62, 0x08, 0x61,
	0x08, 0x62, 0x08, 0x82, 0x08, 0x82, 0x08, 0x62, 0x08, 0x62, 0x08, 0x62, 0x08, 0x62, 0x08, 0x62,
	0x08, 0x62, 0x08, 0x62, 0x08, 0x62, 0x08, 0x62, 0x08, 0x61, 0x08, 0x62, 0x08, 0x61, 0x10, 0x82,
	0x18, 0xa2, 0x18, 0xc2, 0x29, 0x23, 0x39, 0xa5, 0x62, 0xa9, 0x62, 0xa9, 0x73, 0x2b, 0x7b, 0x4b,
	0x73, 0x4b, 0x73, 0x0a, 0x6a, 0xea, 0x6b, 0x0a, 0x6b, 0x0a, 0x7b, 0x6c, 0xac, 0xf2, 0xb5, 0x74,
	0xde, 0xdb, 0xde, 0xdb, 0xde, 0xdb, 0xde, 0xdb, 0xde, 0xdb, 0xde, 0xdb, 0xde, 0xfb, 0xde, 0xfb,
	0xde, 0xfb, 0xde, 0xfb, 0xde, 0xfb, 0xde, 0xfb, 0xe7, 0x1c, 0xe7, 0x1c, 0xe7, 0x1c, 0xe7, 0x1c,
	0xe7, 0x1c, 0xe7, 0x1c, 0xe7, 0x1c, 0xe7, 0x3c, 0xe7, 0x3c, 0xe7, 0x3c, 0xe7, 0x3c, 0xe7, 0x3c,
	0xe7, 0x3c, 0xe7, 0x3c, 0xe7, 0x3c, 0xe7, 0x3c, 0xef, 0x3c, 0xef, 0x3c, 0xef, 0x5c, 0xef, 0x5c,
	0xef, 0x5c, 0xef, 0x5c, 0xef, 0x5c, 0xef, 0x5c, 0xef, 0x5c, 0xef, 0x5c, 0xef, 0x5d, 0xef, 0x5d,
	0xef, 0x5d, 0xef, 0x5d, 0xef, 0x5d, 0xef, 0x5d, 0xef, 0x5d, 0xef, 0x5d, 0xef, 0x5d, 0xef, 0x5d,
	0xef, 0x5d, 0xe7, 0x3c, 0xef, 0x5d, 0xbd, 0x95, 0xd6, 0xba, 0x8c, 0x30, 0x6a, 0xca, 0x83, 0x4b,
	0x93, 0xac, 0x83, 0x4b, 0x83, 0x2b, 0x72, 0xea, 0x51, 0xc6, 0x41, 0x64, 0x20, 0xc2, 0x10, 0xa2,
	0x20, 0xa2, 0x41, 0x44, 0x59, 0xe6, 0x6a, 0x68, 0x7a, 0xea, 0x7b, 0x0a, 0x83, 0x2b, 0x6a, 0x88,
	0x5a, 0x27, 0x51, 0xe6, 0x41, 0x64, 0x62, 0x88, 0x7b, 0x2a, 0x73, 0x0a, 0x72, 0xe9, 0x6a, 0xc9,
	0x5a, 0x67, 0x5a, 0x47, 0x6a, 0xc9, 0x5a, 0x47, 0x6a, 0xa9, 0x73, 0x0a, 0x7b, 0x2a, 0x83, 0x6b,
	0x8b, 0xac, 0x41, 0xc6, 0x00, 0x41, 0x08, 0x62, 0x08, 0x62, 0x08, 0x62, 0x08, 0x62, 0x08, 0x62,
	0x08, 0x82, 0x08, 0x82, 0x08, 0x62, 0x08, 0x62, 0x08, 0x62, 0x08, 0x62, 0x08, 0x62, 0x08, 0x62,
	0x08, 0x62, 0x08, 0x62, 0x08, 0x62, 0x08, 0x82, 0x08, 0x61, 0x08, 0x61, 0x08, 0x82, 0x18, 0xa2,
	0x20, 0xe3, 0x20, 0xe3, 0x39, 0x85, 0x4a, 0x06, 0x62, 0xc9, 0x6a, 0xea, 0x7b, 0x6c, 0x7b, 0x4b,
	0x7b, 0x4b, 0x7b, 0x4b, 0x73, 0x2b, 0x73, 0x2a, 0x6b, 0x0a, 0x7b, 0x4b, 0xac, 0xf2, 0xb5, 0x74,
	0xde, 0xdb, 0xde, 0xdb, 0xde, 0xdb, 0xde, 0xdb, 0xde, 0xdb, 0xde, 0xfb, 0xde, 0xdb, 0xde, 0xdb,
	0xde, 0xfb, 0xde, 0xfb, 0xde, 0xfb, 0xde, 0xfb, 0xe7, 0x1b, 0xe7, 0x1c, 0xe7, 0x1c, 0xe7, 0x1c,
	0xe7, 0x1c, 0xe7, 0x1c, 0xe7, 0x1c, 0xe7, 0x3c, 0xe7, 0x3c, 0xe7, 0x3c, 0xe7, 0x3c, 0xe7, 0x3c,
	0xe7, 0x3c, 0xe7, 0x3c, 0xe7, 0x3c, 0xe7, 0x3c, 0xef, 0x3c, 0xef, 0x3c, 0xef, 0x5c, 0xef, 0x5c,
	0xef, 0x5c, 0xef, 0x5c, 0xef, 0x5c, 0xef, 0x5c, 0xef, 0x5c, 0xef, 0x5d, 0xef, 0x5d, 0xef, 0x5d,
	0xef, 0x5d, 0xef, 0x5d, 0xef, 0x5d, 0xef, 0x5d, 0xef, 0x5d, 0xef, 0x5d, 0xef, 0x5d, 0xef, 0x5d,
	0xef, 0x5c, 0xef, 0x7d, 0xdf, 0x1c, 0x94, 0x0f, 0xad, 0x34, 0x7b, 0xce, 0x41, 0xe7, 0x41, 0xc6,
	0x49, 0xe6, 0x5a, 0x68, 0x6a, 0xc9, 0x51, 0xc6, 0x31, 0x03, 0x10, 0x61, 0x00, 0x61, 0x00, 0x62,
	0x08, 0x62, 0x41, 0x44, 0x5a, 0x07, 0x6a, 0x48, 0x72, 0xa9, 0x6a, 0xa9, 0x6a, 0x88, 0x52, 0x06,
	0x51, 0xe6, 0x49, 0x85, 0x20, 0xa2, 0x08, 0x61, 0x39, 0x85, 0x6a, 0xc9, 0x73, 0x0a, 0x72, 0xea,
	0x6a, 0xe9, 0x62, 0x88, 0x52, 0x27, 0x5a, 0x67, 0x7b, 0x2a, 0x73, 0x0a, 0x83, 0x6b, 0x83, 0x6b,
	0x73, 0x0a, 0x29, 0x24, 0x00, 0x41, 0x08, 0x62, 0x08, 0x62, 0x08, 0x62, 0x08, 0x62, 0x08, 0x62,
	0x08, 0x62, 0x08, 0x62, 0x08, 0x62, 0x08, 0x62, 0x08, 0x62, 0x08, 0x62, 0x08, 0x62, 0x08, 0x62,
	0x08, 0x62, 0x08, 0x62, 0x08, 0x62, 0x08, 0x62, 0x08, 0x62, 0x08, 0x62, 0x10, 0xa2, 0x20, 0xe2,
	0x31, 0x23, 0x29, 0x23, 0x4a, 0x07, 0x52, 0x48, 0x62, 0xc9, 0x7b, 0x4b, 0x83, 0x8c, 0x83, 0x8c,
	0x83, 0x8c, 0x7b, 0x6b, 0x7b, 0x6b, 0x7b, 0x4b, 0x73, 0x4b, 0x7b, 0x4b, 0xa4, 0xd1, 0xbd, 0x74,
	0xde, 0xdb, 0xde, 0xdb, 0xde, 0xdb, 0xde, 0xdb, 0xde, 0xdb, 0xde, 0xdb, 0xde, 0xfb, 0xde, 0xfb,
	0xde, 0xfb, 0xde, 0xfb, 0xde, 0xfb, 0xde, 0xfb, 0xe7, 0x1c, 0xe7, 0x1c, 0xe7, 0x1c, 0xe7, 0x1c,
	0xe7, 0x1c, 0xe7, 0x1c, 0xe7, 0x1c, 0xe7, 0x1c, 0xe7, 0x1c, 0xe7, 0x3c, 0xe7, 0x3c, 0xe7, 0x3c,
	0xe7, 0x3c, 0xe7, 0x3c, 0xe7, 0x3c, 0xe7, 0x3c, 0xef, 0x3c, 0xef, 0x3c, 0xef, 0x3c, 0xef, 0x5c,
	0xef, 0x5c, 0xef, 0x5c, 0xef, 0x5c, 0xef, 0x5c, 0xef, 0x5d, 0xef, 0x5d, 0xef, 0x5d, 0xef, 0x5d,
	0xef, 0x5d, 0xef, 0x5d, 0xef, 0x5d, 0xef, 0x5d, 0xef, 0x3c, 0xef, 0x5d, 0xef, 0x5d, 0xef, 0x5d,
	0xef, 0x7d, 0xef, 0x7d, 0xce, 0x38, 0x62, 0xa9, 0x6b, 0x2c, 0x84, 0x0f, 0x42, 0x07, 0x4a, 0x48,
	0x4a, 0x27, 0x52, 0x27, 0x29, 0x03, 0x10, 0x61, 0x00, 0x61, 0x08, 0x62, 0x08, 0x61, 0x10, 0x82,
	0x00, 0x61, 0x20, 0xc2, 0x49, 0xa5, 0x62, 0x27, 0x6a, 0xa9, 0x5a, 0x07, 0x51, 0xe6, 0x49, 0xa5,
	0x41, 0xa5, 0x39, 0x43, 0x18, 0xa2, 0x08, 0x82, 0x00, 0x41, 0x10, 0xa2, 0x41, 0xc6, 0x6a, 0xa9,
	0x72, 0xe9, 0x62, 0xa8, 0x73, 0x0a, 0x6a, 0xc9, 0x6a, 0xa9, 0x72, 0xe9, 0x8b, 0x8c, 0x83, 0x8c,
	0x4a, 0x06, 0x08, 0x82, 0x08, 0x62, 0x08, 0x62, 0x08, 0x62, 0x08, 0x62, 0x08, 0x62, 0x08, 0x62,
	0x08, 0x62, 0x08, 0x62, 0x08, 0x62, 0x08, 0x62, 0x08, 0x62, 0x08, 0x62, 0x08, 0x62, 0x08, 0x62,
	0x08, 0x62, 0x08, 0x62, 0x08, 0x62, 0x08, 0x82, 0x08, 0x82, 0x10, 0x82, 0x18, 0xc2, 0x29, 0x23,
	0x39, 0x85, 0x39, 0x85, 0x52, 0x48, 0x52, 0x68, 0x6a, 0xea, 0x7b, 0x8c, 0x83, 0xac, 0x83, 0xac,
	0x83, 0xac, 0x83, 0x8c, 0x7b, 0x6c, 0x7b, 0x6c, 0x7b, 0x8c, 0x7b, 0x6c, 0xac, 0xf2, 0xb5, 0x13,
	0xde, 0xdb, 0xde, 0xdb, 0xde, 0xdb, 0xde, 0xdb, 0xde, 0xdb, 0xde, 0xdb, 0xde, 0xfb, 0xde, 0xfb,
	0xde, 0xfb, 0xde, 0xfb, 0xde, 0xfb, 0xe7, 0x1c, 0xe7, 0x1c, 0xe7, 0x1c, 0xe7, 0x1c, 0xe7, 0x1c,
	0xe7, 0x1c, 0xe7, 0x1c, 0xe7, 0x1c, 0xe7, 0x3c, 0xe7, 0x3c, 0xe7, 0x3c, 0xe7, 0x3c, 0xe7, 0x3c,
	0xe7, 0x3c, 0xe7, 0x3c, 0xe7, 0x3c, 0xe7, 0x3c, 0xe7, 0x3c, 0xef, 0x5c, 0xef, 0x5c, 0xef, 0x5c,
	0xef, 0x5c, 0xef, 0x5c, 0xef, 0x5c, 0xef, 0x5d, 0xef, 0x5d, 0xef, 0x5d, 0xef, 0x5d, 0xef, 0x5d,
	0xef, 0x5d, 0xef, 0x5d, 0xe7, 0x3c, 0xef, 0x5d, 0xef, 0x7d, 0xe7, 0x3c, 0xe7, 0x3c, 0xe7, 0x1b,
	0xde, 0xba, 0xce, 0x18, 0xb5, 0x75, 0x94, 0x71, 0x73, 0x4d, 0xa4, 0xd2, 0xa4, 0xd2, 0x94, 0x2f,
	0x6b, 0x0b, 0x29, 0x03, 0x10, 0x61, 0x08, 0x82, 0x08, 0x61, 0x20, 0xc2, 0x29, 0x24, 0x28, 0xe3,
	0x10, 0x82, 0x08, 0x62, 0x28, 0xe2, 0x49, 0x85, 0x51, 0xe6, 0x51, 0xc5, 0x49, 0xa5, 0x39, 0x43,
	0x28, 0xe2, 0x20, 0xc2, 0x08, 0x82, 0x08, 0x62, 0x08, 0x62, 0x00, 0x61, 0x00, 0x41, 0x18, 0xc3,
	0x49, 0xe6, 0x72, 0xe9, 0x73, 0x0a, 0x73, 0x0a, 0x7b, 0x2a, 0x6a, 0xe9, 0x6a, 0xc9, 0x8b, 0x8c,
	0x41, 0xc6, 0x08, 0x62, 0x08, 0x62, 0x08, 0x62, 0x08, 0x62, 0x08, 0x62, 0x08, 0x62, 0x08, 0x82,
	0x08, 0x62, 0x08, 0x62, 0x08, 0x62, 0x08, 0x62, 0x08, 0x62, 0x08, 0x62, 0x08, 0x62, 0x08, 0x62,
	0x08, 0x62, 0x08, 0x62, 0x08, 0x61, 0x10, 0x82, 0x10, 0x82, 0x18, 0xa2, 0x29, 0x03, 0x31, 0x64,
	0x41, 0xc6, 0x41, 0xc6, 0x52, 0x48, 0x62, 0xc9, 0x6b, 0x0a, 0x83, 0xac, 0x8b, 0xcd, 0x8b, 0xcd,
	0x83, 0xac, 0x83, 0xac, 0x83, 0xac, 0x83, 0xac, 0x83, 0xac, 0x83, 0xad, 0xb5, 0x12, 0xac, 0xf2,
	0xd6, 0xba, 0xde, 0xdb, 0xde, 0xdb, 0xde, 0xdb, 0xde, 0xdb, 0xde, 0xdb, 0xde, 0xdb, 0xde, 0xdb,
	0xde, 0xfb, 0xde, 0xfb, 0xde, 0xfb, 0xde, 0xfb, 0xde, 0xfb, 0xe7, 0x1c, 0xe7, 0x1c, 0xe7, 0x1c,
	0xe7, 0x1c, 0xe7, 0x1c, 0xe7, 0x3c, 0xe7, 0x3c, 0xe7, 0x3c, 0xe7, 0x3c, 0xe7, 0x3c, 0xe7, 0x3c,
	0xe7, 0x3c, 0xe7, 0x3c, 0xe7, 0x3c, 0xe7, 0x3c, 0xe7, 0x3c, 0xef, 0x3c, 0xef, 0x5c, 0xef, 0x5c,
	0xef, 0x5c, 0xef, 0x5c, 0xef, 0x5d, 0xef, 0x5d, 0xef, 0x5d, 0xef, 0x5d, 0xef, 0x5d, 0xef, 0x5d,
	0xef, 0x5d, 0xef, 0x5d, 0xef, 0x7d, 0xef, 0x5d, 0xd6, 0x79, 0x94, 0x4f, 0x8b, 0xee, 0x7b, 0x4b,
	0xa4, 0xf2, 0xc5, 0xf7, 0xad, 0x75, 0x94, 0x92, 0xad, 0x13, 0xbd, 0x54, 0xac, 0xb1, 0x9c, 0x4f,
	0x94, 0x0f, 0x6a, 0xea, 0x18, 0xe3, 0x00, 0x41, 0x18, 0xc2, 0x29, 0x03, 0x31, 0x64, 0x31, 0x64,
	0x20, 0xc2, 0x00, 0x61, 0x08, 0x82, 0x18, 0xc2, 0x20, 0xc2, 0x28, 0xe2, 0x28, 0xe3, 0x20, 0xc2,
	0x10, 0x82, 0x08, 0x62, 0x08, 0x62, 0x08, 0x62, 0x08, 0x62, 0x08, 0x62, 0x08, 0x62, 0x00, 0x41,
	0x00, 0x41, 0x21, 0x03, 0x5a, 0x68, 0x83, 0x6b, 0x7b, 0x2a, 0x73, 0x0a, 0x6a, 0xe9, 0x73, 0x0a,
	0x39, 0x85, 0x08, 0x61, 0x08, 0x62, 0x08, 0x62, 0x08, 0x62, 0x08, 0x62, 0x08, 0x62, 0x08, 0x62,
	0x08, 0x62, 0x08, 0x62, 0x08, 0x62, 0x08, 0x62, 0x08, 0x62, 0x08, 0x62, 0x08, 0x62, 0x08, 0x62,
	0x08, 0x62, 0x08, 0x61, 0x08, 0x61, 0x10, 0xa2, 0x18, 0xa2, 0x20, 0xe2, 0x31, 0x43, 0x41, 0xc6,
	0x4a, 0x06, 0x4a, 0x07, 0x5a, 0x89, 0x6b, 0x0a, 0x73, 0x2b, 0x8b, 0xcd, 0x8b, 0xcd, 0x8b, 0xcd,
	0x83, 0xad, 0x83, 0xad, 0x8b, 0xcd, 0x8b, 0xcd, 0x8b, 0xcd, 0x94, 0x4f, 0xac, 0xf2, 0xa4, 0xb1,
	0xde, 0xdb, 0xde, 0xda, 0xde, 0xdb, 0xde, 0xdb, 0xde, 0xdb, 0xde, 0xdb, 0xde, 0xdb, 0xde, 0xfb,
	0xde, 0xdb, 0xde, 0xfb, 0xde, 0xfb, 0xde, 0xfb, 0xde, 0xfb, 0xe7, 0x1c, 0xe7, 0x1c, 0xe7, 0x1c,
	0xe7, 0x1c, 0xe7, 0x1c, 0xe7, 0x3c, 0xe7, 0x3c, 0xe7, 0x3c, 0xe7, 0x3c, 0xe7, 0x3c, 0xe7, 0x3c,
	0xe7, 0x3c, 0xe7, 0x3c, 0xe7, 0x3c, 0xe7, 0x3c, 0xe7, 0x3c, 0xe7, 0x3c, 0xef, 0x5c, 0xef, 0x5c,
	0xef, 0x5d, 0xef, 0x5d, 0xef, 0x5d, 0xef, 0x5d, 0xef, 0x5d, 0xe7, 0x3c, 0xef, 0x5c, 0xef, 0x5d,
	0xef, 0x7d, 0xe7, 0x3c, 0xde, 0xba, 0xb5, 0x53, 0x8b, 0xcd, 0x6a, 0xe9, 0x83, 0xee, 0x9c, 0x91,
	0xbd, 0xf7, 0xa5, 0x13, 0xa5, 0x14, 0x8c, 0x0f, 0xb5, 0x13, 0xac, 0xb1, 0x9c, 0x2f, 0x9c, 0x2f,
	0x93, 0xee, 0x8b, 0xcd, 0x73, 0x0b, 0x29, 0x44, 0x10, 0x82, 0x20, 0xe3, 0x29, 0x23, 0x31, 0x44,
	0x20, 0xe3, 0x08, 0x82, 0x10, 0x82, 0x08, 0x62, 0x00, 0x62, 0x00, 0x61, 0x08, 0x61, 0x08, 0x62,
	0x08, 0x62, 0x08, 0x62, 0x08, 0x62, 0x08, 0x62, 0x08, 0x62, 0x08, 0x62, 0x08, 0x62, 0x08, 0x62,
	0x08, 0x62, 0x00, 0x41, 0x08, 0x82, 0x41, 0xc6, 0x7b, 0x0a, 0x7b, 0x4b, 0x73, 0x0a, 0x52, 0x47,
	0x5a, 0x68, 0x39, 0x85, 0x00, 0x41, 0x08, 0x82, 0x08, 0x82, 0x08, 0x62, 0x08, 0x62, 0x08, 0x62,
	0x08, 0x62, 0x08, 0x62, 0x08, 0x62, 0x08, 0x62, 0x08, 0x62, 0x08, 0x62, 0x08, 0x62, 0x08, 0x62,
	0x08, 0x62, 0x08, 0x82, 0x10, 0x82, 0x18, 0xc2, 0x20, 0xe2, 0x29, 0x03, 0x39, 0x85, 0x49, 0xe6,
	0x52, 0x47, 0x52, 0x68, 0x62, 0xc9, 0x73, 0x4b, 0x7b, 0x4b, 0x8b, 0xcd, 0x8b, 0xed, 0x8b, 0xcd,
	0x8b, 0xcd, 0x8b, 0xcd, 0x8b, 0xed, 0x8b, 0xee, 0x8b, 0xee, 0x9c, 0x4f, 0x94, 0x0e, 0x8b, 0xed,
	0xd6, 0xba, 0xd6, 0xba, 0xde, 0xdb, 0xde, 0xdb, 0xde, 0xdb, 0xde, 0xdb, 0xde, 0xdb, 0xde, 0xdb,
	0xde, 0xfb, 0xde, 0xfb, 0xde, 0xfb, 0xde, 0xfb, 0xde, 0xfb, 0xde, 0xfb, 0xe7, 0x1c, 0xe7, 0x1c,
	0xe7, 0x1c, 0xe7, 0x1c, 0xe7, 0x1c, 0xe7, 0x3c, 0xe7, 0x3c, 0xe7, 0x3c, 0xe7, 0x3c, 0xe7, 0x3c,
	0xe7, 0x3c, 0xe7, 0x3c, 0xe7, 0x3c, 0xe7, 0x3c, 0xe7, 0x3c, 0xe7, 0x3c, 0xef, 0x5d, 0xef, 0x5d,
	0xef, 0x5d, 0xe7, 0x3c, 0xef, 0x5d, 0xef, 0x5d, 0xef, 0x5d, 0xef, 0x7d, 0xef, 0x7d, 0xde, 0xfb,
	0xce, 0x17, 0xad, 0x12, 0x9c, 0x4f, 0x7b, 0x6b, 0x62, 0xa8, 0x8c, 0x71, 0xce, 0x59, 0x94, 0x50,
	0x6b, 0x2c, 0x94, 0x91, 0x94, 0x51, 0x8c, 0x30, 0x9c, 0x2f, 0x9c, 0x2f, 0x9c, 0x50, 0x94, 0x0f,
	0x8b, 0xce, 0x8b, 0xce, 0x93, 0xee, 0x73, 0x0a, 0x39, 0x85, 0x10, 0x82, 0x10, 0xa2, 0x18, 0xa2,
	0x10, 0xa2, 0x08, 0x82, 0x18, 0xe3, 0x29, 0x24, 0x21, 0x03, 0x10, 0x82, 0x08, 0x61, 0x00, 0x41,
	0x00, 0x41, 0x00, 0x41, 0x08, 0x62, 0x08, 0x62, 0x08, 0x62, 0x08, 0x62, 0x08, 0x62, 0x08, 0x62,
	0x08, 0x62, 0x08, 0x62, 0x08, 0x62, 0x00, 0x41, 0x31, 0x65, 0x41, 0xc6, 0x39, 0x85, 0x4a, 0x07,
	0x62, 0xc9, 0x41, 0xe6, 0x18, 0xc3, 0x00, 0x61, 0x08, 0x62, 0x08, 0x62, 0x08, 0x62, 0x08, 0x62,
	0x08, 0x62, 0x08, 0x62, 0x08, 0x62, 0x08, 0x62, 0x08, 0x62, 0x08, 0x62, 0x08, 0x62, 0x00, 0x61,
	0x10, 0xa2, 0x20, 0xe3, 0x10, 0x82, 0x20, 0xe2, 0x29, 0x03, 0x31, 0x64, 0x41, 0xc6, 0x4a, 0x27,
	0x5a, 0x89, 0x62, 0xa9, 0x6b, 0x0a, 0x7b, 0x6c, 0x7b, 0x6c, 0x8b, 0xed, 0x8b, 0xee, 0x8b, 0xcd,
	0x8b, 0xcd, 0x8b, 0xcd, 0x8b, 0xcd, 0x8b, 0xee, 0x83, 0xcd, 0x83, 0x8c, 0x7b, 0x6b, 0x83, 0x8c,
	0xd6, 0xba, 0xd6, 0xba, 0xde, 0xdb, 0xde, 0xdb, 0xde, 0xdb, 0xde, 0xdb, 0xde, 0xdb, 0xde, 0xdb,
	0xde, 0xfb, 0xde, 0xfb, 0xde, 0xfb, 0xde, 0xfb, 0xde, 0xfb, 0xde, 0xfb, 0xde, 0xfb, 0xe7, 0x1c,
	0xe7, 0x1c, 0xe7, 0x1c, 0xe7, 0x3c, 0xe7, 0x3c, 0xe7, 0x3c, 0xe7, 0x3c, 0xe7, 0x3c, 0xe7, 0x3c,
	0xe7, 0x3c, 0xe7, 0x3c, 0xe7, 0x3c, 0xe7, 0x3c, 0xe7, 0x3c, 0xe7, 0x3c, 0xe7, 0x3c, 0xe7, 0x3c,
	0xe7, 0x3c, 0xe7, 0x3c, 0xe7, 0x3c, 0xef, 0x5d, 0xef, 0x5d, 0xce, 0x17, 0xac, 0xd1, 0xa4, 0x90,
	0x8b, 0xed, 0x83, 0x6c, 0x6a, 0xea, 0x5a, 0x68, 0x39, 0x64, 0x73, 0x4c, 0xce, 0x58, 0xb5, 0x75,
	0xad, 0x75, 0xb5, 0xb7, 0xa5, 0x35, 0x83, 0xef, 0xad, 0x14, 0x8b, 0xee, 0x93, 0xee, 0x9c, 0x2f,
	0x94, 0x0e, 0x9c, 0x50, 0x94, 0x0f, 0x83, 0x6c, 0x73, 0x0a, 0x41, 0xc6, 0x08, 0x61, 0x00, 0x41,
	0x08, 0x82, 0x00, 0x41, 0x18, 0xe3, 0x21, 0x24, 0x18, 0xc2, 0x31, 0x44, 0x52, 0x68, 0x4a, 0x27,
	0x21, 0x24, 0x10, 0xc3, 0x08, 0x62, 0x00, 0x61, 0x00, 0x61, 0x08, 0x82, 0x08, 0x82, 0x08, 0x82,
	0x08, 0x62, 0x00, 0x61, 0x00, 0x41, 0x08, 0x62, 0x00, 0x21, 0x00, 0x00, 0x00, 0x21, 0x08, 0xa2,
	0x18, 0xe3, 0x41, 0xc6, 0x39, 0xa5, 0x08, 0x61, 0x08, 0x62, 0x08, 0x62, 0x08, 0x62, 0x08, 0x62,
	0x08, 0x62, 0x08, 0x62, 0x08, 0x62, 0x08, 0x62, 0x08, 0x62, 0x08, 0x62, 0x08, 0x62, 0x00, 0x41,
	0x18, 0xe3, 0x20, 0xe3, 0x18, 0xc2, 0x29, 0x23, 0x31, 0x44, 0x39, 0xa5, 0x4a, 0x07, 0x5a, 0x89,
	0x6a, 0xea, 0x6b, 0x0b, 0x73, 0x4b, 0x83, 0x8c, 0x7b, 0x6c, 0x8b, 0xcd, 0x8b, 0xed, 0x8b, 0xcd,
	0x8b, 0xcd, 0x8b, 0xcd, 0x8b, 0xed, 0x8b, 0xee, 0x7b, 0x6c, 0x6a, 0xea, 0x6a, 0xea, 0x73, 0x2b,
	0xd6, 0xba, 0xd6, 0xba, 0xde, 0xdb, 0xde, 0xdb, 0xde, 0xdb, 0xde, 0xdb, 0xde, 0xdb, 0xde, 0xdb,
	0xde, 0xdb, 0xde, 0xdb, 0xde, 0xfb, 0xde, 0xfb, 0xde, 0xfb, 0xde, 0xfb, 0xde, 0xfb, 0xe7, 0x1c,
	0xe7, 0x1c, 0xe7, 0x1c, 0xe7, 0x3c, 0xe7, 0x3c, 0xe7, 0x3c, 0xe7, 0x3c, 0xe7, 0x3c, 0xe7, 0x3c,
	0xe7, 0x3c, 0xe7, 0x3c, 0xe7, 0x3c, 0xe7, 0x3c, 0xe7, 0x3c, 0xe7, 0x3c, 0xe7, 0x3c, 0xe7, 0x3c,
	0xe7, 0x3c, 0xe7, 0x3c, 0xef, 0x5d, 0xe6, 0xfb, 0xbd, 0x95, 0x8b, 0xac, 0x73, 0x0a, 0x7b, 0x2b,
	0x5a, 0x68, 0x52, 0x27, 0x49, 0xe6, 0x39, 0x44, 0x49, 0xe6, 0x94, 0x50, 0xb5, 0x33, 0xb5, 0x34,
	0xc5, 0xf7, 0xc5, 0x75, 0xad, 0x75, 0x52, 0x48, 0x73, 0x2c, 0x6a, 0xaa, 0x9b, 0xee, 0xa4, 0x70,
	0xac, 0xd1, 0xac, 0xf2, 0xa4, 0x91, 0x8b, 0xee, 0x7b, 0x2b, 0x73, 0x0a, 0x52, 0x48, 0x21, 0x03,
	0x00, 0x61, 0x00, 0x41, 0x21, 0x04, 0x39, 0xa5, 0x10, 0xa2, 0x52, 0x68, 0x73, 0x2b, 0x41, 0xe6,
	0x52, 0x68, 0x5a, 0xa9, 0x39, 0xc6, 0x20, 0xe3, 0x10, 0xc2, 0x00, 0x21, 0x00, 0x21, 0x00, 0x41,
	0x00, 0x41, 0x08, 0x82, 0x19, 0x04, 0x21, 0x24, 0x39, 0xc6, 0x4a, 0x27, 0x41, 0xc6, 0x21, 0x03,
	0x08, 0x61, 0x00, 0x41, 0x10, 0xa2, 0x18, 0xc3, 0x00, 0x61, 0x08, 0x62, 0x08, 0x62, 0x08, 0x62,
	0x08, 0x62, 0x08, 0x62, 0x08, 0x62, 0x08, 0x62, 0x08, 0x62, 0x08, 0x62, 0x08, 0x62, 0x00, 0x61,
	0x18, 0xe3, 0x18, 0xc2, 0x29, 0x03, 0x31, 0x44, 0x39, 0x85, 0x49, 0xe6, 0x52, 0x68, 0x6b, 0x0a,
	0x73, 0x4b, 0x73, 0x4b, 0x7b, 0x6c, 0x83, 0xad, 0x83, 0x8c, 0x8b, 0xcd, 0x8b, 0xed, 0x8b, 0xed,
	0x8b, 0xed, 0x8b, 0xcd, 0x8b, 0xee, 0x8b, 0xcd, 0x73, 0x2b, 0x6a, 0xea, 0x6a, 0xc9, 0x6a, 0xc9,
	0xd6, 0xba, 0xd6, 0xba, 0xd6, 0xba, 0xde, 0xbb, 0xde, 0xdb, 0xde, 0xdb, 0xde, 0xdb, 0xde, 0xdb,
	0xde, 0xdb, 0xde, 0xdb, 0xde, 0xdb, 0xde, 0xfb, 0xde, 0xfb, 0xde, 0xfb, 0xde, 0xfb, 0xe7, 0x1c,
	0xe7, 0x1c, 0xe7, 0x1c, 0xe7, 0x1c, 0xe7, 0x3c, 0xe7, 0x3c, 0xe7, 0x3c, 0xe7, 0x3c, 0xe7, 0x3c,
	0xe7, 0x3c, 0xe7, 0x3c, 0xe7, 0x3c, 0xe7, 0x3c, 0xe7, 0x3c, 0xe7, 0x3c, 0xe7, 0x3c, 0xe7, 0x3c,
	0xef, 0x5d, 0xe7, 0x5c, 0xce, 0x38, 0xac, 0xd1, 0x83, 0xac, 0x6a, 0xc9, 0x6a, 0xe9, 0x62, 0x68,
	0x39, 0x43, 0x39, 0x64, 0x31, 0x23, 0x28, 0xe2, 0x9c, 0x91, 0x8c, 0x2f, 0x5a, 0x68, 0x52, 0x07,
	0x93, 0xce, 0x7b, 0x0b, 0x5a, 0x48, 0x31, 0x44, 0x39, 0x23, 0x72, 0x68, 0x9b, 0xcd, 0xac, 0x90,
	0xb5, 0x12, 0xb5, 0x33, 0xac, 0xf2, 0x94, 0x0f, 0x7b, 0x4b, 0x72, 0xea, 0x72, 0xea, 0x6a, 0xea,
	0x31, 0x65, 0x00, 0x21, 0x29, 0x45, 0x31, 0x85, 0x20, 0xe3, 0x5a, 0x89, 0x20, 0xe2, 0x29, 0x03,
	0x52, 0x68, 0x5a, 0xa9, 0x4a, 0x48, 0x42, 0x07, 0x52, 0x88, 0x41, 0xc6, 0x52, 0x48, 0x62, 0xc9,
	0x73, 0x0a, 0x7b, 0x6c, 0x8b, 0xed, 0x93, 0xed, 0x9c, 0x2e, 0x94, 0x0d, 0x8b, 0xac, 0x73, 0x0a,
	0x62, 0x68, 0x31, 0x64, 0x08, 0x82, 0x00, 0x41, 0x00, 0x61, 0x08, 0x62, 0x08, 0x62, 0x08, 0x82,
	0x08, 0x62, 0x08, 0x62, 0x08, 0x62, 0x08, 0x62, 0x08, 0x62, 0x08, 0x62, 0x08, 0x62, 0x08, 0x62,
	0x21, 0x03, 0x20, 0xe2, 0x31, 0x64, 0x39, 0x85, 0x41, 0xc6, 0x4a, 0x27, 0x62, 0xca, 0x7b, 0x4b,
	0x83, 0x8c, 0x7b, 0x8c, 0x83, 0x8c, 0x8b, 0xcd, 0x83, 0xad, 0x83, 0xad, 0x94, 0x0e, 0x8c, 0x0e,
	0x8b, 0xee, 0x8b, 0xed, 0x8b, 0xed, 0x83, 0x8c, 0x6a, 0xea, 0x62, 0xa9, 0x62, 0xa9, 0x62, 0xa9,
	0xd6, 0xba, 0xd6, 0xba, 0xd6, 0xba, 0xd6, 0xba, 0xde, 0xdb, 0xd6, 0xda, 0xd6, 0xdb, 0xd6, 0xdb,
	0xd6, 0xdb, 0xde, 0xdb, 0xde, 0xdb, 0xde, 0xdb, 0xde, 0xfb, 0xde, 0xfb, 0xde, 0xfb, 0xde, 0xfb,
	0xe7, 0x1c, 0xe7, 0x1c, 0xe7, 0x1c, 0xe7, 0x1c, 0xe7, 0x3c, 0xe7, 0x3c, 0xe7, 0x3c, 0xe7, 0x3c,
	0xe7, 0x3c, 0xe7, 0x3c, 0xe7, 0x3c, 0xe7, 0x3c, 0xe7, 0x3c, 0xe7, 0x3c, 0xe7, 0x3c, 0xe7, 0x5d,
	0xc5, 0xf6, 0x9c, 0x70, 0x93, 0xed, 0x7b, 0x4b, 0x52, 0x06, 0x49, 0xe6, 0x5a, 0x67, 0x39, 0x64,
	0x28, 0xe2, 0x31, 0x03, 0x31, 0x23, 0x5a, 0x68, 0xcd, 0xf7, 0xa4, 0xd2, 0x41, 0xc6, 0x62, 0x27,
	0x41, 0xc6, 0x49, 0xe6, 0x31, 0x65, 0x08, 0x62, 0x10, 0x82, 0x28, 0xe3, 0x51, 0xe6, 0x7a, 0xea,
	0x8b, 0x6c, 0x93, 0xed, 0x93, 0xee, 0x93, 0xee, 0x8b, 0xad, 0x7b, 0x6c, 0x7b, 0x6c, 0x62, 0xca,
	0x5a, 0x48, 0x29, 0x24, 0x39, 0xc6, 0x62, 0xc9, 0x73, 0x4b, 0x6b, 0x2b, 0x62, 0xc9, 0x83, 0x8c,
	0x94, 0x0e, 0x9c, 0x2e, 0x94, 0x0e, 0x9c, 0x2e, 0x9c, 0x4e, 0x9c, 0x2e, 0x9c, 0x2e, 0x94, 0x0d,
	0x8b, 0xcc, 0x8b, 0xac, 0x93, 0xcd, 0x8b, 0xcc, 0x83, 0x8c, 0x83, 0x4b, 0x6a, 0xc9, 0x6a, 0xa9,
	0x6a, 0xc9, 0x52, 0x26, 0x41, 0xa5, 0x31, 0x64, 0x10, 0xa2, 0x00, 0x61, 0x08, 0x82, 0x08, 0x82,
	0x08, 0x62, 0x08, 0x62, 0x08, 0x62, 0x08, 0x62, 0x08, 0x62, 0x08, 0x62, 0x00, 0x61, 0x10, 0xa2,
	0x20, 0xe3, 0x29, 0x23, 0x39, 0x85, 0x41, 0xe6, 0x4a, 0x07, 0x5a, 0x89, 0x7b, 0x6b, 0x83, 0x8c,
	0x83, 0xad, 0x83, 0x8c, 0x83, 0xac, 0x94, 0x0e, 0x8b, 0xcd, 0x83, 0xad, 0x94, 0x0e, 0x8b, 0xee,
	0x8b, 0xee, 0x8b, 0xed, 0x83, 0xcd, 0x7b, 0x4b, 0x6a, 0xc9, 0x62, 0xa9, 0x62, 0x89, 0x62, 0xa9,
	0xd6, 0xba, 0xd6, 0xba, 0xd6, 0xba, 0xd6, 0xba, 0xd6, 0xba, 0xd6, 0xba, 0xd6, 0xdb, 0xd6, 0xdb,
	0xd6, 0xbb, 0xd6, 0xdb, 0xd6, 0xdb, 0xde, 0xdb, 0xde, 0xdb, 0xde, 0xdb, 0xde, 0xfb, 0xde, 0xfb,
	0xe7, 0x1c, 0xe7, 0x1c, 0xe7, 0x1c, 0xe7, 0x1c, 0xe7, 0x3c, 0xe7, 0x1c, 0xe7, 0x3c, 0xe7, 0x3c,
	0xe7, 0x3c, 0xe7, 0x3c, 0xe7, 0x1c, 0xe7, 0x1c, 0xe7, 0x3c, 0xe7, 0x3c, 0xe7, 0x5d, 0xd6, 0x99,
	0x94, 0x0e, 0x6a, 0xc9, 0x6a, 0xc9, 0x62, 0x88, 0x41, 0x84, 0x31, 0x43, 0x31, 0x23, 0x31, 0x23,
	0x41, 0xc5, 0x52, 0x47, 0x49, 0xe6, 0x73, 0x4c, 0xc5, 0xd6, 0xc5, 0xd6, 0x6a, 0xea, 0x49, 0xc6,
	0x39, 0x85, 0x73, 0x0b, 0x31, 0x85, 0x08, 0x61, 0x29, 0x45, 0x21, 0x24, 0x08, 0x61, 0x18, 0x81,
	0x49, 0x64, 0x6a, 0x68, 0x83, 0x6c, 0xac, 0xd1, 0xac, 0xf1, 0xa4, 0x90, 0x9c, 0x4f, 0x9c, 0x4f,
	0x9c, 0x4f, 0x9c, 0x4f, 0xa4, 0x4f, 0xa4, 0x6f, 0xac, 0x8f, 0xa4, 0x4e, 0xa4, 0x6f, 0x9c, 0x2e,
	0x9c, 0x2e, 0x93, 0xed, 0x93, 0xcc, 0x8b, 0xac, 0x8b, 0xac, 0x83, 0x6b, 0x83, 0x6b, 0x83, 0x6b,
	0x7b, 0x2a, 0x7b, 0x2a, 0x7b, 0x2a, 0x73, 0x0a, 0x6a, 0xc9, 0x62, 0x68, 0x5a, 0x47, 0x62, 0x88,
	0x6a, 0xc9, 0x52, 0x27, 0x49, 0xc5, 0x6a, 0x88, 0x62, 0x67, 0x29, 0x23, 0x08, 0x82, 0x08, 0x82,
	0x08, 0x62, 0x08, 0x62, 0x08, 0x62, 0x08, 0x62, 0x08, 0x62, 0x08, 0x62, 0x00, 0x61, 0x18, 0xe3,
	0x20, 0xe2, 0x31, 0x64, 0x41, 0xc6, 0x4a, 0x27, 0x52, 0x68, 0x73, 0x0a, 0x83, 0xac, 0x83, 0xad,
	0x8b, 0xcd, 0x83, 0xad, 0x8b, 0xcd, 0x8b, 0xed, 0x8b, 0xcd, 0x83, 0xad, 0x8b, 0xed, 0x8b, 0xee,
	0x94, 0x0e, 0x8b, 0xcd, 0x83, 0xad, 0x73, 0x2b, 0x62, 0xc9, 0x62, 0x88, 0x62, 0xa9, 0x62, 0xa9,
	0xd6, 0xba, 0xd6, 0xba, 0xd6, 0xba, 0xd6, 0xba, 0xd6, 0xba, 0xd6, 0xba, 0xd6, 0xba, 0xd6, 0xbb,
	0xd6, 0xbb, 0xd6, 0xbb, 0xd6, 0xbb, 0xd6, 0xdb, 0xde, 0xdb, 0xde, 0xdb, 0xde, 0xfb, 0xde, 0xfb,
	0xde, 0xfb, 0xe7, 0x1c, 0xe7, 0x1b, 0xe7, 0x1c, 0xe7, 0x1c, 0xe7, 0x1c, 0xe7, 0x3c, 0xe7, 0x3c,
	0xe7, 0x1c, 0xe7, 0x1c, 0xe7, 0x1c, 0xe7, 0x1c, 0xe7, 0x1c, 0xe7, 0x3c, 0xe6, 0xfb, 0xa4, 0xb1,
	0x83, 0x6b, 0x6a, 0xe9, 0x6a, 0xc9, 0x52, 0x47, 0x31, 0x23, 0x39, 0x84, 0x41, 0xc5, 0x5a, 0x68,
	0x73, 0x0a, 0x83, 0x8c, 0x83, 0x8c, 0xa4, 0xb1, 0xce, 0x17, 0xbd, 0xd7, 0x9c, 0x91, 0x5a, 0x68,
	0x52, 0x48, 0x41, 0xc6, 0x52, 0x48, 0x9c, 0x2f, 0x9c, 0x2f, 0x83, 0x8c, 0x6a, 0xa9, 0x31, 0x65,
	0x18, 0xa2, 0x28, 0xc2, 0x83, 0x8c, 0xb5, 0x12, 0xa4, 0x6f, 0xa4, 0x4e, 0x9c, 0x2e, 0x9c, 0x2e,
	0x9c, 0x0d, 0x93, 0xed, 0x8b, 0xac, 0x8b, 0xac, 0x93, 0xcc, 0x83, 0x6b, 0x83, 0x6b, 0x83, 0x6b,
	0x8b, 0x8b, 0x83, 0x4a, 0x7b, 0x2a, 0x7b, 0x2a, 0x73, 0x0a, 0x72, 0xe9, 0x72, 0xc9, 0x6a, 0xc9,
	0x6a, 0xa8, 0x6a, 0xa8, 0x6a, 0xc9, 0x6a, 0xa9, 0x6a, 0xc9, 0x6a, 0xc9, 0x73, 0x0a, 0x83, 0x6b,
	0x83, 0x8c, 0x52, 0x27, 0x49, 0xe6, 0x6a, 0xc9, 0x72, 0xea, 0x5a, 0x68, 0x18, 0xe3, 0x08, 0x62,
	0x08, 0x82, 0x08, 0x62, 0x08, 0x62, 0x08, 0x62, 0x08, 0x62, 0x00, 0x62, 0x10, 0xa2, 0x29, 0x44,
	0x20, 0xe2, 0x41, 0xa5, 0x4a, 0x07, 0x5a, 0x68, 0x62, 0xc9, 0x7b, 0x6c, 0x83, 0xad, 0x8b, 0xcd,
	0x8b, 0xcd, 0x8b, 0xcd, 0x8b, 0xcd, 0x8b, 0xcd, 0x94, 0x0e, 0x83, 0xad, 0x8b, 0xcd, 0x8b, 0xee,
	0x8b, 0xed, 0x8b, 0xcd, 0x83, 0x8c, 0x73, 0x2b, 0x62, 0xc9, 0x5a, 0x88, 0x62, 0xa9, 0x62, 0xc9,
	0xd6, 0x9a, 0xd6, 0xba, 0xd6, 0x9a, 0xd6, 0xba, 0xd6, 0xba, 0xd6, 0xba, 0xd6, 0xba, 0xd6, 0xba,
	0xd6, 0xba, 0xd6, 0xba, 0xd6, 0xba, 0xd6, 0xda, 0xde, 0xdb, 0xde, 0xdb, 0xde, 0xfb, 0xde, 0xfb,
	0xde, 0xfb, 0xde, 0xfb, 0xe6, 0xfb, 0xe7, 0x1b, 0xe7, 0x1c, 0xe7, 0x1c, 0xe7, 0x1c, 0xe7, 0x1c,
	0xe7, 0x1c, 0xe7, 0x1c, 0xe7, 0x1c, 0xe7, 0x1c, 0xe7, 0x1c, 0xe7, 0x1c, 0xbd, 0x74, 0x83, 0xac,
	0x62, 0xa9, 0x49, 0xc5, 0x49, 0xc5, 0x31, 0x43, 0x39, 0x84, 0x5a, 0x68, 0x62, 0x89, 0x6a, 0xea,
	0x83, 0x8c, 0x94, 0x0e, 0x94, 0x0e, 0xb5, 0x53, 0xce, 0x38, 0xbd, 0xd6, 0xce, 0x17, 0xa4, 0xf3,
	0x7b, 0x8d, 0x73, 0x4c, 0xbd, 0x74, 0xbd, 0x33, 0xac, 0xb1, 0x9c, 0x0e, 0x7b, 0x2b, 0x7b, 0x4b,
	0x62, 0xca, 0x29, 0x24, 0x52, 0x27, 0xa4, 0x4f, 0x8b, 0xac, 0x8b, 0x8c, 0x83, 0x6b, 0x7b, 0x2a,
	0x7b, 0x2a, 0x7b, 0x0a, 0x72, 0xe9, 0x7b, 0x0a, 0x7b, 0x0a, 0x73, 0x09, 0x7b, 0x0a, 0x7b, 0x0a,
	0x73, 0x0a, 0x73, 0x0a, 0x7b, 0x2a, 0x7b, 0x2a, 0x7b, 0x0a, 0x7b, 0x0a, 0x7b, 0x2a, 0x83, 0x6b,
	0x7b, 0x4a, 0x83, 0x4b, 0x8b, 0xac, 0x93, 0xed, 0x93, 0xed, 0x83, 0x6b, 0x83, 0x6b, 0x8b, 0xac,
	0x73, 0x0a, 0x41, 0x84, 0x52, 0x27, 0x6a, 0xc9, 0x7b, 0x0a, 0x7b, 0x4b, 0x49, 0xe6, 0x18, 0xc2,
	0x08, 0x62, 0x08, 0x62, 0x08, 0x62, 0x08, 0x62, 0x08, 0x62, 0x00, 0x41, 0x18, 0xe3, 0x29, 0x03,
	0x31, 0x44, 0x4a, 0x06, 0x52, 0x68, 0x62, 0xca, 0x73, 0x2b, 0x83, 0xac, 0x8b, 0xcd, 0x94, 0x0e,
	0x94, 0x0e, 0x8b, 0xee, 0x8b, 0xcd, 0x94, 0x0e, 0x8b, 0xed, 0x83, 0x8c, 0x7b, 0x6c, 0x8b, 0xcd,
	0x83, 0xad, 0x83, 0xad, 0x83, 0x8c, 0x73, 0x0a, 0x62, 0xa9, 0x5a, 0x88, 0x5a, 0x88, 0x62, 0xa9,
	0xd6, 0x9a, 0xd6, 0x9a, 0xd6, 0x9a, 0xd6, 0xba, 0xd6, 0xba, 0xd6, 0xba, 0xd6, 0xba, 0xd6, 0xba,
	0xd6, 0xba, 0xd6, 0xba, 0xd6, 0xba, 0xd6, 0xda, 0xd6, 0xda, 0xde, 0xdb, 0xde, 0xdb, 0xde, 0xdb,
	0xde, 0xfb, 0xde, 0xfb, 0xde, 0xfb, 0xe7, 0x1b, 0xe7, 0x1b, 0xe7, 0x1b, 0xe7, 0x1c, 0xe7, 0x1c,
	0xe7, 0x1c, 0xe7, 0x1c, 0xe7, 0x1c, 0xe7, 0x1c, 0xef, 0x5d, 0xc5, 0xf6, 0x9c, 0x2e, 0x73, 0x2a,
	0x5a, 0x47, 0x49, 0xc5, 0x31, 0x02, 0x31, 0x43, 0x6a, 0xc9, 0x7b, 0x4b, 0x7b, 0x6b, 0x8b, 0xed,
	0x9c, 0x6f, 0x9c, 0x6f, 0x8b, 0xcd, 0xb5, 0x54, 0xce, 0x59, 0xc5, 0xf6, 0x94, 0x0f, 0x9c, 0xd2,
	0xa4, 0xb1, 0x94, 0x0e, 0xbd, 0x33, 0xb4, 0xd2, 0xac, 0x70, 0x8b, 0x8d, 0x7b, 0x4b, 0x73, 0x0b,
	0x7b, 0x6c, 0x7b, 0x2b, 0x6a, 0xea, 0x93, 0xed, 0x83, 0x4b, 0x7b, 0x2a, 0x72, 0xc9, 0x72, 0xe9,
	0x7b, 0x0a, 0x7b, 0x2a, 0x83, 0x6b, 0x8b, 0xac, 0x8b, 0xac, 0x93, 0xcc, 0x93, 0xcd, 0x93, 0xcd,
	0x93, 0xed, 0x8b, 0xac, 0x8b, 0xac, 0x93, 0xcc, 0x8b, 0x8b, 0x83, 0x6b, 0x8b, 0xac, 0x93, 0xcc,
	0x8b, 0x8c, 0x8b, 0xac, 0x93, 0xed, 0x9c, 0x0d, 0x8b, 0xac, 0x7b, 0x2a, 0x83, 0x4b, 0x8b, 0xac,
	0x5a, 0x47, 0x39, 0x64, 0x5a, 0x68, 0x72, 0xea, 0x8b, 0xac, 0x83, 0x8c, 0x6a, 0xc9, 0x52, 0x27,
	0x29, 0x03, 0x08, 0x61, 0x08, 0x62, 0x08, 0x62, 0x08, 0x82, 0x00, 0x62, 0x29, 0x23, 0x31, 0x23,
	0x41, 0xc5, 0x52, 0x48, 0x62, 0xc9, 0x7b, 0x4b, 0x83, 0x8c, 0x83, 0xad, 0x8b, 0xee, 0x94, 0x0e,
	0x94, 0x2e, 0x94, 0x2e, 0x8b, 0xed, 0x8b, 0xcd, 0x8b, 0xcd, 0x8b, 0xed, 0x83, 0xad, 0x8b, 0xcd,
	0x83, 0xac, 0x83, 0xac, 0x7b, 0x6b, 0x73, 0x0a, 0x62, 0xa9, 0x5a, 0x88, 0x5a, 0x88, 0x62, 0xa9,
	0xd6, 0x9a, 0xd6, 0x9a, 0xd6, 0x9a, 0xd6, 0x9a, 0xd6, 0xba, 0xd6, 0xba, 0xd6, 0xba, 0xd6, 0xba,
	0xd6, 0xba, 0xd6, 0xba, 0xd6, 0xba, 0xd6, 0xba, 0xd6, 0xba, 0xde, 0xdb, 0xde, 0xdb, 0xde, 0xdb,
	0xde, 0xdb, 0xde, 0xfb, 0xde, 0xfb, 0xde, 0xfb, 0xe7, 0x1b, 0xe7, 0x1b, 0xe7, 0x1b, 0xe7, 0x1b,
	0xe7, 0x1c, 0xe7, 0x1c, 0xe7, 0x1c, 0xe7, 0x3c, 0xce, 0x37, 0x9c, 0x4f, 0x83, 0x8c, 0x62, 0xa9,
	0x49, 0xe6, 0x41, 0xa5, 0x41, 0xa5, 0x52, 0x27, 0x8b, 0xcd, 0x94, 0x2e, 0x94, 0x2e, 0xa4, 0x90,
	0xa4, 0x90, 0x8b, 0xed, 0x83, 0x8c, 0xc5, 0xf7, 0xce, 0x17, 0xbd, 0x54, 0x8b, 0xad, 0x8c, 0x50,
	0x9c, 0x91, 0x83, 0x8c, 0xac, 0x6f, 0xac, 0x4f, 0x9b, 0xee, 0x7b, 0x0b, 0x72, 0xea, 0x62, 0xa9,
	0x7b, 0x6c, 0x73, 0x2b, 0x7b, 0x2b, 0x9c, 0x0e, 0x9c, 0x2e, 0x93, 0xed, 0x8b, 0xcc, 0x9c, 0x2e,
	0x9c, 0x2e, 0xa4, 0x4e, 0xa4, 0x4f, 0xa4, 0x4e, 0xa4, 0x4f, 0xa4, 0x4e, 0x9c, 0x0d, 0x9b, 0xed,
	0x93, 0xcd, 0x83, 0x6b, 0x8b, 0x8b, 0x8b, 0x8b, 0x83, 0x4a, 0x83, 0x4b, 0x93, 0xac, 0x93, 0xcd,
	0x8b, 0x8c, 0x8b, 0xac, 0x93, 0xed, 0x9c, 0x0d, 0x8b, 0xac, 0x73, 0x2a, 0x83, 0x8b, 0x7b, 0x2a,
	0x41, 0x84, 0x49, 0xc5, 0x6a, 0xc9, 0x83, 0x8c, 0x93, 0xee, 0x7b, 0x6b, 0x6a, 0xea, 0x5a, 0x68,
	0x52, 0x27, 0x29, 0x23, 0x08, 0x61, 0x08, 0x61, 0x00, 0x41, 0x10, 0x82, 0x31, 0x44, 0x39, 0x84,
	0x52, 0x27, 0x62, 0xc9, 0x7b, 0x4b, 0x83, 0xac, 0x83, 0xad, 0x8b, 0xed, 0x94, 0x2f, 0x94, 0x2f,
	0x94, 0x2f, 0x9c, 0x4f, 0x8b, 0xee, 0x8b, 0xcd, 0x94, 0x0e, 0x94, 0x0e, 0x83, 0xcd, 0x8b, 0xcd,
	0x83, 0xac, 0x83, 0x8c, 0x83, 0x8c, 0x73, 0x0a, 0x62, 0xa9, 0x5a, 0x68, 0x5a, 0x88, 0x62, 0xa9,
	0xd6, 0x9a, 0xd6, 0x9a, 0xd6, 0x9a, 0xd6, 0x9a, 0xd6, 0xba, 0xd6, 0x9a, 0xd6, 0x9a, 0xd6, 0xba,
	0xd6, 0xba, 0xd6, 0xba, 0xd6, 0xba, 0xd6, 0xba, 0xd6, 0xba, 0xd6, 0xba, 0xde, 0xda, 0xde, 0xdb,
	0xde, 0xdb, 0xde, 0xdb, 0xde, 0xfb, 0xde, 0xfb, 0xe6, 0xfb, 0xe6, 0xfb, 0xe7, 0x1b, 0xe7, 0x1b,
	0xe7, 0x1c, 0xe7, 0x1b, 0xe7, 0x3c, 0xd6, 0x79, 0x9c, 0x6f, 0x94, 0x0e, 0x7b, 0x4b, 0x52, 0x27,
	0x41, 0x84, 0x4a, 0x06, 0x52, 0x06, 0x52, 0x47, 0x9c, 0x2e, 0xa4, 0xb0, 0xac, 0xb0, 0xa4, 0xb0,
	0x9c, 0x2e, 0x7b, 0x4b, 0x8c, 0x0e, 0xce, 0x38, 0x94, 0x2f, 0x9c, 0x2f, 0xac, 0xb1, 0x5b, 0x0c,
	0x5b, 0x0c, 0x94, 0x2f, 0x7a, 0xea, 0x8b, 0x6b, 0x6a, 0x89, 0x62, 0x68, 0x62, 0x68, 0x62, 0xa9,
	0x73, 0x2b, 0x6a, 0xea, 0x62, 0x89, 0x93, 0xcd, 0x9c, 0x0d, 0x93, 0xcd, 0x8b, 0x8c, 0x9c, 0x0e,
	0x9c, 0x2e, 0xa4, 0x2e, 0x9c, 0x0d, 0x9c, 0x0d, 0x9c, 0x0e, 0x93, 0xcd, 0x8b, 0xac, 0x8b, 0x8c,
	0x83, 0x6b, 0x7b, 0x2a, 0x83, 0x6b, 0x83, 0x6b, 0x83, 0x4b, 0x8b, 0x8c, 0x93, 0xed, 0x93, 0xcd,
	0x8b, 0x8c, 0x8b, 0xac, 0x93, 0xed, 0x9c, 0x0e, 0x83, 0x8c, 0x7b, 0x2a, 0x83, 0x6b, 0x5a, 0x47,
	0x39, 0x43, 0x5a, 0x48, 0x7b, 0x2b, 0x94, 0x0e, 0x93, 0xee, 0x7b, 0x6c, 0x73, 0x2a, 0x5a, 0x47,
	0x6a, 0xc9, 0x5a, 0x88, 0x39, 0x85, 0x29, 0x24, 0x20, 0xe3, 0x39, 0x64, 0x39, 0x64, 0x49, 0xe6,
	0x62, 0xa9, 0x7b, 0x6b, 0x83, 0xac, 0x8b, 0xcd, 0x8b, 0xcd, 0x94, 0x0e, 0x9c, 0x4f, 0x9c, 0x4f,
	0x9c, 0x4f, 0x9c, 0x4f, 0x94, 0x0e, 0x8b, 0xed, 0x94, 0x0e, 0x83, 0x8c, 0x7b, 0x6c, 0x83, 0x8c,
	0x83, 0x8c, 0x83, 0x8c, 0x7b, 0x4b, 0x6a, 0xea, 0x62, 0xa9, 0x5a, 0x68, 0x5a, 0x68, 0x62, 0xa9,
	0xd6, 0x9a, 0xd6, 0x9a, 0xd6, 0x9a, 0xd6, 0x9a, 0xd6, 0xba, 0xd6, 0x9a, 0xd6, 0xba, 0xd6, 0xba,
	0xd6, 0x9a, 0xd6, 0x9a, 0xd6, 0xba, 0xd6, 0xba, 0xd6, 0xba, 0xd6, 0xba, 0xde, 0xda, 0xde, 0xda,
	0xde, 0xdb, 0xde, 0xdb, 0xde, 0xfb, 0xde, 0xfb, 0xde, 0xfb, 0xe6, 0xfb, 0xe7, 0x1b, 0xe7, 0x1b,
	0xe7, 0x1b, 0xe7, 0x3c, 0xd6, 0xba, 0x9c, 0x90, 0x9c, 0x6f, 0x8b, 0xac, 0x62, 0xa9, 0x49, 0xc5,
	0x49, 0xe5, 0x5a, 0x68, 0x62, 0x88, 0x52, 0x27, 0x83, 0xac, 0xac, 0xd0, 0x9c, 0x4f, 0x52, 0x27,
	0x41, 0xa5, 0x49, 0xe6, 0x83, 0xad, 0xc5, 0xd5, 0xac, 0xd1, 0x62, 0x88, 0x8b, 0xcd, 0x6b, 0xae,
	0x39, 0xc7, 0x7b, 0x6d, 0x31, 0x65, 0x29, 0x24, 0x19, 0x04, 0x21, 0x24, 0x4a, 0x07, 0x6a, 0xea,
	0x83, 0x8d, 0x73, 0x2b, 0x5a, 0x68, 0x7b, 0x2b, 0xa4, 0x4e, 0x8b, 0xac, 0x83, 0x6b, 0x93, 0xed,
	0x9b, 0xed, 0x93, 0xed, 0x93, 0xac, 0x8b, 0xac, 0x8b, 0x8c, 0x83, 0x6b, 0x83, 0x4b, 0x83, 0x6b,
	0x83, 0x4b, 0x83, 0x4b, 0x8b, 0x6b, 0x8b, 0x8c, 0x8b, 0xac, 0x93, 0xed, 0x9c, 0x0d, 0x93, 0xcd,
	0x8b, 0xac, 0x93, 0xed, 0x9c, 0x2e, 0x9c, 0x0e, 0x83, 0x8c, 0x7b, 0x2a, 0x6a, 0xc9, 0x39, 0x64,
	0x41, 0xa5, 0x6a, 0xea, 0x8b, 0xcd, 0x9c, 0x2f, 0x8b, 0xcd, 0x7b, 0x6c, 0x73, 0x2a, 0x5a, 0x88,
	0x73, 0x2b, 0x6a, 0xe9, 0x5a, 0x68, 0x52, 0x27, 0x5a, 0x68, 0x52, 0x27, 0x4a, 0x06, 0x5a, 0x68,
	0x73, 0x2b, 0x83, 0xac, 0x8b, 0xcd, 0x8b, 0xcd, 0x8b, 0xed, 0x94, 0x0e, 0x9c, 0x4f, 0x9c, 0x4f,
	0x94, 0x2f, 0x8b, 0xed, 0x8b, 0xcd, 0x83, 0xac, 0x83, 0x8c, 0x83, 0x8c, 0x83, 0xac, 0x7b, 0x6b,
	0x83, 0x8c, 0x7b, 0x6c, 0x7b, 0x4b, 0x6b, 0x0a, 0x62, 0xa9, 0x5a, 0x68, 0x5a, 0x68, 0x5a, 0x88,
	0xd6, 0x9a, 0xd6, 0x9a, 0xd6, 0x9a, 0xd6, 0x9a, 0xd6, 0x9a, 0xd6, 0x9a, 0xd6, 0x9a, 0xd6, 0xba,
	0xd6, 0xba, 0xd6, 0xba, 0xd6, 0xba, 0xd6, 0xba, 0xd6, 0xba, 0xd6, 0xba, 0xde, 0xda, 0xde, 0xda,
	0xde, 0xdb, 0xde, 0xdb, 0xde, 0xdb, 0xde, 0xfb, 0xde, 0xfb, 0xde, 0xfb, 0xe7, 0x1b, 0xe6, 0xfb,
	0xe6, 0xfb, 0xe7, 0x3c, 0xad, 0x13, 0x62, 0xa8, 0x52, 0x26, 0x5a, 0x47, 0x52, 0x06, 0x49, 0xc5,
	0x52, 0x27, 0x62, 0x88, 0x6a, 0xa9, 0x5a, 0x68, 0x73, 0x0a, 0xa4, 0x6f, 0x8b, 0xed, 0x4a, 0x06,
	0x31, 0x44, 0x10, 0x81, 0x5a, 0xa9, 0xac, 0xf1, 0xbd, 0x32, 0x52, 0x07, 0x83, 0xcd, 0x94, 0x0f,
	0x5a, 0xaa, 0x73, 0x4c, 0x19, 0x04, 0x00, 0x41, 0x18, 0xc3, 0x18, 0xc3, 0x08, 0xa2, 0x10, 0xc3,
	0x29, 0x86, 0x39, 0xc6, 0x31, 0x86, 0x62, 0xca, 0xa4, 0x4e, 0x8b, 0xac, 0x83, 0x8b, 0x93, 0xcc,
	0x93, 0xcc, 0x8b, 0xac, 0x8b, 0x8b, 0x83, 0x6b, 0x83, 0x4b, 0x83, 0x4b, 0x83, 0x4b, 0x83, 0x6b,
	0x83, 0x4b, 0x83, 0x6b, 0x8b, 0xac, 0x93, 0xed, 0x9c, 0x0e, 0x9c, 0x2e, 0x9c, 0x0d, 0x93, 0xcc,
	0x93, 0xcd, 0x9c, 0x2e, 0x9c, 0x2e, 0x93, 0xed, 0x83, 0x6b, 0x6a, 0xc9, 0x51, 0xe6, 0x39, 0x43,
	0x52, 0x06, 0x7b, 0x4b, 0x9c, 0x4f, 0x94, 0x2e, 0x8b, 0xcd, 0x83, 0x8c, 0x73, 0x2b, 0x6a, 0xca,
	0x83, 0xac, 0x6a, 0xea, 0x62, 0x88, 0x5a, 0x88, 0x6a, 0xca, 0x6a, 0xea, 0x73, 0x0a, 0x7b, 0x4b,
	0x8b, 0xcd, 0x8b, 0xed, 0x93, 0xee, 0x94, 0x0e, 0x94, 0x2e, 0x94, 0x2f, 0x9c, 0x4f, 0x9c, 0x4f,
	0x94, 0x0e, 0x83, 0x8c, 0x83, 0xac, 0x83, 0xac, 0x83, 0x8c, 0x8b, 0xcd, 0x94, 0x0e, 0x83, 0x8c,
	0x83, 0x8c, 0x7b, 0x4b, 0x73, 0x2b, 0x6a, 0xea, 0x5a, 0x88, 0x5a, 0x68, 0x5a, 0x48, 0x5a, 0x89,
	0xd6, 0x9a, 0xd6, 0x9a, 0xd6, 0x9a, 0xd6, 0x9a, 0xd6, 0xba, 0xd6, 0x9a, 0xd6, 0xba, 0xd6, 0xba,
	0xd6, 0x9a, 0xd6, 0xba, 0xd6, 0xba, 0xd6, 0xba, 0xd6, 0xba, 0xd6, 0xba, 0xde, 0xba, 0xde, 0xda,
	0xde, 0xda, 0xde, 0xdb, 0xde, 0xdb, 0xde, 0xfb, 0xde, 0xfb, 0xde, 0xfb, 0xde, 0xfb, 0xde, 0xfb,
	0xe7, 0x1c, 0xd6, 0x99, 0xa4, 0x90, 0x8b, 0xcd, 0x4a, 0x06, 0x41, 0x84, 0x41, 0xc5, 0x49, 0xe6,
	0x5a, 0x68, 0x62, 0xa8, 0x6a, 0xe9, 0x62, 0xa9, 0x7b, 0x4b, 0x9c, 0x2e, 0x8b, 0xcd, 0x62, 0x88,
	0x52, 0x07, 0x18, 0xa2, 0x73, 0x4c, 0xac, 0xf1, 0xc5, 0xb4, 0x6b, 0x0a, 0x83, 0x4b, 0x9c, 0x0e,
	0x7b, 0x6d, 0x41, 0xc6, 0x10, 0xa3, 0x10, 0x82, 0x20, 0xe3, 0x41, 0x85, 0x49, 0xc6, 0x39, 0x65,
	0x20, 0xe3, 0x18, 0xc3, 0x00, 0x41, 0x31, 0x85, 0x9c, 0x0e, 0x93, 0xed, 0x83, 0x6b, 0x8b, 0x8c,
	0x93, 0xed, 0x93, 0xcd, 0x8b, 0xac, 0x8b, 0x8c, 0x83, 0x6b, 0x83, 0x6b, 0x83, 0x6b, 0x8b, 0x6b,
	0x8b, 0x8c, 0x8b, 0xac, 0x93, 0xcc, 0x9c, 0x0d, 0x9c, 0x0e, 0x9c, 0x0e, 0x94, 0x0d, 0x94, 0x0d,
	0x9c, 0x2e, 0xa4, 0x4f, 0x9c, 0x2e, 0x93, 0xcd, 0x73, 0x0a, 0x5a, 0x47, 0x39, 0x64, 0x41, 0x84,
	0x62, 0x88, 0x94, 0x0e, 0x9c, 0x6f, 0x94, 0x0e, 0x8b, 0xcd, 0x83, 0xac, 0x73, 0x0a, 0x7b, 0x4b,
	0x8b, 0xcd, 0x73, 0x2b, 0x6a, 0xea, 0x6a, 0xea, 0x83, 0x6c, 0x83, 0xac, 0x8b, 0xcd, 0x8b, 0xed,
	0x94, 0x0e, 0x94, 0x2e, 0x94, 0x2f, 0x9c, 0x4f, 0x94, 0x2f, 0x94, 0x2f, 0x9c, 0x6f, 0x9c, 0x4f,
	0x8b, 0xed, 0x8b, 0xad, 0x8b, 0xad, 0x83, 0xac, 0x83, 0xac, 0x94, 0x0e, 0x83, 0xac, 0x7b, 0x6c,
	0x83, 0x8c, 0x7b, 0x4b, 0x73, 0x0a, 0x6a, 0xea, 0x5a, 0x88, 0x52, 0x47, 0x52, 0x47, 0x5a, 0x68,
	0xd6, 0x9a, 0xd6, 0x9a, 0xd6, 0x9a, 0xd6, 0x9a, 0xd6, 0xba, 0xd6, 0xba, 0xd6, 0xba, 0xd6, 0xba,
	0xd6, 0xba, 0xd6, 0xba, 0xd6, 0xba, 0xd6, 0xba, 0xd6, 0xba, 0xd6, 0xba, 0xde, 0xba, 0xde, 0xda,
	0xde, 0xda, 0xde, 0xdb, 0xde, 0xdb, 0xde, 0xfb, 0xde, 0xfb, 0xde, 0xfb, 0xde, 0xfb, 0xde, 0xfb,
	0xe7, 0x3c, 0xc5, 0xd6, 0x94, 0x0e, 0x83, 0xac, 0x62, 0x88, 0x39, 0x84, 0x49, 0xc5, 0x52, 0x27,
	0x62, 0x88, 0x6a, 0xc9, 0x73, 0x0a, 0x6a, 0xe9, 0x83, 0x8c, 0x94, 0x0e, 0x83, 0xac, 0x62, 0xa9,
	0x49, 0xe6, 0x18, 0xc2, 0x8c, 0x0f, 0xbd, 0x74, 0xac, 0xf2, 0x52, 0x48, 0x41, 0x03, 0x59, 0xe6,
	0x20, 0xe3, 0x20, 0xe3, 0x08, 0x62, 0x10, 0xa2, 0x08, 0x62, 0x08, 0x61, 0x18, 0xc2, 0x31, 0x44,
	0x41, 0xa5, 0x39, 0x65, 0x31, 0x45, 0x29, 0x44, 0x8b, 0x8c, 0x93, 0xac, 0x8b, 0x8c, 0x8b, 0x8c,
	0x9c, 0x2e, 0x93, 0xed, 0x93, 0xcd, 0x8b, 0xac, 0x8b, 0xac, 0x8b, 0x8c, 0x8b, 0x8b, 0x8b, 0xac,
	0x93, 0xed, 0x9c, 0x0d, 0x9c, 0x0d, 0x9c, 0x2e, 0x9c, 0x2e, 0x9c, 0x0e, 0x9c, 0x0e, 0x9c, 0x2e,
	0x9c, 0x4e, 0x9c, 0x2e, 0x93, 0xed, 0x83, 0x6b, 0x62, 0xa8, 0x49, 0xe6, 0x39, 0x43, 0x49, 0xe6,
	0x83, 0x6c, 0xa4, 0x90, 0x9c, 0x4f, 0x94, 0x2e, 0x93, 0xee, 0x8b, 0xad, 0x73, 0x0a, 0x8b, 0xad,
	0x8b, 0xed, 0x7b, 0x6b, 0x73, 0x2b, 0x7b, 0x6c, 0x8b, 0xed, 0x94, 0x0e, 0x94, 0x0e, 0x9c, 0x2f,
	0x9c, 0x4f, 0x9c, 0x4f, 0x9c, 0x6f, 0x9c, 0x70, 0x9c, 0x4f, 0x94, 0x4f, 0x9c, 0x6f, 0x9c, 0x4f,
	0x94, 0x0e, 0x8b, 0xed, 0x8b, 0xcd, 0x83, 0xac, 0x83, 0x8c, 0x83, 0xac, 0x7b, 0x4b, 0x83, 0x8c,
	0x7b, 0x6c, 0x7b, 0x6b, 0x73, 0x2b, 0x6a, 0xea, 0x5a, 0x88, 0x52, 0x47, 0x52, 0x47, 0x5a, 0x68,
	0xd6, 0x9a, 0xd6, 0x9a, 0xd6, 0x9a, 0xd6, 0xba, 0xd6, 0xba, 0xd6, 0xba, 0xd6, 0xba, 0xd6, 0xba,
	0xd6, 0xba, 0xd6, 0xba, 0xd6, 0xba, 0xd6, 0xba, 0xd6, 0xba, 0xd6, 0xba, 0xde, 0xba, 0xde, 0xda,
	0xde, 0xda, 0xde, 0xdb, 0xde, 0xdb, 0xde, 0xdb, 0xde, 0xfb, 0xde, 0xfb, 0xde, 0xfb, 0xde, 0xfb,
	0xde, 0xfb, 0xa4, 0xd1, 0x8b, 0xcd, 0x7b, 0x4b, 0x52, 0x27, 0x49, 0xe6, 0x52, 0x27, 0x5a, 0x68,
	0x62, 0xa8, 0x6a, 0xc9, 0x73, 0x0a, 0x6a, 0xe9, 0x83, 0x8c, 0x94, 0x0e, 0x83, 0x8c, 0x62, 0xa9,
	0x39, 0xa5, 0x21, 0x03, 0xad, 0x13, 0xc5, 0xb6, 0xac, 0xb1, 0x7b, 0x4b, 0x4a, 0x28, 0x18, 0xe3,
	0x42, 0x08, 0x29, 0x65, 0x29, 0x45, 0x00, 0x41, 0x10, 0xa2, 0x10, 0xa3, 0x00, 0x82, 0x00, 0x62,
	0x00, 0x62, 0x00, 0x62, 0x08, 0x62, 0x08, 0x82, 0x83, 0x6b, 0x93, 0xed, 0x8b, 0xac, 0x83, 0x4b,
	0x93, 0xcd, 0x93, 0xcc, 0x8b, 0xac, 0x8b, 0x8b, 0x83, 0x6b, 0x8b, 0x8b, 0x8b, 0xac, 0x93, 0xcd,
	0x9c, 0x0d, 0x9c, 0x0e, 0x9c, 0x2e, 0x9c, 0x2e, 0x9c, 0x4e, 0x9c, 0x2e, 0x9c, 0x2e, 0x9c, 0x2e,
	0x9c, 0x2e, 0x94, 0x0e, 0x8b, 0xac, 0x72, 0xe9, 0x5a, 0x47, 0x41, 0x84, 0x39, 0x64, 0x62, 0xa9,
	0x9c, 0x4f, 0xa4, 0x6f, 0x9c, 0x2e, 0x9c, 0x4e, 0x94, 0x0e, 0x83, 0xad, 0x73, 0x2b, 0x94, 0x0e,
	0x94, 0x0e, 0x83, 0x8c, 0x83, 0x6c, 0x8b, 0xcd, 0x9c, 0x2f, 0x9c, 0x4f, 0x9c, 0x4f, 0x9c, 0x6f,
	0xa4, 0x90, 0xa4, 0x90, 0x9c, 0x70, 0x9c, 0x70, 0x9c, 0x70, 0x9c, 0x6f, 0x9c, 0x70, 0x9c, 0x4f,
	0x94, 0x0e, 0x8b, 0xcd, 0x83, 0xad, 0x83, 0xac, 0x83, 0x8c, 0x7b, 0x4b, 0x83, 0x8c, 0x8b, 0xcd,
	0x7b, 0x4b, 0x73, 0x4b, 0x73, 0x2a, 0x6a, 0xea, 0x5a, 0x88, 0x52, 0x47, 0x52, 0x27, 0x52, 0x48,
	0xd6, 0x9a, 0xd6, 0x9a, 0xd6, 0xba, 0xd6, 0xba, 0xd6, 0xba, 0xd6, 0xba, 0xd6, 0xba, 0xd6, 0xba,
	0xd6, 0xba, 0xd6, 0xba, 0xd6, 0xba, 0xd6, 0xba, 0xd6, 0xba, 0xd6, 0xba, 0xde, 0xba, 0xde, 0xda,
	0xde, 0xda, 0xde, 0xda, 0xde, 0xdb, 0xde, 0xdb, 0xde, 0xdb, 0xde, 0xfb, 0xde, 0xfb, 0xe7, 0x1c,
	0xd6, 0x78, 0x9c, 0x4f, 0x93, 0xee, 0x73, 0x0a, 0x41, 0xc5, 0x5a, 0x68, 0x62, 0x88, 0x62, 0x88,
	0x6a, 0xc9, 0x73, 0x0a, 0x73, 0x2a, 0x6a, 0xc9, 0x83, 0xac, 0x94, 0x0e, 0x83, 0x8c, 0x62, 0xa9,
	0x31, 0x44, 0x29, 0x44, 0xb5, 0x33, 0xb5, 0x33, 0xac, 0xf2, 0xb5, 0x95, 0xa5, 0x13, 0x73, 0xae,
	0x94, 0x92, 0x94, 0xb2, 0x7b, 0x6d, 0x41, 0xc6, 0x21, 0x04, 0x18, 0xc3, 0x21, 0x03, 0x31, 0x65,
	0x31, 0x64, 0x18, 0xc2, 0x08, 0x61, 0x00, 0x41, 0x62, 0x89, 0x8b, 0xac, 0x8b, 0xac, 0x83, 0x4b,
	0x8b, 0xac, 0x8b, 0x8b, 0x83, 0x4a, 0x83, 0x6b, 0x83, 0x6b, 0x93, 0xcc, 0x9b, 0xed, 0x9c, 0x0e,
	0x9c, 0x2e, 0x9c, 0x2e, 0x9c, 0x2e, 0x9c, 0x2e, 0x9c, 0x2e, 0x9c, 0x2e, 0x9c, 0x2e, 0x9c, 0x2e,
	0x9c, 0x0e, 0x93, 0xcd, 0x7b, 0x4b, 0x62, 0x88, 0x49, 0xe5, 0x31, 0x23, 0x41, 0xc5, 0x8b, 0xcd,
	0xa4, 0x90, 0x9c, 0x4f, 0x9c, 0x4f, 0x94, 0x2e, 0x94, 0x0e, 0x83, 0xac, 0x7b, 0x6c, 0x9c, 0x4f,
	0x94, 0x0e, 0x8b, 0xcd, 0x8b, 0xcd, 0x94, 0x2e, 0x9c, 0x4f, 0x9c, 0x6f, 0x9c, 0x6f, 0x9c, 0x70,
	0x9c, 0x6f, 0x9c, 0x70, 0xa4, 0x90, 0xa4, 0x90, 0x9c, 0x70, 0x9c, 0x70, 0x9c, 0x70, 0x9c, 0x4f,
	0x8b, 0xee, 0x8b, 0xad, 0x83, 0xac, 0x83, 0xac, 0x83, 0x8c, 0x7b, 0x6c, 0x8b, 0xed, 0x83, 0x8c,
	0x73, 0x2b, 0x73, 0x2b, 0x73, 0x0a, 0x6a, 0xca, 0x5a, 0x88, 0x52, 0x47, 0x52, 0x27, 0x52, 0x48,
	0xd6, 0x9a, 0xd6, 0x9a, 0xd6, 0xba, 0xd6, 0xba, 0xd6, 0xba, 0xd6, 0xba, 0xd6, 0xba, 0xd6, 0xba,
	0xd6, 0xba, 0xd6, 0xba, 0xd6, 0xba, 0xd6, 0xba, 0xd6, 0xba, 0xde, 0xda, 0xde, 0xda, 0xde, 0xda,
	0xde, 0xda, 0xde, 0xda, 0xde, 0xda, 0xde, 0xdb, 0xde, 0xfb, 0xde, 0xfb, 0xde, 0xfb, 0xe7, 0x1c,
	0xc5, 0xd6, 0x94, 0x0e, 0x6b, 0x0a, 0x52, 0x27, 0x41, 0xc5, 0x62, 0xa9, 0x6a, 0xc9, 0x62, 0x88,
	0x6a, 0xc9, 0x73, 0x0a, 0x73, 0x2a, 0x6a, 0xc9, 0x8b, 0xcd, 0x94, 0x0e, 0x83, 0x6b, 0x5a, 0x68,
	0x29, 0x23, 0x21, 0x03, 0xa4, 0x91, 0xb5, 0x13, 0xac, 0xf2, 0x73, 0x6d, 0x9c, 0xb1, 0x73, 0x4c,
	0x62, 0xa9, 0xa4, 0xf3, 0x6a, 0xea, 0x93, 0xcd, 0x83, 0x4b, 0x6a, 0x88, 0x62, 0x68, 0x5a, 0x48,
	0x5a, 0x89, 0x52, 0x07, 0x31, 0x44, 0x08, 0x41, 0x49, 0xe6, 0xa4, 0x6f, 0x9c, 0x0e, 0x7b, 0x2a,
	0x83, 0x6b, 0x83, 0x4b, 0x83, 0x6b, 0x8b, 0xac, 0x93, 0xcd, 0x9c, 0x2e, 0x9c, 0x2e, 0x9c, 0x2e,
	0x9c, 0x4e, 0x9c, 0x2e, 0x9c, 0x2e, 0x9c, 0x2e, 0x9c, 0x2e, 0x9c, 0x2e, 0x9c, 0x2e, 0x9c, 0x2e,
	0x93, 0xed, 0x83, 0x8c, 0x72, 0xea, 0x5a, 0x47, 0x41, 0x84, 0x31, 0x23, 0x62, 0x88, 0xa4, 0xb0,
	0xa4, 0x90, 0x9c, 0x4f, 0x9c, 0x4f, 0x9c, 0x4f, 0x94, 0x0e, 0x83, 0x8c, 0x83, 0xad, 0x9c, 0x6f,
	0x94, 0x0e, 0x93, 0xee, 0x94, 0x0e, 0x9c, 0x6f, 0x9c, 0x6f, 0xa4, 0x90, 0xa4, 0x90, 0xa4, 0x90,
	0xa4, 0x90, 0xa4, 0x90, 0xa4, 0x90, 0xa4, 0x90, 0x9c, 0x90, 0x9c, 0x70, 0x9c, 0x70, 0x9c, 0x4f,
	0x94, 0x0e, 0x8b, 0xad, 0x83, 0xac, 0x83, 0xac, 0x83, 0x8c, 0x83, 0x8c, 0x7b, 0x6b, 0x73, 0x2b,
	0x7b, 0x6c, 0x73, 0x2a, 0x6b, 0x0a, 0x6a, 0xc9, 0x5a, 0x88, 0x52, 0x27, 0x4a, 0x27, 0x52, 0x48,
	0xd6, 0x9a, 0xd6, 0x9a, 0xd6, 0xba, 0xd6, 0xba, 0xd6, 0xba, 0xd6, 0xba, 0xd6, 0xba, 0xd6, 0xba,
	0xde, 0xba, 0xd6, 0xba, 0xd6, 0xba, 0xd6, 0xba, 0xd6, 0xba, 0xd6, 0xba, 0xde, 0xda, 0xde, 0xda,
	0xde, 0xda, 0xde, 0xda, 0xde, 0xdb, 0xde, 0xdb, 0xde, 0xdb, 0xde, 0xdb, 0xde, 0xfb, 0xde, 0xda,
	0x94, 0x2f, 0x62, 0xa9, 0x5a, 0x68, 0x41, 0xa5, 0x52, 0x27, 0x6a, 0xe9, 0x73, 0x0a, 0x5a, 0x88,
	0x6a, 0xc9, 0x73, 0x0a, 0x73, 0x2a, 0x6a, 0xe9, 0x83, 0xad, 0x93, 0xed, 0x7b, 0x4b, 0x52, 0x27,
	0x20, 0xe3, 0x10, 0xa2, 0x8b, 0xad, 0xb4, 0xd1, 0xa4, 0xb1, 0x39, 0xc7, 0x5a, 0xaa, 0x73, 0x4c,
	0x6b, 0x0a, 0x73, 0x2c, 0x62, 0x48, 0x8b, 0x6c, 0x9c, 0x0e, 0x7b, 0x2b, 0x5a, 0x27, 0x52, 0x07,
	0x5a, 0x68, 0x52, 0x27, 0x49, 0xe6, 0x20, 0xc2, 0x39, 0xa6, 0xac, 0x90, 0x83, 0x4b, 0x83, 0x4b,
	0x8b, 0xac, 0x93, 0xed, 0x9c, 0x0d, 0x9c, 0x0e, 0x9c, 0x2e, 0x9c, 0x4e, 0x9c, 0x2e, 0x9c, 0x0e,
	0x9c, 0x0e, 0x9c, 0x0e, 0x9c, 0x0e, 0x9c, 0x2e, 0x9c, 0x2e, 0x9c, 0x2e, 0x9c, 0x0e, 0x93, 0xed,
	0x8b, 0xac, 0x7b, 0x4b, 0x62, 0xa9, 0x52, 0x06, 0x39, 0x43, 0x39, 0x64, 0x8b, 0xad, 0xac, 0xd1,
	0xa4, 0x6f, 0x9c, 0x6f, 0x9c, 0x4f, 0x9c, 0x4f, 0x94, 0x0e, 0x7b, 0x6b, 0x94, 0x0e, 0xa4, 0x6f,
	0x94, 0x2e, 0x94, 0x0e, 0x9c, 0x4f, 0xa4, 0x90, 0xa4, 0x90, 0xa4, 0x90, 0xa4, 0x90, 0xa4, 0xb0,
	0xa4, 0x90, 0xa4, 0x90, 0xa4, 0x90, 0xa4, 0x90, 0xa4, 0x90, 0x9c, 0x70, 0x9c, 0x70, 0x9c, 0x4f,
	0x94, 0x0e, 0x8b, 0xcd, 0x83, 0x8c, 0x83, 0x8c, 0x83, 0x8c, 0x7b, 0x6b, 0x7b, 0x4b, 0x83, 0xad,
	0x83, 0x8c, 0x6b, 0x0a, 0x6b, 0x0a, 0x6a, 0xea, 0x5a, 0x88, 0x52, 0x27, 0x4a, 0x07, 0x52, 0x27,
	0xd6, 0x9a, 0xd6, 0xba, 0xd6, 0xba, 0xd6, 0xba, 0xd6, 0xba, 0xd6, 0xba, 0xd6, 0xba, 0xd6, 0xba,
	0xd6, 0xba, 0xd6, 0xba, 0xd6, 0xba, 0xde, 0xda, 0xde, 0xdb, 0xde, 0xdb, 0xde, 0xda, 0xde, 0xda,
	0xde, 0xda, 0xde, 0xdb, 0xde, 0xdb, 0xde, 0xdb, 0xde, 0xdb, 0xde, 0xdb, 0xe7, 0x1c, 0xc5, 0xf6,
	0x73, 0x4b, 0x41, 0xc5, 0x41, 0xa5, 0x49, 0xe6, 0x5a, 0x88, 0x6a, 0xc9, 0x62, 0xa9, 0x5a, 0x88,
	0x62, 0xa9, 0x73, 0x2a, 0x73, 0x2a, 0x6a, 0xc9, 0x83, 0xac, 0x8b, 0xcd, 0x73, 0x2b, 0x4a, 0x06,
	0x18, 0xa2, 0x00, 0x21, 0x52, 0x48, 0xa4, 0x2f, 0x8c, 0x0f, 0x9c, 0xb2, 0x5a, 0xa9, 0x62, 0xaa,
	0x9b, 0xef, 0x73, 0x2c, 0x6a, 0xa9, 0x6a, 0x68, 0x8b, 0x6c, 0x7a, 0xea, 0x5a, 0x48, 0x62, 0x68,
	0x62, 0xa9, 0x5a, 0x48, 0x51, 0xe6, 0x28, 0xe3, 0x39, 0x85, 0x8b, 0xac, 0x83, 0x8b, 0x94, 0x0d,
	0x8b, 0xac, 0x9c, 0x2e, 0x9c, 0x2e, 0xa4, 0x4f, 0xa4, 0x4f, 0x9c, 0x2e, 0x93, 0xed, 0x94, 0x0d,
	0x9c, 0x0e, 0x9c, 0x0e, 0x9c, 0x2e, 0x9c, 0x2e, 0x9c, 0x2e, 0x9c, 0x2e, 0x94, 0x0e, 0x8b, 0xcc,
	0x83, 0x6b, 0x73, 0x0a, 0x5a, 0x67, 0x41, 0xa5, 0x31, 0x23, 0x5a, 0x68, 0xac, 0xb0, 0xa4, 0x90,
	0xa4, 0x6f, 0xa4, 0x6f, 0x9c, 0x6f, 0x9c, 0x4f, 0x94, 0x0e, 0x7b, 0x6b, 0x9c, 0x4f, 0x9c, 0x6f,
	0x94, 0x2e, 0x94, 0x2e, 0xa4, 0x90, 0xa4, 0x90, 0xa4, 0x90, 0xa4, 0x90, 0xa4, 0x90, 0xa4, 0x90,
	0xa4, 0x90, 0x9c, 0x70, 0x9c, 0x70, 0xa4, 0x90, 0xa4, 0x90, 0x9c, 0x70, 0x9c, 0x70, 0x9c, 0x4f,
	0x8b, 0xed, 0x83, 0xad, 0x83, 0x8c, 0x83, 0x8c, 0x83, 0x8c, 0x7b, 0x6b, 0x7b, 0x6c, 0x83, 0xad,
	0x73, 0x2a, 0x6a, 0xea, 0x73, 0x0a, 0x6a, 0xc9, 0x5a, 0x88, 0x4a, 0x07, 0x4a, 0x06, 0x4a, 0x07,
	0xd6, 0x9a, 0xd6, 0x9a, 0xd6, 0xba, 0xd6, 0xba, 0xd6, 0xba, 0xd6, 0xba, 0xd6, 0xba, 0xd6, 0xba,
	0xd6, 0xba, 0xd6, 0xba, 0xde, 0xdb, 0xde, 0xdb, 0xde, 0xdb, 0xde, 0xdb, 0xde, 0xdb, 0xde, 0xda,
	0xde, 0xdb, 0xde, 0xdb, 0xde, 0xdb, 0xde, 0xdb, 0xde, 0xdb, 0xde, 0xdb, 0xe6, 0xfb, 0x9c, 0x70,
	0x62, 0xa8, 0x52, 0x27, 0x39, 0x64, 0x4a, 0x06, 0x5a, 0x88, 0x5a, 0x47, 0x4a, 0x06, 0x52, 0x27,
	0x5a, 0x88, 0x73, 0x0a, 0x7b, 0x2b, 0x6a, 0xc9, 0x83, 0x8c, 0x83, 0xac, 0x6b, 0x0a, 0x39, 0x85,
	0x08, 0x82, 0x00, 0x41, 0x29, 0x44, 0x8b, 0x8c, 0x94, 0x0e, 0x83, 0xce, 0x39, 0xa6, 0x49, 0xe7,
	0x7b, 0x6d, 0x73, 0x2c, 0x62, 0xaa, 0x39, 0x64, 0x6a, 0xa9, 0x8b, 0x4b, 0x72, 0xea, 0x6a, 0xc9,
	0x6a, 0xa9, 0x62, 0x68, 0x52, 0x07, 0x39, 0x44, 0x18, 0xc3, 0x8b, 0xac, 0xa4, 0x4f, 0x93, 0xcd,
	0x83, 0x8c, 0x9c, 0x0e, 0x9c, 0x2e, 0x9c, 0x2e, 0x94, 0x0d, 0x93, 0xed, 0x93, 0xed, 0x93, 0xed,
	0x9c, 0x0e, 0x9c, 0x0e, 0x9c, 0x2e, 0x9c, 0x2e, 0x9c, 0x2e, 0x9c, 0x2e, 0x93, 0xed, 0x8b, 0xac,
	0x7b, 0x4b, 0x6a, 0xa9, 0x52, 0x06, 0x39, 0x64, 0x39, 0x64, 0x8b, 0xcd, 0xac, 0xd1, 0xa4, 0x90,
	0xa4, 0x90, 0x9c, 0x4f, 0x9c, 0x4f, 0x9c, 0x4f, 0x8b, 0xcd, 0x83, 0x8c, 0xa4, 0x90, 0x9c, 0x6f,
	0x9c, 0x2e, 0x9c, 0x4f, 0x9c, 0x6f, 0xa4, 0x90, 0xa4, 0x90, 0xa4, 0x90, 0x9c, 0x70, 0xa4, 0x90,
	0xa4, 0x90, 0x9c, 0x70, 0x9c, 0x70, 0x9c, 0x70, 0x9c, 0x70, 0x9c, 0x70, 0x9c, 0x70, 0x94, 0x2f,
	0x8b, 0xee, 0x83, 0xac, 0x7b, 0x6c, 0x83, 0x8c, 0x83, 0x8c, 0x7b, 0x6b, 0x7b, 0x4b, 0x73, 0x2b,
	0x6b, 0x0a, 0x7b, 0x6c, 0x6b, 0x0a, 0x62, 0xc9, 0x5a, 0x68, 0x52, 0x27, 0x49, 0xe6, 0x49, 0xe6,
	0xd6, 0x9a, 0xd6, 0x9a, 0xd6, 0xba, 0xd6, 0xba, 0xd6, 0xba, 0xd6, 0xba, 0xd6, 0xba, 0xd6, 0xba,
	0xd6, 0xba, 0xde, 0xda, 0xde, 0xdb, 0xde, 0xdb, 0xde, 0xdb, 0xde, 0xdb, 0xde, 0xdb, 0xde, 0xdb,
	0xde, 0xdb, 0xde, 0xdb, 0xde, 0xdb, 0xde, 0xdb, 0xde, 0xdb, 0xde, 0xdb, 0xde, 0xfb, 0x9c, 0x90,
	0x83, 0xad, 0x62, 0xa9, 0x39, 0xa5, 0x5a, 0x68, 0x5a, 0x88, 0x49, 0xe6, 0x41, 0xa5, 0x4a, 0x06,
	0x52, 0x47, 0x6a, 0xc9, 0x73, 0x2b, 0x62, 0xc9, 0x83, 0x8c, 0x83, 0xac, 0x62, 0xc9, 0x29, 0x23,
	0x08, 0x61, 0x00, 0x62, 0x10, 0xa2, 0x72, 0xea, 0x93, 0xcd, 0x6b, 0x0b, 0x39, 0xc7, 0x5a, 0xa9,
	0x29, 0x44, 0x31, 0x85, 0x4a, 0x48, 0x18, 0xc2, 0x20, 0xc2, 0x62, 0x48, 0x7a, 0xea, 0x7a, 0xea,
	0x72, 0xa9, 0x62, 0x68, 0x51, 0xc6, 0x31, 0x03, 0x08, 0x61, 0x83, 0x8c, 0x9c, 0x2e, 0x8b, 0x8c,
	0x83, 0x6b, 0x8b, 0xcd, 0x93, 0xed, 0x93, 0xcd, 0x8b, 0xac, 0x93, 0xcc, 0x93, 0xcd, 0x93, 0xcd,
	0x9c, 0x0e, 0x9c, 0x0e, 0x9c, 0x2e, 0x9c, 0x4e, 0x9c, 0x2e, 0x9c, 0x0e, 0x93, 0xcd, 0x8b, 0x8c,
	0x73, 0x0a, 0x5a, 0x47, 0x49, 0xc5, 0x39, 0x64, 0x52, 0x27, 0xa4, 0x90, 0xa4, 0x90, 0xa4, 0x90,
	0xa4, 0x90, 0x9c, 0x6f, 0x9c, 0x6f, 0x9c, 0x4f, 0x8b, 0xcd, 0x83, 0xad, 0xa4, 0xb0, 0xa4, 0x70,
	0x9c, 0x6f, 0x9c, 0x6f, 0xa4, 0x90, 0xa4, 0x90, 0xa4, 0x90, 0xa4, 0x90, 0xa4, 0x90, 0x9c, 0x70,
	0x9c, 0x70, 0x9c, 0x70, 0x9c, 0x4f, 0x9c, 0x6f, 0x9c, 0x70, 0x9c, 0x70, 0x9c, 0x6f, 0x94, 0x2f,
	0x94, 0x0e, 0x8b, 0xcd, 0x83, 0x8c, 0x7b, 0x6c, 0x83, 0x8c, 0x7b, 0x6c, 0x73, 0x2b, 0x6b, 0x0a,
	0x7b, 0x6b, 0x7b, 0x6c, 0x6a, 0xca, 0x62, 0xc9, 0x5a, 0x88, 0x52, 0x27, 0x49, 0xe6, 0x41, 0xe6,
	0xd6, 0x9a, 0xd6, 0x9a, 0xd6, 0xba, 0xd6, 0xba, 0xd6, 0xba, 0xd6, 0xba, 0xd6, 0xba, 0xd6, 0xba,
	0xd6, 0xba, 0xde, 0xda, 0xd6, 0xba, 0xde, 0xdb, 0xde, 0xdb, 0xde, 0xdb, 0xde, 0xdb, 0xde, 0xdb,
	0xde, 0xdb, 0xde, 0xdb, 0xde, 0xdb, 0xde, 0xdb, 0xde, 0xdb, 0xde, 0xdb, 0xe7, 0x1c, 0xac, 0xf2,
	0x9c, 0x70, 0x8b, 0xee, 0x41, 0xa5, 0x41, 0xa5, 0x41, 0xc5, 0x39, 0x84, 0x49, 0xe6, 0x52, 0x27,
	0x52, 0x47, 0x62, 0xa8, 0x73, 0x2a, 0x62, 0xc9, 0x7b, 0x6b, 0x83, 0x6c, 0x52, 0x68, 0x18, 0xc2,
	0x00, 0x61, 0x08, 0x62, 0x00, 0x61, 0x41, 0xc6, 0x6a, 0xa9, 0x7b, 0x2b, 0x94, 0x0f, 0x5a, 0x89,
	0x10, 0xc2, 0x6b, 0x2c, 0x39, 0x85, 0x18, 0x81, 0x18, 0xa2, 0x08, 0x61, 0x29, 0x03, 0x39, 0x65,
	0x41, 0x85, 0x49, 0xa5, 0x41, 0x64, 0x28, 0xe2, 0x00, 0x41, 0x6a, 0xea, 0x93, 0xed, 0x8b, 0xac,
	0x83, 0x4b, 0x8b, 0xac, 0x93, 0xac, 0x8b, 0xac, 0x8b, 0xac, 0x93, 0xcd, 0x93, 0xcc, 0x93, 0xcd,
	0x9c, 0x0e, 0x9c, 0x2e, 0x9c, 0x2e, 0xa4, 0x4e, 0x9c, 0x2e, 0x93, 0xed, 0x8b, 0xac, 0x7b, 0x2a,
	0x62, 0xa8, 0x52, 0x06, 0x41, 0xa4, 0x39, 0x64, 0x73, 0x0a, 0xac, 0xf1, 0xa4, 0x90, 0xa4, 0xb0,
	0xa4, 0x90, 0xa4, 0x6f, 0x9c, 0x6f, 0x9c, 0x4e, 0x83, 0xac, 0x93, 0xee, 0xac, 0xb0, 0xa4, 0x90,
	0xa4, 0x90, 0x9c, 0x6f, 0xa4, 0x90, 0xa4, 0x90, 0xa4, 0x90, 0xa4, 0x90, 0xa4, 0x70, 0x9c, 0x6f,
	0x9c, 0x6f, 0x9c, 0x4f, 0x9c, 0x4f, 0x9c, 0x4f, 0x9c, 0x6f, 0x9c, 0x6f, 0x9c, 0x4f, 0x94, 0x0e,
	0x8b, 0xed, 0x83, 0xac, 0x83, 0x8c, 0x83, 0x8c, 0x7b, 0x6c, 0x7b, 0x6b, 0x7b, 0x4b, 0x73, 0x2b,
	0x7b, 0x6b, 0x6b, 0x0a, 0x62, 0x89, 0x62, 0xa9, 0x5a, 0x68, 0x52, 0x27, 0x41, 0xe6, 0x41, 0xc6,
	0xd6, 0x9a, 0xd6, 0x9a, 0xd6, 0x9a, 0xd6, 0xba, 0xd6, 0xba, 0xd6, 0xba, 0xd6, 0xba, 0xd6, 0xba,
	0xd6, 0xba, 0xd6, 0xba, 0xd6, 0xba, 0xde, 0xda, 0xde, 0xdb, 0xde, 0xdb, 0xde, 0xdb, 0xde, 0xdb,
	0xde, 0xdb, 0xde, 0xdb, 0xde, 0xdb, 0xde, 0xdb, 0xde, 0xdb, 0xde, 0xdb, 0xe7, 0x1c, 0xb5, 0x54,
	0x94, 0x2f, 0x83, 0xad, 0x31, 0x44, 0x20, 0xe2, 0x29, 0x03, 0x39, 0x64, 0x4a, 0x06, 0x52, 0x47,
	0x52, 0x47, 0x5a, 0x88, 0x73, 0x0a, 0x62, 0xc9, 0x7b, 0x6b, 0x7b, 0x4b, 0x4a, 0x06, 0x08, 0x82,
	0x08, 0x62, 0x08, 0x62, 0x00, 0x62, 0x10, 0x82, 0x5a, 0x68, 0x83, 0x6b, 0x72, 0xa9, 0x62, 0x48,
	0x31, 0x44, 0x49, 0xe6, 0x39, 0x44, 0x29, 0x03, 0x28, 0xe3, 0x18, 0xa2, 0x08, 0x61, 0x00, 0x41,
	0x00, 0x41, 0x10, 0x82, 0x10, 0xa2, 0x08, 0x82, 0x00, 0x21, 0x52, 0x48, 0x93, 0xed, 0x8b, 0xac,
	0x83, 0x4b, 0x8b, 0xac, 0x8b, 0xac, 0x8b, 0xac, 0x93, 0xcd, 0x93, 0xcd, 0x93, 0xcd, 0x93, 0xed,
	0x9c, 0x2e, 0x9c, 0x2e, 0x9c, 0x2e, 0x9c, 0x2e, 0x9c, 0x0e, 0x93, 0xed, 0x83, 0x6b, 0x72, 0xe9,
	0x5a, 0x67, 0x49, 0xc5, 0x41, 0xa4, 0x41, 0xa5, 0x8b, 0xee, 0xac, 0xd1, 0xa4, 0x90, 0xa4, 0xb0,
	0xa4, 0x90, 0x9c, 0x6f, 0x9c, 0x4f, 0x94, 0x2e, 0x83, 0x8c, 0x94, 0x2f, 0xa4, 0xb0, 0xa4, 0x90,
	0xa4, 0x90, 0x9c, 0x6f, 0xa4, 0x70, 0xa4, 0x90, 0xa4, 0x90, 0x9c, 0x70, 0x9c, 0x6f, 0x9c, 0x6f,
	0x9c, 0x4f, 0x94, 0x2f, 0x9c, 0x4f, 0x9c, 0x4f, 0x9c, 0x4f, 0x9c, 0x70, 0x9c, 0x4f, 0x94, 0x0e,
	0x8b, 0xed, 0x83, 0xac, 0x83, 0x8c, 0x7b, 0x6c, 0x7b, 0x6c, 0x7b, 0x6b, 0x7b, 0x4b, 0x73, 0x2b,
	0x6a, 0xea, 0x62, 0xa9, 0x6a, 0xea, 0x62, 0xa9, 0x5a, 0x68, 0x52, 0x27, 0x41, 0xc5, 0x41, 0xa5,
	0xd6, 0x9a, 0xd6, 0x9a, 0xd6, 0x9a, 0xd6, 0xba, 0xd6, 0xba, 0xd6, 0xba, 0xd6, 0xba, 0xd6, 0xba,
	0xd6, 0xba, 0xd6, 0xba, 0xd6, 0xba, 0xd6, 0xba, 0xde, 0xbb, 0xde, 0xdb, 0xde, 0xdb, 0xde, 0xdb,
	0xde, 0xdb, 0xde, 0xdb, 0xde, 0xdb, 0xde, 0xdb, 0xde, 0xdb, 0xde, 0xdb, 0xe7, 0x1c, 0xbd, 0xd6,
	0x8b, 0xee, 0x8b, 0xcd, 0x49, 0xe6, 0x29, 0x02, 0x31, 0x43, 0x41, 0xa5, 0x4a, 0x06, 0x52, 0x47,
	0x52, 0x47, 0x5a, 0x68, 0x6a, 0xea, 0x62, 0xc9, 0x7b, 0x4b, 0x73, 0x0a, 0x31, 0x85, 0x00, 0x61,
	0x08, 0x62, 0x08, 0x62, 0x08, 0x62, 0x08, 0x41, 0x51, 0xe6, 0x8b, 0xed, 0x83, 0x6c, 0x6a, 0x88,
	0x62, 0x27, 0x5a, 0x06, 0x41, 0x64, 0x41, 0x64, 0x31, 0x03, 0x20, 0xc2, 0x18, 0x82, 0x10, 0x82,
	0x08, 0x62, 0x00, 0x62, 0x00, 0x62, 0x08, 0x62, 0x00, 0x21, 0x41, 0xc6, 0x94, 0x0d, 0x83, 0x8b,
	0x83, 0x4b, 0x83, 0x8c, 0x93, 0xcc, 0x93, 0xcd, 0x93, 0xcd, 0x93, 0xcd, 0x93, 0xcc, 0x94, 0x0d,
	0x9c, 0x2e, 0x9c, 0x2e, 0x9c, 0x2e, 0x9c, 0x2e, 0x94, 0x0e, 0x8b, 0xac, 0x7b, 0x2a, 0x62, 0xa8,
	0x52, 0x27, 0x49, 0xc5, 0x41, 0x84, 0x5a, 0x47, 0xa4, 0xb0, 0xa4, 0xb0, 0xa4, 0x90, 0xa4, 0x90,
	0xa4, 0x90, 0x9c, 0x6f, 0x9c, 0x6f, 0x94, 0x0e, 0x7b, 0x6b, 0x9c, 0x6f, 0xa4, 0xb0, 0xa4, 0x70,
	0x9c, 0x4f, 0x9c, 0x2f, 0xa4, 0x90, 0xa4, 0x90, 0x9c, 0x70, 0x9c, 0x6f, 0x9c, 0x6f, 0x9c, 0x4f,
	0x94, 0x2f, 0x94, 0x2f, 0x9c, 0x4f, 0x9c, 0x4f, 0x9c, 0x6f, 0x9c, 0x4f, 0x94, 0x2f, 0x94, 0x0e,
	0x8b, 0xcd, 0x83, 0xad, 0x83, 0x8c, 0x7b, 0x6b, 0x7b, 0x6b, 0x7b, 0x4b, 0x73, 0x2b, 0x73, 0x2a,
	0x6a, 0xea, 0x6a, 0xea, 0x73, 0x2b, 0x5a, 0x88, 0x52, 0x48, 0x52, 0x27, 0x41, 0xa5, 0x39, 0xa5,
	0xd6, 0x9a, 0xd6, 0x9a, 0xd6, 0x9a, 0xd6, 0xba, 0xd6, 0xba, 0xd6, 0xba, 0xd6, 0xba, 0xd6, 0xba,
	0xd6, 0xba, 0xd6, 0xba, 0xd6, 0xba, 0xd6, 0xba, 0xde, 0xba, 0xde, 0xdb, 0xd6, 0xba, 0xde, 0xdb,
	0xde, 0xdb, 0xde, 0xdb, 0xde, 0xdb, 0xde, 0xdb, 0xde, 0xdb, 0xde, 0xdb, 0xde, 0xfc, 0xce, 0x58,
	0x83, 0xcd, 0x9c, 0x4f, 0x73, 0x4b, 0x31, 0x43, 0x39, 0x64, 0x41, 0xc5, 0x4a, 0x07, 0x52, 0x47,
	0x52, 0x27, 0x5a, 0x68, 0x6a, 0xea, 0x62, 0xa9, 0x7b, 0x4b, 0x62, 0xc9, 0x21, 0x23, 0x00, 0x41,
	0x08, 0x62, 0x08, 0x62, 0x08, 0x62, 0x20, 0x41, 0x28, 0xe3, 0x73, 0x2b, 0x72, 0xc9, 0x62, 0x48,
	0x62, 0x47, 0x51, 0xe6, 0x49, 0xc6, 0x41, 0x85, 0x31, 0x23, 0x28, 0xe3, 0x18, 0x82, 0x10, 0x81,
	0x08, 0x62, 0x08, 0x62, 0x00, 0x61, 0x10, 0xa2, 0x18, 0xc2, 0x41, 0xa5, 0x93, 0xed, 0x8b, 0x8c,
	0x83, 0x6b, 0x83, 0x6b, 0x93, 0xcd, 0x93, 0xed, 0x9c, 0x0e, 0x93, 0xcd, 0x93, 0xed, 0x9c, 0x0e,
	0x9c, 0x2e, 0x9c, 0x2e, 0x9c, 0x2e, 0x9c, 0x2e, 0x93, 0xed, 0x83, 0x6b, 0x6a, 0xc9, 0x5a, 0x67,
	0x49, 0xe6, 0x41, 0xa5, 0x41, 0xa5, 0x7b, 0x4b, 0xac, 0xd1, 0xa4, 0x90, 0xa4, 0x90, 0xa4, 0x90,
	0xa4, 0x90, 0x9c, 0x6f, 0x9c, 0x4f, 0x8b, 0xed, 0x7b, 0x4b, 0xa4, 0x90, 0xa4, 0x90, 0x9c, 0x6f,
	0x9c, 0x2e, 0x9c, 0x4f, 0xa4, 0x90, 0xa4, 0x90, 0x9c, 0x70, 0x9c, 0x6f, 0x9c, 0x4f, 0x9c, 0x4f,
	0x94, 0x2e, 0x94, 0x0e, 0x94, 0x2e, 0x94, 0x2f, 0x9c, 0x4f, 0x9c, 0x4f, 0x94, 0x2e, 0x8b, 0xee,
	0x8b, 0xed, 0x83, 0xac, 0x83, 0x8c, 0x7b, 0x6b, 0x7b, 0x4b, 0x7b, 0x6b, 0x73, 0x2b, 0x73, 0x2b,
	0x6a, 0xea, 0x6a, 0xea, 0x6a, 0xc9, 0x5a, 0x88, 0x5a, 0x68, 0x52, 0x27, 0x41, 0xa5, 0x39, 0x84,
	0xd6, 0x99, 0xd6, 0x9a, 0xd6, 0x9a, 0xd6, 0xba, 0xd6, 0xba, 0xd6, 0xba, 0xd6, 0xba, 0xd6, 0xba,
	0xd6, 0xba, 0xd6, 0xba, 0xd6, 0xba, 0xd6, 0xba, 0xd6, 0xba, 0xd6, 0xba, 0xde, 0xdb, 0xd6, 0xba,
	0xde, 0xdb, 0xde, 0xdb, 0xde, 0xdb, 0xde, 0xdb, 0xde, 0xdb, 0xde, 0xdb, 0xde, 0xfb, 0xde, 0xdb,
	0x94, 0x0e, 0x8c, 0x0e, 0x9c, 0x70, 0x52, 0x68, 0x31, 0x64, 0x41, 0xe6, 0x4a, 0x27, 0x52, 0x48,
	0x52, 0x48, 0x62, 0xc9, 0x6b, 0x0a, 0x62, 0xa9, 0x73, 0x2b, 0x5a, 0x88, 0x18, 0xc2, 0x00, 0x62,
	0x08, 0x62, 0x00, 0x62, 0x18, 0x62, 0x20, 0x61, 0x18, 0xc3, 0x5a, 0x68, 0x62, 0x89, 0x62, 0x68,
	0x52, 0x06, 0x49, 0xc6, 0x49, 0xc5, 0x41, 0x84, 0x39, 0x44, 0x28, 0xe2, 0x18, 0xa2, 0x10, 0x82,
	0x08, 0x62, 0x00, 0x41, 0x10, 0x82, 0x31, 0x44, 0x20, 0xe2, 0x31, 0x44, 0x93, 0xcd, 0x83, 0x8b,
	0x7b, 0x4b, 0x7b, 0x4b, 0x93, 0xed, 0x9c, 0x2e, 0x9c, 0x0e, 0x93, 0xcd, 0x94, 0x0d, 0x9c, 0x2e,
	0x9c, 0x4e, 0x9c, 0x4e, 0x9c, 0x2e, 0x94, 0x0e, 0x8b, 0xac, 0x73, 0x0a, 0x62, 0x88, 0x52, 0x27,
	0x49, 0xe5, 0x41, 0xa5, 0x52, 0x06, 0x9c, 0x6f, 0xac, 0xb0, 0xa4, 0xb0, 0xa4, 0xb0, 0xa4, 0x90,
	0xa4, 0x90, 0x9c, 0x6f, 0x9c, 0x4f, 0x8b, 0xad, 0x83, 0x8c, 0xa4, 0xb0, 0xa4, 0x70, 0x9c, 0x4f,
	0x94, 0x2e, 0x9c, 0x70, 0xa4, 0x90, 0x9c, 0x6f, 0x9c, 0x6f, 0x9c, 0x4f, 0x9c, 0x4f, 0x9c, 0x4f,
	0x94, 0x2f, 0x94, 0x2e, 0x94, 0x2f, 0x94, 0x2f, 0x9c, 0x4f, 0x9c, 0x4f, 0x94, 0x0e, 0x8b, 0xcd,
	0x83, 0xac, 0x83, 0xac, 0x83, 0x8c, 0x7b, 0x6b, 0x7b, 0x4b, 0x7b, 0x6b, 0x73, 0x4b, 0x73, 0x2b,
	0x73, 0x0a, 0x62, 0xa9, 0x5a, 0x68, 0x5a, 0x88, 0x52, 0x48, 0x4a, 0x06, 0x41, 0xa5, 0x39, 0x64,
	0xd6, 0x99, 0xd6, 0x99, 0xd6, 0x9a, 0xd6, 0x9a, 0xd6, 0xba, 0xd6, 0xba, 0xd6, 0xba, 0xd6, 0xba,
	0xd6, 0xba, 0xd6, 0xba, 0xd6, 0xba, 0xd6, 0xba, 0xd6, 0xba, 0xd6, 0xba, 0xd6, 0xba, 0xd6, 0xba,
	0xd6, 0xba, 0xd6, 0xba, 0xd6, 0xba, 0xd6, 0xba, 0xde, 0xdb, 0xde, 0xdb, 0xde, 0xdb, 0xe7, 0x1c,
	0xa4, 0xd2, 0x8b, 0xcd, 0xa4, 0xb0, 0x7b, 0x6c, 0x39, 0x84, 0x41, 0xe6, 0x4a, 0x27, 0x52, 0x47,
	0x5a, 0x88, 0x6b, 0x0a, 0x7b, 0x4b, 0x6b, 0x0a, 0x6b, 0x0a, 0x4a, 0x27, 0x08, 0x82, 0x08, 0x62,
	0x08, 0x62, 0x00, 0x62, 0x28, 0x62, 0x18, 0x41, 0x18, 0xe3, 0x5a, 0x68, 0x49, 0xe6, 0x49, 0xc5,
	0x49, 0xc5, 0x49, 0xc5, 0x39, 0x64, 0x39, 0x64, 0x29, 0x03, 0x20, 0xc2, 0x20, 0xc2, 0x08, 0x62,
	0x00, 0x41, 0x10, 0xa2, 0x39, 0x85, 0x39, 0x64, 0x18, 0xc2, 0x18, 0xc2, 0x7b, 0x2b, 0x7b, 0x2a,
	0x8b, 0xac, 0x83, 0x8c, 0x94, 0x0e, 0x9c, 0x2e, 0x8b, 0xcc, 0x8b, 0xac, 0x9c, 0x0e, 0x9c, 0x2e,
	0x9c, 0x2e, 0x9c, 0x2e, 0x9c, 0x2e, 0x93, 0xcd, 0x7b, 0x4b, 0x6a, 0xc9, 0x5a, 0x67, 0x52, 0x06,
	0x49, 0xc5, 0x41, 0xa5, 0x73, 0x0a, 0xac, 0xd1, 0xa4, 0x90, 0xa4, 0x90, 0xa4, 0x90, 0xa4, 0x90,
	0xa4, 0x90, 0x9c, 0x6f, 0x9c, 0x4f, 0x7b, 0x8c, 0x83, 0xad, 0xac, 0xd1, 0xa4, 0x70, 0x9c, 0x4f,
	0x9c, 0x4f, 0x9c, 0x70, 0x9c, 0x70, 0x9c, 0x70, 0x9c, 0x6f, 0x9c, 0x4f, 0x94, 0x2e, 0x94, 0x2e,
	0x94, 0x0e, 0x94, 0x2e, 0x94, 0x2e, 0x94, 0x2f, 0x9c, 0x4f, 0x9c, 0x4f, 0x94, 0x2e, 0x8b, 0xcd,
	0x83, 0xac, 0x83, 0x8c, 0x83, 0x8c, 0x7b, 0x6c, 0x7b, 0x6b, 0x7b, 0x4b, 0x7b, 0x4b, 0x73, 0x0a,
	0x6b, 0x0a, 0x5a, 0x68, 0x52, 0x27, 0x5a, 0x68, 0x52, 0x47, 0x41, 0xe6, 0x39, 0xa5, 0x31, 0x64,
	0xd6, 0x99, 0xd6, 0x9a, 0xd6, 0x9a, 0xd6, 0x9a, 0xd6, 0x9a, 0xd6, 0xba, 0xd6, 0xba, 0xd6, 0xba,
	0xd6, 0xba, 0xd6, 0xba, 0xd6, 0xba, 0xd6, 0xba, 0xd6, 0xba, 0xd6, 0xba, 0xd6, 0xba, 0xd6, 0xba,
	0xd6, 0xba, 0xd6, 0xba, 0xd6, 0xba, 0xd6, 0xba, 0xde, 0xdb, 0xde, 0xdb, 0xd6, 0xba, 0xdf, 0x1c,
	0xb5, 0x75, 0x83, 0x8c, 0xa4, 0x90, 0x7b, 0x8c, 0x39, 0x84, 0x41, 0xc5, 0x4a, 0x06, 0x52, 0x27,
	0x52, 0x68, 0x5a, 0x88, 0x73, 0x2b, 0x73, 0x2b, 0x62, 0xa9, 0x39, 0xa5, 0x00, 0x61, 0x08, 0x62,
	0x08, 0x62, 0x00, 0x62, 0x28, 0x82, 0x10, 0x41, 0x19, 0x03, 0x52, 0x27, 0x31, 0x43, 0x39, 0x64,
	0x39, 0x64, 0x31, 0x43, 0x29, 0x03, 0x29, 0x03, 0x18, 0xa2, 0x20, 0xc2, 0x08, 0x61, 0x08, 0x61,
	0x31, 0x65, 0x4a, 0x07, 0x41, 0xc6, 0x29, 0x23, 0x18, 0xa2, 0x10, 0x81, 0x72, 0xea, 0x9c, 0x0e,
	0x93, 0xed, 0x7b, 0x2a, 0x8b, 0xac, 0x8b, 0x8c, 0x83, 0x6b, 0x93, 0xcd, 0x9c, 0x4f, 0x9c, 0x2e,
	0xa4, 0x4f, 0x9c, 0x2e, 0x93, 0xed, 0x83, 0x8c, 0x73, 0x0a, 0x62, 0x88, 0x5a, 0x47, 0x52, 0x06,
	0x49, 0xc5, 0x49, 0xe6, 0x94, 0x2e, 0xac, 0xb0, 0xa4, 0x90, 0xa4, 0xb0, 0xa4, 0x90, 0xa4, 0x70,
	0xa4, 0x70, 0x9c, 0x4f, 0x94, 0x2e, 0x73, 0x2b, 0x8b, 0xee, 0xac, 0xd1, 0x9c, 0x6f, 0x9c, 0x4f,
	0x9c, 0x6f, 0xa4, 0x90, 0xa4, 0x70, 0x9c, 0x6f, 0x9c, 0x4f, 0x9c, 0x2f, 0x94, 0x2e, 0x94, 0x2e,
	0x94, 0x0e, 0x94, 0x0e, 0x94, 0x0e, 0x94, 0x2e, 0x9c, 0x4f, 0x94, 0x2f, 0x94, 0x0e, 0x8b, 0xcd,
	0x83, 0xac, 0x83, 0x8c, 0x7b, 0x6b, 0x7b, 0x4b, 0x7b, 0x4b, 0x73, 0x2b, 0x73, 0x4b, 0x73, 0x0a,
	0x6b, 0x0a, 0x62, 0xa9, 0x52, 0x27, 0x5a, 0x88, 0x52, 0x47, 0x39, 0xa5, 0x39, 0xa5, 0x31, 0x44,
	0xd6, 0x99, 0xd6, 0x99, 0xd6, 0x9a, 0xd6, 0x9a, 0xd6, 0x9a, 0xd6, 0xba, 0xd6, 0xba, 0xd6, 0xba,
	0xd6, 0xba, 0xd6, 0xba, 0xd6, 0xba, 0xd6, 0xba, 0xd6, 0xba, 0xd6, 0xba, 0xd6, 0xba, 0xd6, 0xba,
	0xd6, 0xba, 0xd6, 0xba, 0xd6, 0xba, 0xd6, 0xba, 0xd6, 0xba, 0xd6, 0xba, 0xd6, 0xba, 0xde, 0xfb,
	0xbd, 0xd6, 0x73, 0x4b, 0x94, 0x2f, 0x7b, 0x8c, 0x52, 0x27, 0x41, 0xa5, 0x49, 0xe6, 0x4a, 0x27,
	0x52, 0x48, 0x4a, 0x07, 0x5a, 0x88, 0x5a, 0xa9, 0x52, 0x68, 0x29, 0x24, 0x00, 0x41, 0x08, 0x62,
	0x08, 0x62, 0x00, 0x62, 0x28, 0x82, 0x20, 0x61, 0x18, 0xe3, 0x52, 0x27, 0x29, 0x23, 0x20, 0xc2,
	0x20, 0xe2, 0x18, 0xc2, 0x20, 0xc2, 0x10, 0x82, 0x10, 0x82, 0x08, 0x41, 0x10, 0xa2, 0x4a, 0x27,
	0x5a, 0x88, 0x41, 0xc6, 0x31, 0x44, 0x20, 0xe2, 0x18, 0xc2, 0x08, 0x41, 0x62, 0x89, 0x9c, 0x0e,
	0x83, 0x6b, 0x7b, 0x2a, 0x83, 0x6b, 0x83, 0x4b, 0x8b, 0xac, 0x9c, 0x2e, 0xa4, 0x4f, 0xa4, 0x4f,
	0x9c, 0x2e, 0x93, 0xed, 0x8b, 0x8c, 0x7b, 0x2a, 0x6a, 0xc9, 0x62, 0x88, 0x52, 0x27, 0x49, 0xe6,
	0x49, 0xc5, 0x62, 0xa9, 0xa4, 0xb0, 0xa4, 0xb0, 0xa4, 0xb0, 0xa4, 0xb0, 0xa4, 0x70, 0x9c, 0x6f,
	0x9c, 0x6f, 0x9c, 0x4f, 0x94, 0x0e, 0x73, 0x2b, 0x94, 0x2f, 0xa4, 0x90, 0x9c, 0x4f, 0x9c, 0x4f,
	0x9c, 0x4f, 0x9c, 0x70, 0x9c, 0x70, 0x9c, 0x6f, 0x9c, 0x4f, 0x94, 0x2e, 0x94, 0x0e, 0x94, 0x0e,
	0x94, 0x0e, 0x8b, 0xee, 0x8b, 0xee, 0x94, 0x0e, 0x9c, 0x4f, 0x94, 0x2f, 0x8b, 0xed, 0x83, 0xad,
	0x83, 0x8c, 0x7b, 0x6b, 0x73, 0x4b, 0x7b, 0x4b, 0x73, 0x2b, 0x73, 0x2b, 0x73, 0x2b, 0x7b, 0x4b,
	0x73, 0x0a, 0x5a, 0x89, 0x4a, 0x27, 0x5a, 0x68, 0x4a, 0x06, 0x41, 0xa5, 0x41, 0xa5, 0x31, 0x44,
	0xd6, 0x99, 0xd6, 0x99, 0xd6, 0x99, 0xd6, 0x9a, 0xd6, 0x9a, 0xd6, 0x9a, 0xd6, 0xba, 0xd6, 0xba,
	0xd6, 0xba, 0xd6, 0xba, 0xd6, 0xba, 0xd6, 0xba, 0xd6, 0xba, 0xd6, 0xba, 0xd6, 0xba, 0xd6, 0xba,
	0xd6, 0xba, 0xd6, 0xba, 0xd6, 0xba, 0xd6, 0xba, 0xd6, 0xba, 0xd6, 0xba, 0xd6, 0xba, 0xde, 0xfb,
	0xc6, 0x17, 0x7b, 0x4b, 0x7b, 0x4b, 0x8b, 0xcd, 0xa4, 0x90, 0x73, 0x4b, 0x41, 0xc6, 0x52, 0x27,
	0x52, 0x27, 0x4a, 0x06, 0x4a, 0x27, 0x5a, 0x68, 0x52, 0x27, 0x18, 0xe3, 0x00, 0x41, 0x08, 0x62,
	0x08, 0x62, 0x00, 0x62, 0x18, 0x62, 0x38, 0x82, 0x18, 0xc3, 0x41, 0xe6, 0x31, 0x44, 0x18, 0xa2,
	0x10, 0x82, 0x10, 0x82, 0x08, 0x62, 0x08, 0x61, 0x00, 0x41, 0x21, 0x04, 0x62, 0xc9, 0x62, 0xca,
	0x4a, 0x27, 0x31, 0x64, 0x29, 0x03, 0x20, 0xe2, 0x18, 0xc2, 0x08, 0x41, 0x49, 0xe6, 0x93, 0xcd,
	0x83, 0x8c, 0x7b, 0x4b, 0x7b, 0x4b, 0x8b, 0xac, 0x9c, 0x0e, 0x9c, 0x4e, 0x9c, 0x4e, 0x9c, 0x2e,
	0x93, 0xed, 0x8b, 0x8c, 0x7b, 0x2a, 0x72, 0xe9, 0x6a, 0xa9, 0x5a, 0x68, 0x52, 0x06, 0x49, 0xe5,
	0x49, 0xc5, 0x83, 0x8c, 0xac, 0xd1, 0xa4, 0xb0, 0xa4, 0x90, 0xa4, 0x90, 0xa4, 0x70, 0xa4, 0x70,
	0xa4, 0x6f, 0x9c, 0x2f, 0x8b, 0xcd, 0x6b, 0x0a, 0x9c, 0x6f, 0xa4, 0x90, 0x9c, 0x4f, 0x9c, 0x4f,
	0x9c, 0x4f, 0x9c, 0x6f, 0x9c, 0x6f, 0x9c, 0x70, 0x9c, 0x4f, 0x94, 0x2e, 0x94, 0x0e, 0x94, 0x2e,
	0x94, 0x0e, 0x8b, 0xee, 0x94, 0x0e, 0x94, 0x0e, 0x94, 0x2f, 0x94, 0x2e, 0x8b, 0xed, 0x83, 0xad,
	0x7b, 0x6b, 0x73, 0x2b, 0x73, 0x2a, 0x73, 0x2a, 0x73, 0x2a, 0x73, 0x2b, 0x73, 0x4b, 0x7b, 0x6b,
	0x73, 0x2b, 0x5a, 0x88, 0x4a, 0x06, 0x4a, 0x06, 0x41, 0xa5, 0x4a, 0x06, 0x41, 0xa5, 0x39, 0x64,
	0xd6, 0x99, 0xd6, 0x99, 0xd6, 0x99, 0xd6, 0x99, 0xd6, 0x9a, 0xd6, 0x9a, 0xd6, 0xba, 0xd6, 0xba,
	0xd6, 0xba, 0xd6, 0xba, 0xd6, 0xba, 0xd6, 0xba, 0xd6, 0xba, 0xd6, 0xba, 0xd6, 0xba, 0xd6, 0xba,
	0xd6, 0xba, 0xd6, 0xba, 0xd6, 0xba, 0xd6, 0xba, 0xd6, 0xba, 0xd6, 0xba, 0xd6, 0xba, 0xd6, 0xdb,
	0xce, 0x58, 0x7b, 0x6c, 0x73, 0x0a, 0x83, 0x6c, 0x9c, 0x4f, 0x9c, 0x6f, 0x62, 0xa9, 0x41, 0xe6,
	0x4a, 0x07, 0x52, 0x48, 0x4a, 0x27, 0x52, 0x47, 0x39, 0xc6, 0x08, 0x82, 0x00, 0x61, 0x08, 0x61,
	0x08, 0x62, 0x08, 0x62, 0x00, 0x61, 0x28, 0x82, 0x38, 0xe3, 0x29, 0x24, 0x29, 0x03, 0x18, 0xa2,
	0x08, 0x82, 0x08, 0x82, 0x08, 0x82, 0x00, 0x41, 0x41, 0xe6, 0x7b, 0x4b, 0x6a, 0xc9, 0x52, 0x48,
	0x39, 0xa5, 0x29, 0x23, 0x29, 0x03, 0x20, 0xe3, 0x18, 0xc2, 0x08, 0x41, 0x39, 0xa5, 0x93, 0xed,
	0x7b, 0x4b, 0x73, 0x0a, 0x7b, 0x4b, 0x94, 0x0e, 0x9c, 0x4e, 0x9c, 0x2e, 0x9c, 0x0e, 0x93, 0xed,
	0x8b, 0xac, 0x7b, 0x4b, 0x72, 0xea, 0x6a, 0xc9, 0x6a, 0xa9, 0x5a, 0x67, 0x52, 0x06, 0x49, 0xc5,
	0x5a, 0x47, 0x94, 0x2e, 0xa4, 0xb0, 0xa4, 0x90, 0xa4, 0x90, 0xa4, 0x90, 0xa4, 0x90, 0xa4, 0x70,
	0x9c, 0x6f, 0x9c, 0x2f, 0x83, 0xac, 0x6a, 0xea, 0x9c, 0x6f, 0xa4, 0x90, 0x9c, 0x4f, 0x9c, 0x2f,
	0x9c, 0x4f, 0x9c, 0x6f, 0x9c, 0x70, 0x9c, 0x6f, 0x9c, 0x4f, 0x9c, 0x4f, 0x94, 0x2e, 0x94, 0x0e,
	0x94, 0x0e, 0x8b, 0xee, 0x8b, 0xee, 0x94, 0x0e, 0x94, 0x2f, 0x94, 0x2e, 0x8b, 0xcd, 0x7b, 0x4b,
	0x73, 0x0a, 0x6b, 0x0a, 0x6b, 0x0a, 0x6a, 0xea, 0x6a, 0xea, 0x6a, 0xea, 0x73, 0x0a, 0x73, 0x2b,
	0x62, 0xc9, 0x52, 0x27, 0x49, 0xe6, 0x41, 0xa5, 0x49, 0xe6, 0x49, 0xe6, 0x39, 0x64, 0x39, 0x84,
	0xd6, 0x99, 0xd6, 0x99, 0xd6, 0x99, 0xd6, 0x99, 0xd6, 0x99, 0xd6, 0x9a, 0xd6, 0x9a, 0xd6, 0xba,
	0xd6, 0xba, 0xd6, 0xba, 0xd6, 0xba, 0xd6, 0xba, 0xd6, 0xba, 0xd6, 0xba, 0xd6, 0xba, 0xd6, 0xba,
	0xd6, 0xba, 0xd6, 0xba, 0xd6, 0xba, 0xd6, 0xba, 0xd6, 0xba, 0xd6, 0xba, 0xd6, 0xba, 0xd6, 0xba,
	0xd6, 0x9a, 0x83, 0xee, 0x73, 0x2b, 0x7b, 0x4b, 0x93, 0xee, 0xa4, 0x90, 0x7b, 0x6c, 0x5a, 0xa9,
	0x4a, 0x27, 0x4a, 0x07, 0x4a, 0x27, 0x4a, 0x27, 0x31, 0x64, 0x08, 0x61, 0x08, 0x62, 0x08, 0x62,
	0x08, 0x62, 0x08, 0x62, 0x08, 0x62, 0x08, 0x61, 0x38, 0xa2, 0x41, 0x03, 0x20, 0xe3, 0x21, 0x03,
	0x18, 0xa2, 0x08, 0x41, 0x00, 0x20, 0x52, 0x48, 0x83, 0xad, 0x62, 0xc9, 0x52, 0x47, 0x41, 0xa5,
	0x31, 0x44, 0x31, 0x43, 0x29, 0x03, 0x20, 0xe2, 0x18, 0xc2, 0x08, 0x61, 0x29, 0x44, 0x83, 0x6b,
	0x72, 0xea, 0x8b, 0x8c, 0x83, 0x8c, 0x9c, 0x4e, 0x9c, 0x4f, 0x9c, 0x0e, 0x93, 0xed, 0x8b, 0xac,
	0x83, 0x6b, 0x7b, 0x0a, 0x73, 0x0a, 0x6a, 0xc9, 0x62, 0xa8, 0x5a, 0x47, 0x49, 0xe5, 0x49, 0xc5,
	0x73, 0x0a, 0xa4, 0x90, 0xa4, 0xb0, 0xa4, 0x90, 0xa4, 0x90, 0xa4, 0x70, 0xa4, 0x70, 0xa4, 0x70,
	0x9c, 0x6f, 0x9c, 0x4f, 0x83, 0x8c, 0x6b, 0x0b, 0xa4, 0xb0, 0x9c, 0x6f, 0x9c, 0x4f, 0x9c, 0x2f,
	0x9c, 0x4f, 0x9c, 0x70, 0x9c, 0x70, 0x9c, 0x4f, 0x9c, 0x4f, 0x94, 0x2f, 0x93, 0xee, 0x94, 0x0e,
	0x93, 0xee, 0x8b, 0xcd, 0x8b, 0xed, 0x94, 0x0e, 0x94, 0x2f, 0x8b, 0xee, 0x73, 0x2b, 0x62, 0xa9,
	0x6a, 0xc9, 0x6a, 0xca, 0x6a, 0xea, 0x62, 0xc9, 0x62, 0xc9, 0x62, 0xc9, 0x62, 0xc9, 0x62, 0xa9,
	0x52, 0x27, 0x49, 0xe6, 0x49, 0xe6, 0x41, 0xa5, 0x41, 0xc5, 0x39, 0x84, 0x41, 0xc6, 0x39, 0x64,
	0xd6, 0x99, 0xd6, 0x99, 0xd6, 0x99, 0xd6, 0x99, 0xd6, 0x99, 0xd6, 0x9a, 0xd6, 0x9a, 0xd6, 0x9a,
	0xd6, 0x9a, 0xd6, 0xba, 0xd6, 0xba, 0xd6, 0xba, 0xd6, 0xba, 0xd6, 0x9a, 0xd6, 0x9a, 0xd6, 0x9a,
	0xd6, 0x9a, 0xd6, 0x9a, 0xd6, 0xba, 0xd6, 0x9a, 0xd6, 0xba, 0xd6, 0xba, 0xd6, 0xba, 0xd6, 0xba,
	0xde, 0xdb, 0x9c, 0x71, 0x73, 0x2b, 0x73, 0x2b, 0x83, 0x8c, 0x94, 0x0e, 0x94, 0x2f, 0x9c, 0x90,
	0x83, 0xcd, 0x5a, 0x88, 0x41, 0xe6, 0x41, 0xc6, 0x21, 0x03, 0x00, 0x61, 0x08, 0x62, 0x08, 0x62,
	0x08, 0x62, 0x08, 0x62, 0x08, 0x62, 0x08, 0x62, 0x08, 0x61, 0x28, 0x82, 0x38, 0xa2, 0x18, 0x81,
	0x18, 0xc2, 0x41, 0xe7, 0x62, 0xca, 0x6b, 0x0a, 0x5a, 0x88, 0x52, 0x27, 0x41, 0xa5, 0x39, 0x64,
	0x39, 0x64, 0x31, 0x23, 0x20, 0xe2, 0x20, 0xc2, 0x18, 0xa2, 0x08, 0x61, 0x18, 0xe3, 0x7b, 0x4b,
	0x93, 0xed, 0x8b, 0xac, 0x7b, 0x4b, 0x94, 0x0d, 0x93, 0xed, 0x93, 0xed, 0x93, 0xcd, 0x83, 0x6b,
	0x7b, 0x0a, 0x73, 0x0a, 0x73, 0x0a, 0x6a, 0xc9, 0x62, 0x88, 0x52, 0x27, 0x49, 0xc5, 0x49, 0xe6,
	0x83, 0xad, 0xa4, 0x90, 0xa4, 0xb0, 0xa4, 0x90, 0xa4, 0x90, 0x9c, 0x6f, 0x9c, 0x6f, 0xa4, 0x70,
	0x9c, 0x6f, 0x9c, 0x4f, 0x7b, 0x4b, 0x73, 0x2b, 0xa4, 0xb0, 0x9c, 0x4f, 0x9c, 0x4f, 0x9c, 0x4f,
	0x9c, 0x4f, 0x9c, 0x70, 0x9c, 0x70, 0x9c, 0x4f, 0x94, 0x2f, 0x94, 0x0e, 0x8b, 0xed, 0x93, 0xee,
	0x8b, 0xed, 0x8b, 0xcd, 0x8b, 0xee, 0x8b, 0xee, 0x94, 0x2f, 0x83, 0x8c, 0x5a, 0x47, 0x52, 0x27,
	0x5a, 0x68, 0x62, 0xa9, 0x62, 0xa9, 0x62, 0xa9, 0x62, 0xa9, 0x5a, 0x88, 0x5a, 0x68, 0x52, 0x27,
	0x4a, 0x07, 0x49, 0xe6, 0x49, 0xe6, 0x41, 0xa5, 0x39, 0x64, 0x49, 0xe6, 0x41, 0xc6, 0x31, 0x64,
	0xd6, 0x99, 0xd6, 0x99, 0xd6, 0x99, 0xd6, 0x99, 0xd6, 0x9a, 0xd6, 0x9a, 0xd6, 0x9a, 0xd6, 0x9a,
	0xd6, 0x9a, 0xd6, 0x9a, 0xd6, 0x9a, 0xd6, 0x9a, 0xd6, 0x9a, 0xd6, 0x9a, 0xd6, 0x9a, 0xd6, 0x9a,
	0xd6, 0x9a, 0xd6, 0x9a, 0xd6, 0x9a, 0xd6, 0x9a, 0xd6, 0x9a, 0xd6, 0x9a, 0xd6, 0xba, 0xd6, 0x9a,
	0xde, 0xfb, 0xa4, 0xd2, 0x6b, 0x0a, 0x73, 0x4b, 0x73, 0x2b, 0x83, 0x6c, 0x94, 0x0e, 0xac, 0xd1,
	0x9c, 0x90, 0x73, 0x2b, 0x5a, 0x88, 0x31, 0x64, 0x08, 0x61, 0x08, 0x62, 0x08, 0x62, 0x00, 0x61,
	0x08, 0x62, 0x00, 0x41, 0x00, 0x21, 0x00, 0x21, 0x08, 0x82, 0x08, 0x82, 0x28, 0xe3, 0x6a, 0x89,
	0x94, 0x2f, 0xa4, 0x90, 0x8b, 0xcd, 0x5a, 0x68, 0x49, 0xe6, 0x41, 0xa5, 0x39, 0x84, 0x39, 0x64,
	0x31, 0x23, 0x29, 0x03, 0x29, 0x03, 0x29, 0x23, 0x10, 0xa2, 0x08, 0x61, 0x18, 0xa2, 0x83, 0x8c,
	0x93, 0xcd, 0x7b, 0x4b, 0x7b, 0x2a, 0x8b, 0x8c, 0x8b, 0xcc, 0x93, 0xcd, 0x8b, 0x8c, 0x7b, 0x2a,
	0x73, 0x0a, 0x73, 0x0a, 0x73, 0x0a, 0x6a, 0xc9, 0x5a, 0x68, 0x49, 0xe6, 0x41, 0xa5, 0x5a, 0x47,
	0x94, 0x0e, 0xa4, 0x90, 0xa4, 0x90, 0xa4, 0x90, 0xa4, 0x70, 0x9c, 0x4f, 0x9c, 0x6f, 0x9c, 0x6f,
	0x9c, 0x4f, 0x94, 0x2e, 0x6b, 0x0a, 0x7b, 0x6c, 0xa4, 0xb0, 0x9c, 0x4f, 0x9c, 0x2f, 0x94, 0x2e,
	0x94, 0x2e, 0x9c, 0x6f, 0x9c, 0x6f, 0x9c, 0x4f, 0x94, 0x2e, 0x94, 0x0e, 0x8b, 0xed, 0x93, 0xee,
	0x8b, 0xcd, 0x8b, 0xed, 0x8b, 0xcd, 0x8b, 0xee, 0x94, 0x0e, 0x73, 0x0a, 0x52, 0x27, 0x52, 0x27,
	0x52, 0x27, 0x52, 0x48, 0x5a, 0x68, 0x5a, 0x88, 0x5a, 0x68, 0x5a, 0x48, 0x52, 0x47, 0x52, 0x27,
	0x4a, 0x06, 0x4a, 0x06, 0x4a, 0x06, 0x41, 0xa5, 0x39, 0x64, 0x41, 0xc5, 0x41, 0xa5, 0x39, 0xa5,
	0xd6, 0x79, 0xd6, 0x99, 0xd6, 0x99, 0xd6, 0x99, 0xd6, 0x9a, 0xd6, 0x9a, 0xd6, 0x9a, 0xd6, 0x9a,
	0xd6, 0x9a, 0xd6, 0x9a, 0xd6, 0x9a, 0xd6, 0x9a, 0xd6, 0x9a, 0xd6, 0x9a, 0xd6, 0x9a, 0xd6, 0x9a,
	0xd6, 0x9a, 0xd6, 0x9a, 0xd6, 0x9a, 0xd6, 0x9a, 0xd6, 0x9a, 0xd6, 0x9a, 0xd6, 0x9a, 0xd6, 0x9a,
	0xde, 0xfb, 0xa4, 0xf3, 0x6a, 0xca, 0x73, 0x2b, 0x73, 0x0b, 0x7b, 0x2b, 0x83, 0x6c, 0x94, 0x0e,
	0x9c, 0x4f, 0x83, 0x8c, 0x8b, 0xee, 0x73, 0x4c, 0x31, 0x85, 0x00, 0x21, 0x00, 0x62, 0x10, 0xa2,
	0x00, 0x41, 0x10, 0xc3, 0x31, 0x85, 0x5a, 0xa9, 0x73, 0x4b, 0x83, 0x8c, 0x83, 0xcd, 0x94, 0x2e,
	0x9c, 0x6f, 0x94, 0x0e, 0x62, 0x88, 0x4a, 0x06, 0x41, 0xa5, 0x41, 0xa4, 0x39, 0x64, 0x31, 0x43,
	0x31, 0x23, 0x31, 0x23, 0x39, 0x64, 0x31, 0x43, 0x10, 0x82, 0x10, 0x82, 0x10, 0x81, 0x6a, 0xe9,
	0x8b, 0x8c, 0x83, 0x8c, 0x7b, 0x2b, 0x8b, 0xac, 0x93, 0xcd, 0x8b, 0xac, 0x7b, 0x4b, 0x72, 0xea,
	0x73, 0x0a, 0x73, 0x0a, 0x73, 0x0a, 0x62, 0xa8, 0x5a, 0x27, 0x49, 0xe5, 0x41, 0xa5, 0x73, 0x0a,
	0x9c, 0x4f, 0xa4, 0xb0, 0xa4, 0x90, 0xa4, 0x70, 0x9c, 0x6f, 0x9c, 0x4f, 0x9c, 0x6f, 0x9c, 0x6f,
	0x9c, 0x4f, 0x94, 0x0e, 0x62, 0xc9, 0x83, 0xad, 0xa4, 0xb0, 0x9c, 0x4f, 0x9c, 0x4f, 0x94, 0x2e,
	0x94, 0x2e, 0x9c, 0x4f, 0x9c, 0x2f, 0x94, 0x2e, 0x94, 0x0e, 0x93, 0xee, 0x8b, 0xcd, 0x8b, 0xcd,
	0x8b, 0xcd, 0x8b, 0xcd, 0x8b, 0xcd, 0x8b, 0xee, 0x8b, 0xee, 0x6a, 0xea, 0x52, 0x47, 0x52, 0x47,
	0x52, 0x27, 0x52, 0x27, 0x52, 0x27, 0x52, 0x47, 0x52, 0x27, 0x52, 0x27, 0x52, 0x27, 0x4a, 0x06,
	0x4a, 0x06, 0x49, 0xe6, 0x41, 0xc5, 0x39, 0x84, 0x31, 0x44, 0x39, 0x84, 0x4a, 0x06, 0x39, 0x64,
	0xd6, 0x79, 0xd6, 0x99, 0xd6, 0x99, 0xd6, 0x99, 0xd6, 0x99, 0xd6, 0x99, 0xd6, 0x9a, 0xd6, 0x9a,
	0xd6, 0x9a, 0xd6, 0x9a, 0xd6, 0x9a, 0xd6, 0x9a, 0xd6, 0x9a, 0xd6, 0x9a, 0xd6, 0x9a, 0xd6, 0x9a,
	0xd6, 0x9a, 0xd6, 0x9a, 0xd6, 0x9a, 0xd6, 0x9a, 0xd6, 0x9a, 0xd6, 0x9a, 0xd6, 0x9a, 0xce, 0x9a,
	0xde, 0xdb, 0xad, 0x34, 0x62, 0xc9, 0x73, 0x0a, 0x7b, 0x4b, 0x73, 0x0a, 0x72, 0xea, 0x7b, 0x2b,
	0x7b, 0x4b, 0x7b, 0x6b, 0x9c, 0x2e, 0x9c, 0x6f, 0x9c, 0x6f, 0x5a, 0x89, 0x73, 0x2b, 0x83, 0xad,
	0x5a, 0xa9, 0x7b, 0x6b, 0x8b, 0xed, 0x8b, 0xac, 0x8b, 0xac, 0x8b, 0xac, 0x7b, 0x4b, 0x73, 0x0a,
	0x6a, 0xc9, 0x52, 0x47, 0x49, 0xe6, 0x49, 0xc6, 0x39, 0x84, 0x39, 0x84, 0x31, 0x44, 0x31, 0x44,
	0x31, 0x23, 0x39, 0x64, 0x41, 0xa5, 0x29, 0x03, 0x08, 0x61, 0x10, 0x82, 0x10, 0x81, 0x5a, 0x68,
	0x8b, 0xcc, 0x8b, 0x8c, 0x73, 0x0a, 0x8b, 0xcd, 0x93, 0xed, 0x8b, 0x8c, 0x73, 0x0a, 0x72, 0xe9,
	0x73, 0x0a, 0x7b, 0x2b, 0x72, 0xea, 0x62, 0x88, 0x52, 0x06, 0x49, 0xa5, 0x49, 0xe5, 0x83, 0xac,
	0x9c, 0x2f, 0xac, 0xb1, 0xa4, 0x90, 0xa4, 0x70, 0x9c, 0x6f, 0x9c, 0x6f, 0xa4, 0x70, 0x9c, 0x6f,
	0x9c, 0x4f, 0x8b, 0xed, 0x62, 0xa9, 0x8b, 0xed, 0xa4, 0x90, 0x9c, 0x4f, 0x9c, 0x4f, 0x94, 0x2e,
	0x94, 0x2e, 0x9c, 0x4f, 0x94, 0x2f, 0x94, 0x2f, 0x94, 0x0e, 0x8b, 0xed, 0x8b, 0xcd, 0x8b, 0xcd,
	0x8b, 0xcd, 0x8b, 0xcd, 0x8b, 0xcd, 0x8b, 0xee, 0x8b, 0xcd, 0x6a, 0xe9, 0x52, 0x27, 0x52, 0x47,
	0x52, 0x27, 0x4a, 0x06, 0x4a, 0x06, 0x52, 0x06, 0x52, 0x27, 0x52, 0x27, 0x4a, 0x07, 0x4a, 0x06,
	0x4a, 0x06, 0x49, 0xe6, 0x41, 0xc5, 0x31, 0x64, 0x31, 0x23, 0x41, 0xa5, 0x41, 0xc6, 0x31, 0x43,
	0xd6, 0x79, 0xd6, 0x79, 0xd6, 0x99, 0xd6, 0x99, 0xd6, 0x99, 0xd6, 0x99, 0xd6, 0x99, 0xd6, 0x9a,
	0xd6, 0x9a, 0xd6, 0x9a, 0xd6, 0x99, 0xd6, 0x9a, 0xd6, 0x9a, 0xd6, 0x9a, 0xd6, 0x9a, 0xd6, 0x9a,
	0xd6, 0x9a, 0xd6, 0x9a, 0xd6, 0x9a, 0xd6, 0x9a, 0xd6, 0x9a, 0xd6, 0x9a, 0xd6, 0x9a, 0xd6, 0x9a,
	0xd6, 0xdb, 0xb5, 0x96, 0x6a, 0xea, 0x6a, 0xea, 0x73, 0x2b, 0x7b, 0x4c, 0x62, 0xc9, 0x62, 0xa9,
	0x6a, 0xa9, 0x6a, 0xa9, 0x6a, 0xc9, 0x73, 0x0a, 0x83, 0x6c, 0x83, 0x6c, 0x83, 0x8c, 0x7b, 0x4b,
	0x73, 0x0a, 0x6a, 0xe9, 0x72, 0xea, 0x6a, 0xea, 0x73, 0x0a, 0x6a, 0xe9, 0x62, 0x88, 0x5a, 0x67,
	0x52, 0x27, 0x52, 0x06, 0x4a, 0x06, 0x41, 0xa5, 0x39, 0x64, 0x39, 0x84, 0x31, 0x43, 0x31, 0x23,
	0x39, 0x44, 0x41, 0xa5, 0x41, 0xa5, 0x18, 0xc2, 0x08, 0x61, 0x18, 0xa2, 0x10, 0x81, 0x4a, 0x06,
	0x93, 0xed, 0x83, 0x6b, 0x72, 0xea, 0x83, 0x6c, 0x93, 0xcd, 0x83, 0x4b, 0x72, 0xea, 0x72, 0xe9,
	0x7b, 0x2a, 0x7b, 0x4b, 0x6a, 0xe9, 0x5a, 0x47, 0x49, 0xe5, 0x49, 0xa5, 0x5a, 0x47, 0x8b, 0xee,
	0x94, 0x2f, 0xa4, 0x90, 0x9c, 0x6f, 0x9c, 0x6f, 0x9c, 0x4f, 0x9c, 0x4f, 0x9c, 0x6f, 0x9c, 0x6f,
	0x9c, 0x2f, 0x8b, 0xad, 0x5a, 0x89, 0x94, 0x0e, 0x9c, 0x6f, 0x9c, 0x4f, 0x94, 0x2e, 0x94, 0x0e,
	0x94, 0x2e, 0x9c, 0x4f, 0x94, 0x2f, 0x94, 0x0e, 0x8b, 0xee, 0x8b, 0xcd, 0x8b, 0xad, 0x83, 0xad,
	0x8b, 0xcd, 0x83, 0xad, 0x8b, 0xcd, 0x8b, 0xee, 0x83, 0xad, 0x6b, 0x0a, 0x5a, 0x68, 0x52, 0x47,
	0x52, 0x27, 0x49, 0xe6, 0x4a, 0x06, 0x4a, 0x06, 0x4a, 0x06, 0x4a, 0x06, 0x4a, 0x06, 0x4a, 0x07,
	0x4a, 0x06, 0x41, 0xc5, 0x39, 0x84, 0x31, 0x43, 0x31, 0x43, 0x31, 0x44, 0x39, 0x64, 0x41, 0xc6,
};

static const uint8_t penguin_cc0_rgb565_be[OFFLINE_IMAGE_RGB565_BYTES] = {
	0x39, 0x84, 0x39, 0x64, 0x28, 0xe2, 0x28, 0xe1, 0x29, 0x02, 0x39, 0x43, 0x39, 0x43, 0x39, 0x43,
	0x28, 0xe2, 0x28, 0xe2, 0x28, 0xe2, 0x20, 0xe1, 0x18, 0xa1, 0x10, 0x80, 0x18, 0xa1, 0x18, 0xa1,
	0x20, 0xc2, 0x21, 0x02, 0x18, 0xe2, 0x18, 0xe1, 0x18, 0xe1, 0x19, 0x02, 0x18, 0xe2, 0x19, 0x02,
	0x21, 0x43, 0x29, 0x63, 0x29, 0x63, 0x29, 0x42, 0x21, 0x21, 0x18, 0xe0, 0x18, 0xe0, 0x29, 0x21,
	0x31, 0x62, 0x31, 0x82, 0x21, 0x21, 0x29, 0x01, 0x31, 0x63, 0x41, 0xe4, 0x4a, 0x04, 0x4a, 0x04,
	0x4a, 0x24, 0x52, 0x65, 0x52, 0x45, 0x51, 0xe5, 0x51, 0xe5, 0x52, 0x05, 0x52, 0x05, 0x49, 0xc4,
	0x73, 0x4b, 0x73, 0x6d, 0x6b, 0x6e, 0x7b, 0xf0, 0x8c, 0x51, 0x8c, 0x51, 0x94, 0x71, 0x83, 0xce,
	0x62, 0xa8, 0x49, 0xa4, 0x51, 0xe5, 0x52, 0x06, 0x49, 0xc5, 0x49, 0xc5, 0x49, 0xa5, 0x41, 0xa4,
	0x41, 0x84, 0x41, 0x84, 0x41, 0x84, 0x41, 0x64, 0x41, 0x64, 0x39, 0x64, 0x39, 0x64, 0x39, 0x64,
	0x39, 0x63, 0x39, 0x63, 0x39, 0x43, 0x31, 0x43, 0x31, 0x23, 0x29, 0x03, 0x29, 0x02, 0x20, 0xe2,
	0x18, 0xc2, 0x18, 0xa2, 0x18, 0xa1, 0x10, 0xa1, 0x18, 0xa1, 0x18, 0xc1, 0x18, 0xe1, 0x18, 0xe1,
	0x18, 0xe2, 0x18, 0xe2, 0x18, 0xe2, 0x18, 0xe2, 0x10, 0xc2, 0x10, 0xa1, 0x10, 0xa1, 0x10, 0xa1,
	0x10, 0x81, 0x08, 0x81, 0x08, 0x81, 0x08, 0x81, 0x08, 0x81, 0x08, 0xa1, 0x10, 0xa1, 0x10, 0xa1,
	0x10, 0xa1, 0x10, 0xa1, 0x10, 0xa1, 0x08, 0x81, 0x08, 0x81, 0x08, 0xa2, 0x08, 0xa2, 0x08, 0x81,
	0x08, 0xa1, 0x08, 0x81, 0x00, 0xc3, 0x00, 0x61, 0x11, 0x44, 0x11, 0x86, 0x29, 0x44, 0x19, 0x23,
	0x08, 0xa2, 0x31, 0xa5, 0x11, 0x03, 0x00, 0x61, 0x08, 0x81, 0x21, 0x44, 0x10, 0xe3, 0x08, 0x61,
	0x39, 0x84, 0x49, 0xe6, 0x41, 0xc6, 0x39, 0x84, 0x31, 0x22, 0x39, 0x43, 0x39, 0x43, 0x31, 0x22,
	0x28, 0xe2, 0x29, 0x02, 0x29, 0x02, 0x28, 0xe2, 0x20, 0xc1, 0x18, 0xa1, 0x18, 0xc1, 0x20, 0xc1,
	0x28, 0xe2, 0x20, 0xe2, 0x18, 0xc1, 0x18, 0xc1, 0x21, 0x02, 0x21, 0x22, 0x21, 0x02, 0x10, 0xa1,
	0x10, 0xa1, 0x18, 0xe1, 0x21, 0x21, 0x31, 0x61, 0x31, 0x61, 0x21, 0x01, 0x18, 0xe1, 0x29, 0x21,
	0x31, 0x82, 0x29, 0x82, 0x29, 0x41, 0x29, 0x22, 0x39, 0xa3, 0x42, 0x04, 0x42, 0x24, 0x42, 0x03,
	0x4a, 0x44, 0x52, 0x64, 0x52, 0x25, 0x51, 0xe5, 0x51, 0xe5, 0x51, 0xe5, 0x52, 0x06, 0xad, 0x75,
	0xff, 0xff, 0xbe, 0x3a, 0x63, 0x6f, 0x63, 0x8f, 0x63, 0x4f, 0x6b, 0x90, 0x7c, 0x11, 0x84, 0x11,
	0xbd, 0x95, 0xbd, 0x95, 0x5a, 0x27, 0x49, 0xc5, 0x51, 0xe6, 0x49, 0xc5, 0x49, 0xc5, 0x49, 0xc5,
	0x49, 0xa5, 0x49, 0xa4, 0x41, 0x84, 0x41, 0x84, 0x41, 0x84, 0x41, 0x84, 0x39, 0x64, 0x39, 0x64,
	0x39, 0x64, 0x39, 0x64, 0x39, 0x64, 0x39, 0x64, 0x39, 0x63, 0x31, 0x43, 0x29, 0x03, 0x29, 0x02,
	0x20, 0xe2, 0x20, 0xc2, 0x18, 0xc2, 0x18, 0xa1, 0x18, 0xc1, 0x18, 0xe1, 0x18, 0xe1, 0x21, 0x02,
	0x19, 0x02, 0x19, 0x02, 0x19, 0x02, 0x18, 0xe2, 0x18, 0xc2, 0x10, 0xa1, 0x10, 0xa1, 0x10, 0xa1,
	0x10, 0x81, 0x08, 0x81, 0x08, 0x81, 0x08, 0x81, 0x08, 0x81, 0x08, 0x81, 0x08, 0xa1, 0x10, 0xa1,
	0x10, 0xa1, 0x10, 0xa1, 0x10, 0xa1, 0x08, 0x81, 0x08, 0x81, 0x08, 0x81, 0x08, 0x81, 0x08, 0x81,
	0x08, 0x81, 0x08, 0x61, 0x08, 0x81, 0x08, 0xa2, 0x22, 0x49, 0x19, 0xc7, 0x18, 0xe2, 0x29, 0x43,
	0x3a, 0x68, 0x10, 0xe3, 0x10, 0xa1, 0x19, 0x85, 0x08, 0xa2, 0x11, 0x04, 0x08, 0xa2, 0x08, 0x61,
	0x29, 0x02, 0x39, 0x84, 0x4a, 0x06, 0x4a, 0x27, 0x4a, 0x07, 0x41, 0xa5, 0x31, 0x43, 0x31, 0x03,
	0x29, 0x02, 0x31, 0x02, 0x31, 0x02, 0x29, 0x02, 0x20, 0xe1, 0x20, 0xe1, 0x28, 0xe2, 0x31, 0x02,
	0x31, 0x22, 0x29, 0x02, 0x21, 0x22, 0x21, 0x43, 0x29, 0x63, 0x31, 0x43, 0x31, 0x22, 0x20, 0xe2,
	0x20, 0xc1, 0x18, 0xa0, 0x18, 0xe0, 0x29, 0x21, 0x31, 0x41, 0x29, 0x21, 0x21, 0x01, 0x29, 0x41,
	0x31, 0x82, 0x31, 0x82, 0x31, 0x62, 0x31, 0x62, 0x39, 0xa4, 0x39, 0xc3, 0x39, 0xe3, 0x42, 0x03,
	0x52, 0x24, 0x52, 0x25, 0x51, 0xe5, 0x51, 0xe5, 0x51, 0xe5, 0x51, 0xe5, 0xad, 0x75, 0xf7, 0xff,
	0xff, 0xff, 0xad, 0x97, 0x52, 0xed, 0x5b, 0x2e, 0x52, 0xcd, 0x52, 0xed, 0x52, 0xcc, 0xa5, 0x56,
	0xff, 0xff, 0xff, 0xff, 0xde, 0xb9, 0x62, 0x68, 0x51, 0xe5, 0x52, 0x06, 0x51, 0xe5, 0x51, 0xe5,
	0x51, 0xc5, 0x49, 0xc5, 0x49, 0xa4, 0x49, 0xa4, 0x41, 0xa4, 0x41, 0xa4, 0x41, 0x84, 0x41, 0x84,
	0x41, 0x84, 0x41, 0x84, 0x41, 0x84, 0x41, 0x84, 0x41, 0x84, 0x39, 0x64, 0x31, 0x43, 0x29, 0x03,
	0x29, 0x02, 0x20, 0xe2, 0x20, 0xc2, 0x20, 0xc2, 0x20, 0xe2, 0x21, 0x02, 0x21, 0x02, 0x21, 0x22,
	0x21, 0x22, 0x21, 0x22, 0x21, 0x02, 0x18, 0xe2, 0x18, 0xe2, 0x10, 0xa1, 0x10, 0xa1, 0x08, 0xa1,
	0x08, 0x81, 0x08, 0x81, 0x08, 0x81, 0x08, 0x81, 0x08, 0x81, 0x08, 0xa1, 0x10, 0xa1, 0x10, 0xa1,
	0x08, 0xa1, 0x08, 0x81, 0x08, 0x81, 0x08, 0x81, 0x08, 0x81, 0x08, 0x81, 0x08, 0x81, 0x08, 0xa2,
	0x08, 0xa1, 0x08, 0x81, 0x08, 0x40, 0x11, 0x24, 0x11, 0xe8, 0x19, 0xa6, 0x10, 0xc2, 0x31, 0x84,
	0x42, 0x88, 0x00, 0x61, 0x21, 0x23, 0x21, 0xa6, 0x00, 0xc2, 0x08, 0x60, 0x10, 0x81, 0x08, 0x81,
	0x20, 0xe1, 0x29, 0x02, 0x39, 0x43, 0x39, 0xa5, 0x4a, 0x28, 0x52, 0x68, 0x39, 0xa5, 0x31, 0x23,
	0x31, 0x22, 0x31, 0x22, 0x31, 0x22, 0x31, 0x42, 0x39, 0x42, 0x39, 0x43, 0x39, 0x43, 0x39, 0x43,
	0x39, 0x43, 0x31, 0x43, 0x31, 0x63, 0x31, 0x84, 0x31, 0x84, 0x31, 0x63, 0x31, 0x43, 0x29, 0x22,
	0x29, 0x22, 0x20, 0xe1, 0x20, 0xe0, 0x29, 0x01, 0x31, 0x22, 0x29, 0x01, 0x29, 0x01, 0x31, 0x42,
	0x31, 0x82, 0x31, 0xa2, 0x31, 0x62, 0x39, 0x63, 0x39, 0x83, 0x39, 0xa3, 0x41, 0xc3, 0x49, 0xe4,
	0x52, 0x46, 0x5a, 0x47, 0x52, 0x06, 0x51, 0xe5, 0x51, 0xc4, 0x7b, 0xce, 0xce, 0xdc, 0xe7, 0x5e,
	0xf7, 0xdf, 0xc6, 0x9b, 0x52, 0xcd, 0x4a, 0xac, 0x52, 0xcd, 0x52, 0xac, 0x84, 0x72, 0xde, 0xfc,
	0xf7, 0xbf, 0xef, 0x5c, 0xff, 0xfe, 0xc5, 0xd5, 0x51, 0xe5, 0x5a, 0x06, 0x52, 0x06, 0x52, 0x05,
	0x51, 0xe5, 0x51, 0xe5, 0x51, 0xc5, 0x49, 0xc5, 0x49, 0xc5, 0x49, 0xc5, 0x49, 0xc5, 0x49, 0xc5,
	0x49, 0xc5, 0x49, 0xc5, 0x49, 0xc5, 0x41, 0xc5, 0x41, 0xa5, 0x41, 0x84, 0x39, 0x84, 0x31, 0x44,
	0x31, 0x23, 0x29, 0x03, 0x29, 0x02, 0x29, 0x02, 0x29, 0x02, 0x29, 0x22, 0x29, 0x22, 0x29, 0x42,
	0x21, 0x22, 0x21, 0x22, 0x21, 0x02, 0x21, 0x02, 0x18, 0xe2, 0x10, 0xc2, 0x10, 0xa1, 0x08, 0xa1,
	0x08, 0x81, 0x08, 0x81, 0x08, 0xa1, 0x08, 0xa1, 0x10, 0xa1, 0x10, 0xc1, 0x10, 0xe2, 0x10, 0xc2,
	0x10, 0xa1, 0x08, 0xa1, 0x08, 0x81, 0x08, 0x81, 0x08, 0x81, 0x08, 0x81, 0x08, 0x81, 0x08, 0xe3,
	0x08, 0xe3, 0x10, 0xa2, 0x08, 0xa2, 0x08, 0xa2, 0x09, 0x45, 0x21, 0x64, 0x10, 0xa2, 0x29, 0x85,
	0x21, 0xc6, 0x10, 0xa1, 0x29, 0x44, 0x10, 0xa2, 0x11, 0x44, 0x19, 0x24, 0x18, 0xe2, 0x10, 0x81,
	0x29, 0x02, 0x31, 0x22, 0x31, 0x02, 0x28, 0xe1, 0x31, 0x44, 0x41, 0xc6, 0x49, 0xe6, 0x41, 0xc5,
	0x39, 0x43, 0x39, 0x42, 0x39, 0x43, 0x39, 0x63, 0x41, 0x83, 0x41, 0x84, 0x41, 0x83, 0x41, 0x63,
	0x39, 0x63, 0x39, 0x43, 0x31, 0x43, 0x29, 0x43, 0x29, 0x42, 0x29, 0x22, 0x21, 0x01, 0x18, 0xc1,
	0x21, 0x01, 0x29, 0x21, 0x29, 0x01, 0x29, 0x01, 0x31, 0x22, 0x31, 0x22, 0x29, 0x01, 0x31, 0x42,
	0x31, 0x82, 0x31, 0x82, 0x39, 0x82, 0x39, 0x83, 0x39, 0x83, 0x41, 0xa4, 0x49, 0xc4, 0x52, 0x05,
	0x52, 0x47, 0x5a, 0x47, 0x52, 0x26, 0x51, 0xe5, 0x5a, 0x47, 0x6b, 0x8e, 0xc6, 0x7a, 0xdf, 0x3d,
	0xef, 0x9e, 0xd6, 0xfc, 0x4a, 0xac, 0x3a, 0x29, 0x42, 0x2a, 0x52, 0xec, 0xef, 0x9e, 0xe7, 0x5d,
	0xd6, 0xba, 0xde, 0xba, 0xc5, 0xb5, 0xee, 0xf8, 0x8b, 0xcd, 0x51, 0xc5, 0x5a, 0x26, 0x5a, 0x06,
	0x52, 0x06, 0x52, 0x05, 0x51, 0xe5, 0x51, 0xe5, 0x51, 0xe5, 0x51, 0xe5, 0x49, 0xe5, 0x49, 0xe5,
	0x49, 0xc5, 0x49, 0xc5, 0x49, 0xc5, 0x49, 0xc5, 0x49, 0xc5, 0x41, 0xa5, 0x41, 0x84, 0x39, 0x84,
	0x39, 0x63, 0x31, 0x43, 0x31, 0x23, 0x29, 0x23, 0x29, 0x23, 0x29, 0x22, 0x29, 0x43, 0x29, 0x43,
	0x29, 0x43, 0x21, 0x23, 0x21, 0x02, 0x21, 0x02, 0x18, 0xe2, 0x18, 0xc2, 0x10, 0xa1, 0x10, 0xa1,
	0x08, 0xa1, 0x08, 0xa1, 0x08, 0xa1, 0x08, 0xa1, 0x10, 0xa1, 0x10, 0xc1, 0x18, 0xe2, 0x10, 0xe2,
	0x10, 0xc2, 0x08, 0xa1, 0x08, 0xa1, 0x08, 0x81, 0x08, 0xa2, 0x08, 0x81, 0x08, 0xa2, 0x11, 0x03,
	0x10, 0xe3, 0x08, 0xa2, 0x00, 0xc3, 0x00, 0xa2, 0x00, 0x61, 0x21, 0x23, 0x10, 0xa1, 0x31, 0xc6,
	0x19, 0x65, 0x18, 0xe2, 0x19, 0x03, 0x11, 0x04, 0x29, 0xe6, 0x29, 0xc6, 0x11, 0x04, 0x08, 0x81,
	0x31, 0x22, 0x31, 0x22, 0x31, 0x02, 0x28, 0xe2, 0x28, 0xe2, 0x31, 0x23, 0x41, 0xa5, 0x39, 0x84,
	0x39, 0x43, 0x39, 0x63, 0x39, 0x63, 0x41, 0x83, 0x41, 0xa4, 0x41, 0xa4, 0x41, 0x84, 0x41, 0x83,
	0x41, 0x63, 0x39, 0x43, 0x31, 0x22, 0x29, 0x01, 0x29, 0x22, 0x29, 0x01, 0x18, 0xa0, 0x10, 0x80,
	0x20, 0xc1, 0x31, 0x42, 0x31, 0x22, 0x29, 0x02, 0x31, 0x22, 0x39, 0x62, 0x31, 0x42, 0x31, 0x42,
	0x39, 0x62, 0x41, 0x83, 0x41, 0xa3, 0x41, 0xc3, 0x41, 0xe4, 0x4a, 0x05, 0x4a, 0x26, 0x4a, 0x06,
	0x52, 0x26, 0x52, 0x26, 0x52, 0x05, 0x5a, 0x05, 0x39, 0x85, 0x5b, 0x0c, 0xc6, 0x7a, 0xc6, 0x9b,
	0xe7, 0x7e, 0xb5, 0xf8, 0x3a, 0x2a, 0x3a, 0x09, 0x31, 0xc8, 0x84, 0x31, 0xe7, 0x5d, 0xce, 0x79,
	0xce, 0x38, 0xce, 0x37, 0x83, 0xac, 0x9c, 0x4e, 0xcd, 0xd4, 0x5a, 0x26, 0x5a, 0x26, 0x5a, 0x26,
	0x5a, 0x26, 0x52, 0x06, 0x52, 0x06, 0x51, 0xe5, 0x51, 0xe5, 0x51, 0xe5, 0x51, 0xe5, 0x49, 0xe5,
	0x49, 0xc5, 0x49, 0xc5, 0x49, 0xc5, 0x49, 0xc5, 0x49, 0xc5, 0x49, 0xc5, 0x41, 0xa5, 0x41, 0xa4,
	0x39, 0x84, 0x39, 0x64, 0x31, 0x43, 0x31, 0x43, 0x31, 0x43, 0x31, 0x43, 0x31, 0x43, 0x31, 0x43,
	0x29, 0x43, 0x29, 0x43, 0x21, 0x02, 0x21, 0x02, 0x18, 0xe2, 0x18, 0xc2, 0x10, 0xc1, 0x10, 0xa1,
	0x08, 0xa1, 0x08, 0xa1, 0x08, 0xa1, 0x08, 0xa1, 0x10, 0xa1, 0x10, 0xc1, 0x10, 0xe2, 0x10, 0xe2,
	0x10, 0xc2, 0x10, 0xc2, 0x08, 0xa1, 0x08, 0xa1, 0x08, 0xa2, 0x08, 0xa1, 0x08, 0xa2, 0x08, 0xe3,
	0x08, 0xa2, 0x08, 0x81, 0x00, 0x82, 0x08, 0xc2, 0x08, 0xe4, 0x19, 0x03, 0x10, 0xa2, 0x21, 0xe7,
	0x08, 0xe3, 0x21, 0x23, 0x10, 0xc2, 0x19, 0xc6, 0x2a, 0x07, 0x21, 0x85, 0x08, 0xc2, 0x08, 0x81,
	0x39, 0x22, 0x31, 0x02, 0x28, 0xe2, 0x28, 0xe2, 0x31, 0x22, 0x41, 0x63, 0x39, 0x63, 0x31, 0x42,
	0x39, 0x62, 0x39, 0x63, 0x39, 0x63, 0x39, 0x83, 0x41, 0x83, 0x41, 0x83, 0x41, 0x83, 0x41, 0x63,
	0x39, 0x63, 0x39, 0x42, 0x31, 0x22, 0x31, 0x22, 0x31, 0x22, 0x29, 0x01, 0x10, 0xa0, 0x10, 0xa0,
	0x29, 0x01, 0x39, 0x63, 0x39, 0x83, 0x31, 0x43, 0x31, 0x63, 0x41, 0xa3, 0x41, 0xc3, 0x41, 0xa3,
	0x39, 0x83, 0x41, 0x83, 0x49, 0xc4, 0x49, 0xe4, 0x4a, 0x26, 0x52, 0x88, 0x52, 0xa9, 0x52, 0x47,
	0x52, 0x06, 0x51, 0xe5, 0x51, 0xe5, 0x52, 0x05, 0x29, 0x45, 0x5a, 0xcc, 0x84, 0x11, 0xa5, 0x56,
	0xdf, 0x1c, 0x6b, 0xd0, 0x18, 0xe4, 0x29, 0x67, 0x19, 0x25, 0x84, 0x51, 0xd6, 0x99, 0xb5, 0x74,
	0xa4, 0xd1, 0xb5, 0x32, 0x83, 0x6b, 0x20, 0x81, 0xa4, 0x6e, 0x7b, 0x2a, 0x5a, 0x06, 0x5a, 0x47,
	0x5a, 0x26, 0x5a, 0x26, 0x52, 0x06, 0x51, 0xe5, 0x51, 0xe5, 0x51, 0xe5, 0x51, 0xe5, 0x49, 0xe5,
	0x49, 0xc5, 0x49, 0xc5, 0x49, 0xc5, 0x49, 0xc5, 0x49, 0xc5, 0x49, 0xc5, 0x41, 0xa5, 0x41, 0xa4,
	0x41, 0xa4, 0x39, 0x84, 0x39, 0x64, 0x39, 0x63, 0x39, 0x63, 0x39, 0x63, 0x31, 0x63, 0x31, 0x63,
	0x29, 0x43, 0x29, 0x43, 0x21, 0x22, 0x20, 0xe2, 0x18, 0xe2, 0x18, 0xc2, 0x10, 0xc1, 0x10, 0xa1,
	0x08, 0xa1, 0x08, 0xa1, 0x08, 0xa1, 0x08, 0xa1, 0x10, 0xa1, 0x10, 0xc2, 0x10, 0xe2, 0x10, 0xc1,
	0x10, 0xc2, 0x10, 0xc2, 0x08, 0xa1, 0x08, 0xa2, 0x08, 0xa2, 0x08, 0xa2, 0x08, 0xa1, 0x10, 0xe3,
	0x08, 0x81, 0x08, 0xa1, 0x00, 0x40, 0x11, 0x03, 0x11, 0xc7, 0x19, 0x86, 0x08, 0xe3, 0x08, 0xc2,
	0x10, 0xa1, 0x19, 0x03, 0x10, 0xe3, 0x21, 0xe7, 0x21, 0xa6, 0x11, 0x24, 0x08, 0xc2, 0x08, 0xc2,
	0x39, 0x22, 0x28, 0xe2, 0x28, 0xc1, 0x31, 0x02, 0x39, 0x43, 0x39, 0x63, 0x39, 0x63, 0x39, 0x63,
	0x39, 0x63, 0x39, 0x62, 0x39, 0x62, 0x39, 0x62, 0x39, 0x83, 0x39, 0x63, 0x39, 0x62, 0x39, 0x42,
	0x39, 0x42, 0x39, 0x42, 0x39, 0x63, 0x41, 0x63, 0x39, 0x62, 0x29, 0x21, 0x18, 0xe0, 0x18, 0xe0,
	0x31, 0x42, 0x41, 0xa4, 0x49, 0xc4, 0x39, 0xa4, 0x39, 0xa4, 0x49, 0xe4, 0x52, 0x05, 0x49, 0xe4,
	0x41, 0xc4, 0x41, 0xc4, 0x49, 0xc5, 0x51, 0xe5, 0x52, 0x47, 0x5a, 0x88, 0x52, 0x88, 0x52, 0x67,
	0x52, 0x06, 0x51, 0xe5, 0x5a, 0x05, 0x39, 0x64, 0x29, 0x66, 0x29, 0x45, 0x39, 0xa6, 0x8c, 0x72,
	0xbe, 0x5a, 0x3a, 0x09, 0x10, 0x82, 0x18, 0xe4, 0x10, 0xa3, 0x8c, 0x71, 0xbd, 0xb5, 0x83, 0xad,
	0x6a, 0xa9, 0x72, 0xc9, 0x52, 0x26, 0x10, 0x60, 0x52, 0x05, 0x73, 0x09, 0x5a, 0x26, 0x62, 0x67,
	0x5a, 0x47, 0x5a, 0x26, 0x52, 0x06, 0x52, 0x06, 0x51, 0xe5, 0x51, 0xe5, 0x51, 0xe5, 0x49, 0xe5,
	0x49, 0xe5, 0x49, 0xc5, 0x49, 0xc5, 0x49, 0xa4, 0x49, 0xa4, 0x49, 0xa4, 0x41, 0xa4, 0x41, 0xa4,
	0x41, 0xa4, 0x41, 0x84, 0x41, 0x84, 0x39, 0x84, 0x39, 0x84, 0x39, 0x84, 0x39, 0x84, 0x31, 0x63,
	0x29, 0x43, 0x29, 0x43, 0x21, 0x02, 0x18, 0xe2, 0x18, 0xc2, 0x10, 0xc1, 0x10, 0xa1, 0x10, 0xa1,
	0x08, 0xa1, 0x08, 0xa1, 0x08, 0xa1, 0x08, 0xa1, 0x08, 0xa1, 0x10, 0xa1, 0x10, 0xc1, 0x10, 0xa1,
	0x10, 0xa2, 0x10, 0xc2, 0x08, 0xa1, 0x08, 0xa1, 0x08, 0xc2, 0x08, 0xe2, 0x08, 0xa2, 0x08, 0xc2,
	0x08, 0xa1, 0x08, 0x81, 0x08, 0x60, 0x08, 0xc2, 0x3a, 0x68, 0x3a, 0x26, 0x08, 0xa2, 0x08, 0x81,
	0x10, 0xa1, 0x10, 0xc2, 0x19, 0x65, 0x21, 0xa5, 0x11, 0x24, 0x08, 0xa2, 0x18, 0xe2, 0x10, 0xa2,
	0x31, 0x02, 0x28, 0xc1, 0x28, 0xe1, 0x31, 0x02, 0x39, 0x43, 0x39, 0x43, 0x39, 0x43, 0x39, 0x62,
	0x39, 0x62, 0x31, 0x62, 0x31, 0x62, 0x31, 0x62, 0x31, 0x62, 0x31, 0x42, 0x31, 0x42, 0x31, 0x42,
	0x39, 0x42, 0x39, 0x62, 0x41, 0x83, 0x49, 0xa3, 0x41, 0x83, 0x39, 0x83, 0x31, 0x62, 0x31, 0x62,
	0x41, 0xa3, 0x51, 0xe5, 0x51, 0xe5, 0x49, 0xe5, 0x49, 0xe5, 0x52, 0x05, 0x5a, 0x25, 0x52, 0x25,
	0x4a, 0x05, 0x49, 0xe5, 0x49, 0xe5, 0x52, 0x05, 0x5a, 0x26, 0x5a, 0x47, 0x5a, 0x47, 0x5a, 0x26,
	0x5a, 0x05, 0x5a, 0x05, 0x5a, 0x26, 0x31, 0x23, 0x18, 0xc3, 0x29, 0x86, 0x00, 0x20, 0x7b, 0xf0,
	0x84, 0x72, 0x08, 0x62, 0x08, 0x61, 0x08, 0x61, 0x10, 0x82, 0x6b, 0x6d, 0x9c, 0x90, 0x39, 0xa5,
	0x39, 0x64, 0x18, 0xa2, 0x31, 0x23, 0x18, 0x81, 0x39, 0x43, 0x62, 0x67, 0x62, 0x47, 0x62, 0x67,
	0x5a, 0x47, 0x5a, 0x26, 0x5a, 0x26, 0x52, 0x06, 0x51, 0xe5, 0x51, 0xe5, 0x49, 0xe5, 0x49, 0xe5,
	0x49, 0xc5, 0x49, 0xc5, 0x49, 0xa4, 0x49, 0xa4, 0x41, 0xa4, 0x41, 0xa4, 0x41, 0xa4, 0x41, 0xa4,
	0x41, 0xa4, 0x41, 0xa4, 0x41, 0xa4, 0x41, 0xa4, 0x41, 0xa4, 0x39, 0xa4, 0x39, 0x84, 0x31, 0x64,
	0x29, 0x63, 0x29, 0x23, 0x21, 0x03, 0x18, 0xe2, 0x18, 0xc2, 0x10, 0xa2, 0x10, 0xa1, 0x10, 0xa1,
	0x08, 0xa1, 0x08, 0xa1, 0x10, 0xa1, 0x08, 0xa1, 0x08, 0xa1, 0x10, 0xa1, 0x10, 0xa1, 0x08, 0xa1,
	0x10, 0xc2, 0x10, 0xa1, 0x08, 0xa1, 0x08, 0x81, 0x08, 0xc2, 0x08, 0xe2, 0x08, 0xa2, 0x08, 0xc2,
	0x08, 0xe3, 0x08, 0x61, 0x08, 0x40, 0x10, 0xe3, 0x42, 0x88, 0x19, 0x02, 0x31, 0x84, 0x21, 0x44,
	0x08, 0xa2, 0x08, 0x61, 0x08, 0xe2, 0x18, 0xe2, 0x10, 0xc2, 0x08, 0x81, 0x19, 0x02, 0x18, 0xe2,
	0x28, 0xc1, 0x20, 0xc1, 0x28, 0xe1, 0x31, 0x02, 0x39, 0x42, 0x39, 0x42, 0x31, 0x42, 0x31, 0x22,
	0x29, 0x21, 0x29, 0x01, 0x29, 0x01, 0x29, 0x21, 0x31, 0x41, 0x31, 0x42, 0x31, 0x42, 0x39, 0x62,
	0x41, 0x62, 0x41, 0xa3, 0x49, 0xc4, 0x49, 0xc4, 0x51, 0xe5, 0x51, 0xe5, 0x49, 0xe5, 0x51, 0xe5,
	0x52, 0x05, 0x5a, 0x26, 0x5a, 0x26, 0x5a, 0x26, 0x5a, 0x26, 0x5a, 0x26, 0x5a, 0x26, 0x52, 0x25,
	0x4a, 0x05, 0x49, 0xe5, 0x52, 0x05, 0x5a, 0x26, 0x5a, 0x26, 0x5a, 0x26, 0x5a, 0x26, 0x5a, 0x26,
	0x5a, 0x26, 0x5a, 0x26, 0x62, 0x46, 0x31, 0x23, 0x00, 0x00, 0x29, 0x45, 0x29, 0x25, 0x63, 0x2c,
	0x31, 0x86, 0x10, 0x82, 0x31, 0xa7, 0x29, 0x66, 0x10, 0x82, 0x39, 0x84, 0x41, 0xa3, 0x18, 0x81,
	0x08, 0x40, 0x08, 0x20, 0x29, 0x23, 0x10, 0x60, 0x28, 0xe1, 0x51, 0xe5, 0x62, 0x67, 0x5a, 0x47,
	0x5a, 0x46, 0x5a, 0x26, 0x52, 0x06, 0x52, 0x05, 0x51, 0xe5, 0x51, 0xe5, 0x51, 0xe5, 0x49, 0xc5,
	0x49, 0xc5, 0x49, 0xc4, 0x49, 0xa4, 0x49, 0xa4, 0x41, 0xa4, 0x41, 0xa4, 0x49, 0xa4, 0x49, 0xc4,
	0x49, 0xc4, 0x49, 0xa4, 0x49, 0xc5, 0x49, 0xc5, 0x41, 0xc5, 0x41, 0xa4, 0x39, 0xa4, 0x31, 0x84,
	0x29, 0x63, 0x29, 0x23, 0x21, 0x02, 0x18, 0xe2, 0x18, 0xc2, 0x10, 0xa2, 0x10, 0xa1, 0x08, 0xa1,
	0x08, 0xa1, 0x10, 0xa1, 0x10, 0xa1, 0x08, 0xa1, 0x10, 0xa1, 0x10, 0xa1, 0x10, 0xa1, 0x08, 0xa1,
	0x10, 0xa1, 0x10, 0xa1, 0x08, 0x81, 0x08, 0x81, 0x08, 0xa1, 0x08, 0xc2, 0x08, 0xa1, 0x08, 0xa2,
	0x09, 0x03, 0x08, 0x81, 0x08, 0x61, 0x10, 0xe3, 0x11, 0x03, 0x11, 0x66, 0x31, 0xa5, 0x31, 0xa5,
	0x09, 0x24, 0x00, 0x40, 0x18, 0xe2, 0x18, 0xc2, 0x10, 0xc1, 0x10, 0xc2, 0x21, 0x23, 0x19, 0x02,
	0x18, 0xa1, 0x20, 0xa1, 0x28, 0xe1, 0x31, 0x02, 0x31, 0x22, 0x31, 0x22, 0x29, 0x01, 0x20, 0xe1,
	0x20, 0xc1, 0x20, 0xe1, 0x20, 0xe1, 0x29, 0x01, 0x29, 0x21, 0x31, 0x42, 0x39, 0x62, 0x41, 0x83,
	0x49, 0xa3, 0x49, 0xc4, 0x51, 0xe5, 0x52, 0x05, 0x5a, 0x05, 0x5a, 0x26, 0x5a, 0x26, 0x5a, 0x26,
	0x5a, 0x26, 0x5a, 0x46, 0x5a, 0x46, 0x5a, 0x46, 0x5a, 0x46, 0x5a, 0x26, 0x5a, 0x26, 0x5a, 0x25,
	0x52, 0x05, 0x52, 0x05, 0x52, 0x05, 0x5a, 0x26, 0x5a, 0x46, 0x5a, 0x46, 0x5a, 0x46, 0x5a, 0x46,
	0x5a, 0x46, 0x62, 0x46, 0x62, 0x67, 0x49, 0xc5, 0x29, 0x23, 0x18, 0xc2, 0x10, 0xa2, 0x31, 0xa6,
	0x18, 0xc3, 0x42, 0x29, 0x63, 0x4e, 0x4a, 0x49, 0x18, 0xe4, 0x20, 0xc1, 0x39, 0x61, 0x10, 0x61,
	0x18, 0xa1, 0x20, 0xc2, 0x08, 0x40, 0x10, 0x40, 0x28, 0xc1, 0x5a, 0x26, 0x62, 0x67, 0x5a, 0x47,
	0x5a, 0x46, 0x5a, 0x26, 0x52, 0x06, 0x51, 0xe5, 0x51, 0xe5, 0x51, 0xe5, 0x51, 0xe5, 0x49, 0xc5,
	0x49, 0xc4, 0x49, 0xa4, 0x49, 0xa4, 0x49, 0xa4, 0x49, 0xa4, 0x49, 0xa4, 0x49, 0xa4, 0x49, 0xc4,
	0x49, 0xc5, 0x49, 0xc5, 0x49, 0xe5, 0x49, 0xc5, 0x49, 0xc5, 0x41, 0xc5, 0x39, 0xa4, 0x31, 0x84,
	0x29, 0x43, 0x29, 0x43, 0x21, 0x23, 0x18, 0xe2, 0x18, 0xc2, 0x10, 0xa2, 0x10, 0xa1, 0x10, 0xa1,
	0x08, 0xa1, 0x10, 0xa1, 0x10, 0xa1, 0x08, 0x81, 0x10, 0xa1, 0x10, 0xa1, 0x10, 0xa1, 0x10, 0xa1,
	0x08, 0xa1, 0x08, 0xa1, 0x08, 0x81, 0x08, 0x81, 0x08, 0x81, 0x08, 0xa1, 0x08, 0xa1, 0x08, 0xa2,
	0x08, 0x81, 0x08, 0xc2, 0x10, 0xe3, 0x08, 0x81, 0x08, 0x61, 0x21, 0xc7, 0x29, 0x85, 0x21, 0x23,
	0x08, 0xc2, 0x08, 0x81, 0x18, 0xe2, 0x10, 0xc2, 0x10, 0xc1, 0x10, 0xe2, 0x19, 0x23, 0x10, 0xc1,
	0x18, 0x80, 0x18, 0xa1, 0x28, 0xc1, 0x28, 0xe1, 0x31, 0x02, 0x28, 0xe1, 0x28, 0xe1, 0x20, 0xc1,
	0x20, 0xe1, 0x20, 0xe1, 0x29, 0x01, 0x29, 0x01, 0x31, 0x41, 0x39, 0x62, 0x41, 0xa3, 0x49, 0xc3,
	0x51, 0xe4, 0x52, 0x05, 0x52, 0x05, 0x5a, 0x25, 0x5a, 0x26, 0x5a, 0x26, 0x5a, 0x26, 0x5a, 0x26,
	0x5a, 0x26, 0x5a, 0x46, 0x62, 0x46, 0x5a, 0x46, 0x5a, 0x46, 0x5a, 0x26, 0x5a, 0x26, 0x5a, 0x26,
	0x5a, 0x25, 0x5a, 0x25, 0x5a, 0x26, 0x5a, 0x46, 0x5a, 0x46, 0x62, 0x46, 0x62, 0x46, 0x62, 0x66,
	0x62, 0x67, 0x5a, 0x46, 0x52, 0x26, 0x41, 0xa5, 0x29, 0x22, 0x31, 0x63, 0x29, 0x22, 0x29, 0x23,
	0x18, 0xe4, 0x63, 0x4e, 0x7b, 0xf0, 0x4a, 0x69, 0x00, 0x41, 0x20, 0xc1, 0x31, 0x21, 0x08, 0x40,
	0x10, 0x61, 0x08, 0x20, 0x08, 0x20, 0x08, 0x40, 0x20, 0xa1, 0x5a, 0x47, 0x62, 0x67, 0x5a, 0x47,
	0x5a, 0x26, 0x5a, 0x26, 0x52, 0x06, 0x51, 0xe5, 0x51, 0xe5, 0x51, 0xe5, 0x51, 0xc5, 0x49, 0xc4,
	0x49, 0xa4, 0x49, 0xa4, 0x49, 0xa4, 0x49, 0xa4, 0x49, 0xa4, 0x49, 0xc4, 0x49, 0xc5, 0x49, 0xc5,
	0x49, 0xe5, 0x49, 0xe5, 0x49, 0xe5, 0x49, 0xe5, 0x49, 0xe5, 0x41, 0xc5, 0x39, 0xa4, 0x39, 0x84,
	0x31, 0x64, 0x29, 0x44, 0x21, 0x23, 0x21, 0x02, 0x18, 0xc2, 0x10, 0xc2, 0x10, 0xa1, 0x10, 0xa1,
	0x08, 0x81, 0x10, 0xa1, 0x10, 0xa1, 0x10, 0xa1, 0x10, 0xa1, 0x10, 0x81, 0x10, 0x81, 0x10, 0xa1,
	0x08, 0xa1, 0x08, 0xa1, 0x08, 0xa1, 0x08, 0x81, 0x08, 0x81, 0x08, 0xa1, 0x08, 0xc2, 0x08, 0xa2,
	0x08, 0x61, 0x08, 0xa2, 0x08, 0xe3, 0x00, 0x41, 0x08, 0xa2, 0x19, 0xc7, 0x29, 0x85, 0x10, 0xa1,
	0x11, 0x86, 0x19, 0x23, 0x10, 0xe3, 0x19, 0x03, 0x18, 0xc2, 0x10, 0xc2, 0x18, 0xe2, 0x10, 0xa1,
	0x18, 0x60, 0x18, 0x80, 0x20, 0xa1, 0x28, 0xc1, 0x28, 0xe1, 0x28, 0xe1, 0x28, 0xe1, 0x28, 0xe1,
	0x29, 0x02, 0x31, 0x01, 0x31, 0x21, 0x31, 0x22, 0x39, 0x62, 0x41, 0xa3, 0x49, 0xc4, 0x51, 0xe4,
	0x52, 0x05, 0x5a, 0x26, 0x5a, 0x26, 0x5a, 0x26, 0x5a, 0x26, 0x5a, 0x26, 0x5a, 0x26, 0x5a, 0x26,
	0x5a, 0x26, 0x5a, 0x26, 0x5a, 0x46, 0x5a, 0x46, 0x5a, 0x26, 0x5a, 0x26, 0x5a, 0x26, 0x5a, 0x26,
	0x5a, 0x26, 0x5a, 0x26, 0x5a, 0x46, 0x5a, 0x46, 0x62, 0x46, 0x62, 0x66, 0x62, 0x67, 0x62, 0x67,
	0x62, 0x87, 0x5a, 0x46, 0x4a, 0x06, 0x52, 0x48, 0x39, 0x43, 0x31, 0x83, 0x29, 0x63, 0x39, 0xa4,
	0x39, 0xc8, 0x73, 0xf1, 0x84, 0x31, 0x42, 0x28, 0x29, 0x23, 0x41, 0xc3, 0x39, 0xa2, 0x18, 0xa1,
	0x08, 0x20, 0x08, 0x20, 0x08, 0x40, 0x08, 0x40, 0x28, 0xe2, 0x62, 0x67, 0x62, 0x67, 0x5a, 0x46,
	0x5a, 0x26, 0x5a, 0x26, 0x52, 0x05, 0x51, 0xe5, 0x51, 0xe5, 0x51, 0xc5, 0x49, 0xc5, 0x49, 0xa4,
	0x49, 0xa4, 0x49, 0xa4, 0x49, 0xa4, 0x49, 0xa4, 0x49, 0xc4, 0x49, 0xc5, 0x49, 0xc5, 0x49, 0xe5,
	0x51, 0xe5, 0x52, 0x05, 0x4a, 0x05, 0x4a, 0x05, 0x4a, 0x05, 0x49, 0xe5, 0x41, 0xc5, 0x39, 0x84,
	0x31, 0x64, 0x29, 0x64, 0x21, 0x23, 0x19, 0x03, 0x18, 0xc2, 0x10, 0xc2, 0x10, 0xa2, 0x10, 0x81,
	0x08, 0x81, 0x10, 0xa1, 0x10, 0xa1, 0x10, 0xa1, 0x10, 0xa1, 0x10, 0x81, 0x10, 0x81, 0x08, 0x81,
	0x08, 0xa1, 0x08, 0xa1, 0x08, 0xa1, 0x08, 0xa1, 0x08, 0x81, 0x08, 0x81, 0x08, 0xe3, 0x08, 0xc2,
	0x08, 0x61, 0x08, 0x61, 0x10, 0xe3, 0x00, 0x61, 0x19, 0x24, 0x2a, 0x49, 0x19, 0x23, 0x10, 0xa1,
	0x21, 0xe7, 0x09, 0x45, 0x08, 0xc3, 0x10, 0xc2, 0x21, 0x03, 0x10, 0xa1, 0x10, 0xc1, 0x10, 0xa1,
	0x18, 0x60, 0x18, 0x80, 0x20, 0xa1, 0x20, 0xa1, 0x20, 0xc1, 0x28, 0xe1, 0x28, 0xe1, 0x31, 0x02,
	0x31, 0x22, 0x39, 0x42, 0x39, 0x42, 0x39, 0x42, 0x39, 0x63, 0x49, 0xa4, 0x51, 0xe4, 0x52, 0x05,
	0x5a, 0x26, 0x5a, 0x26, 0x5a, 0x26, 0x5a, 0x26, 0x5a, 0x26, 0x5a, 0x26, 0x5a, 0x26, 0x5a, 0x05,
	0x5a, 0x06, 0x5a, 0x26, 0x5a, 0x26, 0x5a, 0x46, 0x5a, 0x26, 0x5a, 0x26, 0x5a, 0x26, 0x5a, 0x26,
	0x5a, 0x26, 0x5a, 0x26, 0x5a, 0x26, 0x5a, 0x46, 0x62, 0x46, 0x62, 0x67, 0x62, 0x67, 0x62, 0x67,
	0x62, 0x67, 0x6a, 0x87, 0x62, 0x88, 0x62, 0xeb, 0x4a, 0x27, 0x39, 0x22, 0x31, 0x43, 0x29, 0x22,
	0x31, 0xa6, 0x8c, 0xb4, 0x94, 0x51, 0x5a, 0xa8, 0x5a, 0xa6, 0x52, 0x44, 0x4a, 0x04, 0x41, 0xe3,
	0x29, 0x02, 0x10, 0x61, 0x08, 0x40, 0x10, 0x60, 0x39, 0x63, 0x6a, 0x88, 0x62, 0x67, 0x62, 0x67,
	0x62, 0x47, 0x5a, 0x26, 0x5a, 0x06, 0x52, 0x05, 0x51, 0xe5, 0x51, 0xe5, 0x49, 0xc5, 0x49, 0xc4,
	0x49, 0xa4, 0x49, 0xa4, 0x49, 0xa4, 0x49, 0xc5, 0x49, 0xc5, 0x49, 0xc5, 0x49, 0xe5, 0x51, 0xe5,
	0x52, 0x06, 0x52, 0x06, 0x52, 0x06, 0x4a, 0x05, 0x4a, 0x06, 0x49, 0xe5, 0x41, 0xc5, 0x39, 0xa4,
	0x31, 0x84, 0x29, 0x43, 0x21, 0x23, 0x19, 0x03, 0x18, 0xc2, 0x10, 0xc2, 0x10, 0xa1, 0x08, 0xa1,
	0x08, 0x81, 0x10, 0xa1, 0x10, 0xa1, 0x10, 0xa1, 0x10, 0xa1, 0x10, 0xa1, 0x10, 0x81, 0x10, 0x81,
	0x10, 0xa1, 0x08, 0xa1, 0x08, 0xa1, 0x08, 0xa2, 0x08, 0x81, 0x08, 0x81, 0x08, 0xc2, 0x08, 0xa1,
	0x10, 0xa1, 0x10, 0xa2, 0x10, 0xc3, 0x00, 0x81, 0x08, 0xc3, 0x22, 0x08, 0x08, 0xa2, 0x21, 0x03,
	0x19, 0x44, 0x08, 0xa2, 0x21, 0x86, 0x10, 0xc2, 0x19, 0x24, 0x10, 0xc2, 0x08, 0x81, 0x10, 0xa1,
	0x18, 0x80, 0x20, 0xa1, 0x28, 0xc1, 0x28, 0xe1, 0x31, 0x02, 0x31, 0x22, 0x31, 0x22, 0x39, 0x22,
	0x39, 0x43, 0x39, 0x43, 0x39, 0x43, 0x39, 0x43, 0x41, 0x83, 0x49, 0xc4, 0x51, 0xc4, 0x51, 0xe5,
	0x5a, 0x05, 0x5a, 0x26, 0x5a, 0x26, 0x5a, 0x26, 0x5a, 0x26, 0x5a, 0x06, 0x52, 0x05, 0x51, 0xe5,
	0x52, 0x05, 0x52, 0x05, 0x5a, 0x26, 0x5a, 0x26, 0x5a, 0x06, 0x5a, 0x26, 0x5a, 0x06, 0x5a, 0x05,
	0x52, 0x05, 0x5a, 0x26, 0x5a, 0x26, 0x5a, 0x46, 0x62, 0x46, 0x62, 0x67, 0x62, 0x67, 0x62, 0x87,
	0x6a, 0x87, 0x6a, 0xa7, 0x6a, 0xc8, 0x4a, 0x07, 0x5a, 0xc9, 0x6b, 0x2a, 0x5a, 0xe9, 0x39, 0xc5,
	0x4a, 0x69, 0x7c, 0x10, 0x94, 0x0f, 0x49, 0xe5, 0x49, 0xe3, 0x52, 0x24, 0x49, 0xe3, 0x4a, 0x03,
	0x39, 0x63, 0x18, 0xa2, 0x18, 0xc2, 0x20, 0xc2, 0x49, 0xe6, 0x62, 0x67, 0x62, 0x68, 0x62, 0x88,
	0x62, 0x67, 0x62, 0x46, 0x5a, 0x26, 0x5a, 0x06, 0x52, 0x05, 0x51, 0xe5, 0x49, 0xe5, 0x49, 0xc5,
	0x49, 0xc5, 0x49, 0xa5, 0x49, 0xc5, 0x49, 0xc5, 0x49, 0xc5, 0x49, 0xc5, 0x49, 0xe5, 0x52, 0x06,
	0x52, 0x06, 0x52, 0x26, 0x52, 0x06, 0x4a, 0x05, 0x4a, 0x05, 0x4a, 0x05, 0x41, 0xe5, 0x39, 0xc4,
	0x31, 0x84, 0x29, 0x43, 0x21, 0x23, 0x18, 0xe2, 0x18, 0xc2, 0x10, 0xc2, 0x10, 0xa1, 0x10, 0x81,
	0x08, 0x81, 0x08, 0xa1, 0x10, 0xa1, 0x10, 0xc2, 0x10, 0xc2, 0x10, 0xa1, 0x10, 0xa1, 0x10, 0xa1,
	0x10, 0xa1, 0x08, 0xa1, 0x08, 0xa1, 0x08, 0xc2, 0x08, 0xa2, 0x08, 0x81, 0x08, 0xa1, 0x08, 0x81,
	0x11, 0x03, 0x11, 0x86, 0x00, 0x82, 0x00, 0x40, 0x21, 0xc7, 0x19, 0x86, 0x08, 0x81, 0x29, 0x44,
	0x10, 0xc2, 0x18, 0xe2, 0x22, 0x07, 0x11, 0x24, 0x00, 0x81, 0x08, 0x81, 0x08, 0x61, 0x10, 0xc2,
	0x28, 0xe1, 0x31, 0x01, 0x31, 0x02, 0x31, 0x02, 0x39, 0x22, 0x39, 0x22, 0x39, 0x22, 0x39, 0x43,
	0x39, 0x43, 0x39, 0x43, 0x41, 0x63, 0x49, 0xa3, 0x49, 0xa4, 0x49, 0xa4, 0x49, 0xc4, 0x51, 0xe4,
	0x52, 0x05, 0x5a, 0x05, 0x5a, 0x26, 0x52, 0x05, 0x52, 0x05, 0x52, 0x05, 0x51, 0xe5, 0x52, 0x05,
	0x52, 0x05, 0x5a, 0x05, 0x5a, 0x25, 0x52, 0x05, 0x52, 0x05, 0x5a, 0x06, 0x52, 0x05, 0x52, 0x05,
	0x52, 0x05, 0x5a, 0x26, 0x5a, 0x26, 0x5a, 0x26, 0x62, 0x46, 0x62, 0x66, 0x62, 0x67, 0x6a, 0x87,
	0x6a, 0x87, 0x6a, 0xa7, 0x6a, 0xa7, 0x08, 0x40, 0x10, 0x61, 0x5a, 0xa8, 0x73, 0xac, 0x4a, 0x68,
	0x52, 0x8a, 0x4a, 0x49, 0x41, 0xe6, 0x39, 0x64, 0x41, 0xa4, 0x5a, 0x87, 0x73, 0x4a, 0x7b, 0x6b,
	0x29, 0x22, 0x08, 0x20, 0x08, 0x40, 0x10, 0x60, 0x52, 0x05, 0x6a, 0x87, 0x62, 0x67, 0x62, 0x67,
	0x62, 0x47, 0x5a, 0x47, 0x5a, 0x26, 0x5a, 0x06, 0x52, 0x06, 0x51, 0xe5, 0x51, 0xe5, 0x49, 0xe5,
	0x49, 0xc5, 0x49, 0xc5, 0x49, 0xc5, 0x49, 0xe5, 0x49, 0xe5, 0x51, 0xe5, 0x52, 0x06, 0x52, 0x06,
	0x52, 0x26, 0x52, 0x26, 0x52, 0x26, 0x4a, 0x06, 0x4a, 0x05, 0x4a, 0x05, 0x41, 0xe5, 0x41, 0xc4,
	0x31, 0x84, 0x29, 0x43, 0x21, 0x23, 0x18, 0xe2, 0x18, 0xc2, 0x10, 0xa2, 0x10, 0xa1, 0x10, 0x81,
	0x08, 0x81, 0x10, 0xa1, 0x10, 0xa1, 0x10, 0xc2, 0x10, 0xc2, 0x10, 0xc2, 0x10, 0xa1, 0x10, 0xa1,
	0x10, 0xc2, 0x10, 0xa1, 0x08, 0xa2, 0x08, 0xc2, 0x08, 0xc2, 0x08, 0xa1, 0x10, 0xe2, 0x08, 0xa1,
	0x10, 0xe3, 0x00, 0xa2, 0x08, 0x40, 0x00, 0xa2, 0x11, 0x65, 0x21, 0x44, 0x10, 0xa2, 0x18, 0xe2,
	0x09, 0x04, 0x19, 0x44, 0x11, 0x24, 0x09, 0x24, 0x11, 0x03, 0x10, 0xa1, 0x10, 0xa1, 0x11, 0x45,
	0x31, 0x01, 0x31, 0x01, 0x31, 0x01, 0x31, 0x01, 0x39, 0x22, 0x39, 0x22, 0x39, 0x42, 0x41, 0x63,
	0x41, 0x63, 0x49, 0x83, 0x49, 0xa3, 0x49, 0xa3, 0x49, 0xa3, 0x49, 0xa3, 0x49, 0xa3, 0x51, 0xc4,
	0x51, 0xe5, 0x51, 0xe5, 0x52, 0x05, 0x51, 0xe5, 0x51, 0xe5, 0x51, 0xe5, 0x51, 0xe5, 0x51, 0xe5,
	0x52, 0x05, 0x5a, 0x05, 0x5a, 0x05, 0x52, 0x05, 0x5a, 0x06, 0x5a, 0x26, 0x5a, 0x06, 0x52, 0x06,
	0x52, 0x06, 0x5a, 0x26, 0x5a, 0x26, 0x5a, 0x26, 0x5a, 0x46, 0x62, 0x46, 0x62, 0x87, 0x6a, 0x87,
	0x6a, 0x87, 0x6a, 0xa7, 0x5a, 0x46, 0x20, 0xe3, 0x5b, 0x0b, 0x9d, 0x33, 0x9d, 0x54, 0xad, 0xd6,
	0x6b, 0xae, 0x39, 0xc7, 0x18, 0xa1, 0x20, 0xc2, 0x31, 0x23, 0x52, 0x67, 0x73, 0xcc, 0x5a, 0xe9,
	0x18, 0xc1, 0x08, 0x40, 0x08, 0x40, 0x18, 0xa1, 0x62, 0x47, 0x6a, 0x87, 0x62, 0x67, 0x62, 0x67,
	0x62, 0x67, 0x62, 0x67, 0x5a, 0x47, 0x5a, 0x26, 0x52, 0x06, 0x52, 0x06, 0x51, 0xe6, 0x51, 0xe5,
	0x49, 0xe5, 0x49, 0xe5, 0x49, 0xe5, 0x49, 0xe5, 0x52, 0x06, 0x52, 0x06, 0x52, 0x06, 0x52, 0x06,
	0x52, 0x26, 0x52, 0x26, 0x52, 0x26, 0x52, 0x06, 0x4a, 0x06, 0x4a, 0x05, 0x41, 0xe5, 0x39, 0xc4,
	0x31, 0x84, 0x29, 0x43, 0x21, 0x23, 0x18, 0xe3, 0x18, 0xc2, 0x10, 0xa2, 0x10, 0xa1, 0x08, 0x81,
	0x08, 0x81, 0x10, 0xa1, 0x10, 0xa1, 0x10, 0xc2, 0x18, 0xc2, 0x10, 0xc2, 0x10, 0xa1, 0x10, 0xa1,
	0x10, 0xc2, 0x10, 0xa1, 0x08, 0xa1, 0x08, 0xa2, 0x08, 0xc2, 0x08, 0xa1, 0x11, 0x03, 0x11, 0x03,
	0x08, 0x61, 0x08, 0x61, 0x08, 0xe3, 0x00, 0xc3, 0x08, 0x81, 0x29, 0x64, 0x10, 0xa2, 0x10, 0xa1,
	0x19, 0xa6, 0x19, 0x44, 0x10, 0xa1, 0x21, 0x85, 0x29, 0xc6, 0x19, 0x44, 0x18, 0xe2, 0x10, 0xc2,
	0x20, 0xc1, 0x28, 0xc1, 0x30, 0xe1, 0x31, 0x01, 0x39, 0x21, 0x39, 0x22, 0x39, 0x42, 0x41, 0x62,
	0x41, 0x83, 0x49, 0x83, 0x49, 0x83, 0x49, 0x83, 0x49, 0x83, 0x49, 0x83, 0x49, 0xa3, 0x49, 0xc4,
	0x49, 0xc4, 0x49, 0xc4, 0x51, 0xe5, 0x51, 0xe5, 0x51, 0xe5, 0x51, 0xe5, 0x51, 0xe5, 0x51, 0xe5,
	0x52, 0x05, 0x5a, 0x05, 0x5a, 0x05, 0x5a, 0x26, 0x5a, 0x26, 0x5a, 0x26, 0x5a, 0x26, 0x5a, 0x26,
	0x5a, 0x26, 0x5a, 0x26, 0x5a, 0x26, 0x5a, 0x26, 0x5a, 0x46, 0x62, 0x46, 0x62, 0x67, 0x62, 0x67,
	0x62, 0x67, 0x62, 0x67, 0x39, 0x63, 0x52, 0x48, 0x5a, 0xca, 0x4a, 0x26, 0x52, 0x46, 0x52, 0x66,
	0x52, 0x68, 0x29, 0x03, 0x10, 0x40, 0x20, 0xc2, 0x31, 0x84, 0x7b, 0xcd, 0x5a, 0xe8, 0x31, 0xa3,
	0x39, 0xa3, 0x10, 0x61, 0x08, 0x20, 0x20, 0xc2, 0x62, 0x87, 0x62, 0x67, 0x62, 0x67, 0x62, 0x67,
	0x62, 0x47, 0x5a, 0x47, 0x5a, 0x26, 0x5a, 0x26, 0x52, 0x26, 0x52, 0x06, 0x52, 0x06, 0x52, 0x06,
	0x49, 0xe5, 0x49, 0xe5, 0x51, 0xe5, 0x52, 0x06, 0x52, 0x06, 0x52, 0x26, 0x52, 0x06, 0x52, 0x06,
	0x52, 0x06, 0x52, 0x06, 0x52, 0x06, 0x4a, 0x06, 0x4a, 0x06, 0x4a, 0x06, 0x41, 0xe5, 0x39, 0xa4,
	0x31, 0x84, 0x29, 0x43, 0x21, 0x23, 0x19, 0x02, 0x10, 0xc2, 0x10, 0xa1, 0x10, 0x81, 0x08, 0x81,
	0x08, 0x81, 0x08, 0xa1, 0x10, 0xa1, 0x10, 0xc1, 0x18, 0xc1, 0x18, 0xc2, 0x10, 0xc2, 0x10, 0xc1,
	0x10, 0xa2, 0x08, 0xa1, 0x08, 0x81, 0x08, 0x81, 0x08, 0xc2, 0x08, 0xa2, 0x11, 0x23, 0x11, 0x24,
	0x08, 0x81, 0x10, 0xe3, 0x00, 0x81, 0x09, 0x25, 0x11, 0x66, 0x11, 0x03, 0x08, 0x60, 0x08, 0xc2,
	0x19, 0xc6, 0x10, 0xe2, 0x19, 0x02, 0x29, 0xc6, 0x29, 0xc6, 0x11, 0x03, 0x10, 0xc2, 0x08, 0x81,
	0x28, 0xc1, 0x30, 0xe1, 0x31, 0x01, 0x39, 0x01, 0x39, 0x21, 0x39, 0x21, 0x39, 0x42, 0x41, 0x62,
	0x49, 0x83, 0x49, 0x83, 0x49, 0x83, 0x49, 0x83, 0x49, 0x83, 0x49, 0x83, 0x49, 0x83, 0x49, 0xa4,
	0x49, 0xa4, 0x49, 0xc4, 0x51, 0xc5, 0x51, 0xe5, 0x51, 0xe5, 0x51, 0xe5, 0x51, 0xe5, 0x52, 0x05,
	0x52, 0x05, 0x5a, 0x05, 0x5a, 0x26, 0x5a, 0x26, 0x5a, 0x26, 0x5a, 0x26, 0x5a, 0x26, 0x5a, 0x06,
	0x52, 0x06, 0x5a, 0x06, 0x5a, 0x26, 0x5a, 0x26, 0x5a, 0x26, 0x5a, 0x26, 0x5a, 0x46, 0x62, 0x46,
	0x62, 0x66, 0x6a, 0x87, 0x39, 0x85, 0x10, 0x61, 0x31, 0x23, 0x31, 0x02, 0x20, 0xc1, 0x18, 0x80,
	0x20, 0xc1, 0x20, 0xc2, 0x41, 0xa4, 0x52, 0x47, 0x4a, 0x27, 0x52, 0x68, 0x39, 0xa4, 0x52, 0x86,
	0x4a, 0x46, 0x10, 0x60, 0x08, 0x20, 0x31, 0x43, 0x6a, 0xa8, 0x62, 0x67, 0x62, 0x67, 0x62, 0x67,
	0x62, 0x67, 0x5a, 0x47, 0x5a, 0x46, 0x5a, 0x26, 0x52, 0x26, 0x52, 0x26, 0x52, 0x06, 0x52, 0x06,
	0x52, 0x06, 0x52, 0x06, 0x52, 0x06, 0x52, 0x06, 0x52, 0x26, 0x52, 0x26, 0x52, 0x06, 0x52, 0x06,
	0x52, 0x06, 0x4a, 0x06, 0x4a, 0x06, 0x4a, 0x06, 0x4a, 0x06, 0x4a, 0x05, 0x41, 0xc5, 0x39, 0xa4,
	0x31, 0x64, 0x29, 0x43, 0x29, 0x23, 0x19, 0x03, 0x10, 0xc2, 0x10, 0x81, 0x08, 0x81, 0x08, 0x81,
	0x08, 0x81, 0x10, 0xa1, 0x10, 0xc1, 0x18, 0xc2, 0x18, 0xc1, 0x18, 0xc1, 0x10, 0xc1, 0x10, 0xa1,
	0x08, 0xa1, 0x08, 0xa1, 0x08, 0x81, 0x08, 0x81, 0x08, 0xc2, 0x08, 0xc2, 0x11, 0x03, 0x11, 0x03,
	0x08, 0x81, 0x08, 0xe3, 0x00, 0x20, 0x11, 0x66, 0x19, 0xe8, 0x19, 0x86, 0x10, 0xc2, 0x08, 0x81,
	0x10, 0xe2, 0x11, 0x03, 0x21, 0x64, 0x29, 0xc6, 0x21, 0x85, 0x11, 0x03, 0x21, 0x64, 0x08, 0x81,
	0x31, 0x01, 0x31, 0x01, 0x39, 0x21, 0x39, 0x21, 0x39, 0x22, 0x41, 0x42, 0x41, 0x62, 0x49, 0x83,
	0x49, 0x83, 0x49, 0xa3, 0x49, 0xa3, 0x49, 0xa3, 0x49, 0x83, 0x49, 0x83, 0x49, 0xa3, 0x49, 0xa4,
	0x49, 0xa4, 0x49, 0xa4, 0x51, 0xc4, 0x51, 0xe5, 0x51, 0xe5, 0x51, 0xe5, 0x52, 0x05, 0x5a, 0x05,
	0x5a, 0x25, 0x5a, 0x26, 0x5a, 0x26, 0x5a, 0x26, 0x5a, 0x26, 0x5a, 0x06, 0x5a, 0x06, 0x52, 0x05,
	0x52, 0x05, 0x52, 0x06, 0x52, 0x06, 0x52, 0x05, 0x52, 0x05, 0x5a, 0x05, 0x5a, 0x26, 0x5a, 0x46,
	0x62, 0x66, 0x62, 0x66, 0x73, 0x8d, 0x73, 0xae, 0x62, 0xe9, 0x31, 0x21, 0x29, 0x01, 0x31, 0x21,
	0x20, 0xc1, 0x18, 0x80, 0x52, 0x67, 0x84, 0x2e, 0x41, 0xc6, 0x10, 0x81, 0x08, 0x60, 0x29, 0x63,
	0x10, 0xa1, 0x08, 0x20, 0x08, 0x20, 0x52, 0x06, 0x6a, 0xa8, 0x62, 0x87, 0x62, 0x87, 0x62, 0x87,
	0x62, 0x67, 0x5a, 0x67, 0x5a, 0x47, 0x5a, 0x47, 0x5a, 0x26, 0x52, 0x26, 0x52, 0x06, 0x52, 0x06,
	0x52, 0x06, 0x52, 0x06, 0x52, 0x26, 0x52, 0x26, 0x52, 0x26, 0x52, 0x06, 0x52, 0x06, 0x52, 0x06,
	0x52, 0x06, 0x4a, 0x06, 0x49, 0xe6, 0x49, 0xe5, 0x49, 0xe5, 0x41, 0xe5, 0x41, 0xc4, 0x39, 0xa4,
	0x31, 0x64, 0x31, 0x43, 0x29, 0x23, 0x21, 0x03, 0x10, 0xc2, 0x10, 0x81, 0x08, 0x81, 0x08, 0x81,
	0x08, 0x81, 0x10, 0xa1, 0x10, 0xa2, 0x18, 0xe2, 0x18, 0xe2, 0x18, 0xc1, 0x18, 0xc1, 0x10, 0xa1,
	0x08, 0xa1, 0x08, 0xa1, 0x08, 0x81, 0x08, 0xa1, 0x08, 0xc2, 0x08, 0xc2, 0x19, 0x02, 0x10, 0xe2,
	0x08, 0x81, 0x08, 0x81, 0x08, 0x20, 0x09, 0x45, 0x19, 0x86, 0x19, 0xa6, 0x00, 0xc3, 0x08, 0x81,
	0x10, 0xc2, 0x11, 0x44, 0x21, 0x63, 0x21, 0xc7, 0x19, 0x24, 0x10, 0xe3, 0x19, 0x86, 0x08, 0xe3,
	0x39, 0x22, 0x39, 0x42, 0x41, 0x42, 0x41, 0x42, 0x41, 0x62, 0x49, 0x63, 0x49, 0x83, 0x49, 0xa3,
	0x51, 0xa3, 0x51, 0xc4, 0x51, 0xc4, 0x51, 0xa4, 0x49, 0xa3, 0x49, 0xa4, 0x49, 0xa4, 0x49, 0xa4,
	0x49, 0xa4, 0x49, 0xa4, 0x49, 0xc4, 0x51, 0xc4, 0x51, 0xe5, 0x52, 0x05, 0x5a, 0x05, 0x5a, 0x26,
	0x5a, 0x26, 0x5a, 0x26, 0x5a, 0x26, 0x5a, 0x26, 0x5a, 0x26, 0x5a, 0x26, 0x5a, 0x26, 0x5a, 0x26,
	0x52, 0x05, 0x52, 0x05, 0x51, 0xe5, 0x52, 0x05, 0x52, 0x05, 0x52, 0x05, 0x5a, 0x05, 0x5a, 0x46,
	0x62, 0x67, 0x6a, 0xa8, 0x84, 0x31, 0x95, 0x15, 0x7c, 0x30, 0x31, 0x85, 0x10, 0x40, 0x18, 0x80,
	0x18, 0xa1, 0x28, 0xe1, 0x18, 0x81, 0x10, 0x81, 0x10, 0x61, 0x08, 0x41, 0x00, 0x20, 0x00, 0x00,
	0x00, 0x00, 0x00, 0x00, 0x18, 0xc1, 0x6a, 0xc8, 0x6a, 0xa8, 0x6a, 0xa8, 0x6a, 0x88, 0x62, 0x87,
	0x62, 0x87, 0x5a, 0x67, 0x5a, 0x47, 0x5a, 0x47, 0x5a, 0x26, 0x52, 0x26, 0x52, 0x06, 0x52, 0x06,
	0x52, 0x06, 0x52, 0x06, 0x52, 0x26, 0x52, 0x26, 0x52, 0x26, 0x52, 0x26, 0x52, 0x26, 0x52, 0x26,
	0x52, 0x06, 0x49, 0xe6, 0x49, 0xe5, 0x49, 0xc5, 0x41, 0xc4, 0x41, 0xc4, 0x41, 0xc4, 0x39, 0xa4,
	0x31, 0x64, 0x29, 0x43, 0x21, 0x23, 0x18, 0xe2, 0x10, 0xa2, 0x10, 0xa1, 0x10, 0x81, 0x08, 0x81,
	0x08, 0x81, 0x10, 0xa1, 0x10, 0xc2, 0x18, 0xe2, 0x18, 0xe2, 0x18, 0xe2, 0x18, 0xc1, 0x10, 0xa1,
	0x08, 0xa1, 0x08, 0xa1, 0x08, 0xa1, 0x08, 0xa2, 0x08, 0xc2, 0x11, 0x03, 0x11, 0x03, 0x08, 0xc2,
	0x08, 0x61, 0x08, 0xa2, 0x08, 0xc2, 0x09, 0x45, 0x19, 0x85, 0x08, 0xc2, 0x10, 0xa2, 0x08, 0x81,
	0x08, 0xa1, 0x10, 0xe2, 0x21, 0x43, 0x21, 0xc7, 0x08, 0xc2, 0x08, 0xa1, 0x19, 0x03, 0x11, 0x04,
	0x41, 0x63, 0x41, 0x63, 0x49, 0x83, 0x49, 0x83, 0x49, 0xa3, 0x49, 0xa3, 0x51, 0xc4, 0x51, 0xc4,
	0x51, 0xe4, 0x51, 0xe4, 0x51, 0xc4, 0x51, 0xc4, 0x51, 0xc4, 0x51, 0xc4, 0x51, 0xc4, 0x49, 0xc4,
	0x49, 0xc4, 0x49, 0xa4, 0x49, 0xa4, 0x49, 0xc4, 0x51, 0xe5, 0x52, 0x05, 0x5a, 0x26, 0x5a, 0x26,
	0x5a, 0x26, 0x5a, 0x26, 0x5a, 0x26, 0x5a, 0x25, 0x5a, 0x05, 0x5a, 0x05, 0x5a, 0x05, 0x52, 0x05,
	0x52, 0x05, 0x51, 0xe5, 0x51, 0xe5, 0x51, 0xe5, 0x49, 0xe5, 0x51, 0xe5, 0x5a, 0x06, 0x5a, 0x46,
	0x62, 0x67, 0x6a, 0xc9, 0x7c, 0x31, 0x94, 0xf4, 0xa5, 0xb8, 0x95, 0x36, 0x4a, 0x8a, 0x10, 0x82,
	0x00, 0x00, 0x18, 0x81, 0x08, 0x40, 0x00, 0x00, 0x00, 0x00, 0x00, 0x20, 0x08, 0x40, 0x20, 0xe2,
	0x31, 0x63, 0x39, 0x63, 0x73, 0x29, 0x73, 0x09, 0x62, 0xa8, 0x6a, 0xa8, 0x6a, 0xa8, 0x62, 0x88,
	0x62, 0x88, 0x62, 0x87, 0x62, 0x67, 0x5a, 0x67, 0x5a, 0x47, 0x52, 0x26, 0x52, 0x06, 0x52, 0x06,
	0x52, 0x06, 0x52, 0x06, 0x52, 0x26, 0x5a, 0x26, 0x5a, 0x26, 0x5a, 0x26, 0x52, 0x26, 0x52, 0x26,
	0x52, 0x06, 0x49, 0xe5, 0x49, 0xc5, 0x41, 0xc5, 0x41, 0xa4, 0x41, 0xa4, 0x39, 0xa4, 0x39, 0x84,
	0x31, 0x84, 0x29, 0x43, 0x21, 0x23, 0x18, 0xe2, 0x10, 0xc2, 0x10, 0xa1, 0x10, 0x81, 0x10, 0x81,
	0x10, 0xa1, 0x10, 0xa1, 0x10, 0xc2, 0x19, 0x02, 0x21, 0x02, 0x18, 0xe2, 0x18, 0xe2, 0x18, 0xe2,
	0x10, 0xa1, 0x08, 0xa2, 0x08, 0xc2, 0x08, 0xa2, 0x10, 0xc2, 0x11, 0x23, 0x11, 0x23, 0x08, 0xa2,
	0x08, 0x40, 0x00, 0x81, 0x08, 0xe3, 0x1a, 0x29, 0x08, 0xc3, 0x11, 0x65, 0x21, 0x44, 0x10, 0xe3,
	0x00, 0x61, 0x18, 0xc1, 0x21, 0x44, 0x19, 0xa6, 0x08, 0x81, 0x10, 0xc2, 0x21, 0x63, 0x19, 0x03,
	0x49, 0xa4, 0x49, 0xa4, 0x49, 0xc4, 0x51, 0xc4, 0x51, 0xc4, 0x51, 0xe4, 0x51, 0xe5, 0x5a, 0x05,
	0x5a, 0x05, 0x5a, 0x05, 0x59, 0xe5, 0x51, 0xe5, 0x51, 0xe5, 0x51, 0xe5, 0x51, 0xe5, 0x51, 0xc5,
	0x49, 0xc4, 0x49, 0xc4, 0x49, 0xc4, 0x51, 0xc4, 0x51, 0xe5, 0x52, 0x05, 0x5a, 0x06, 0x5a, 0x26,
	0x5a, 0x26, 0x5a, 0x26, 0x52, 0x05, 0x51, 0xe5, 0x51, 0xe5, 0x51, 0xe5, 0x51, 0xe5, 0x51, 0xe5,
	0x51, 0xe5, 0x51, 0xc5, 0x49, 0xc5, 0x49, 0xe5, 0x51, 0xe5, 0x52, 0x05, 0x5a, 0x26, 0x62, 0x67,
	0x6a, 0x87, 0x6a, 0xc9, 0x7b, 0xf0, 0x8c, 0x92, 0x94, 0xf4, 0x95, 0x15, 0x95, 0x15, 0x7c, 0x11,
	0x31, 0x86, 0x29, 0x43, 0x29, 0x03, 0x29, 0x23, 0x39, 0x83, 0x52, 0x05, 0x6a, 0xc7, 0x83, 0x68,
	0x83, 0x89, 0x83, 0x89, 0x8b, 0xab, 0x6a, 0xc8, 0x6a, 0xa8, 0x62, 0x88, 0x62, 0x88, 0x62, 0x88,
	0x62, 0x88, 0x62, 0x88, 0x62, 0x88, 0x62, 0x68, 0x5a, 0x67, 0x5a, 0x47, 0x52, 0x26, 0x52, 0x26,
	0x52, 0x06, 0x52, 0x06, 0x52, 0x26, 0x5a, 0x26, 0x5a, 0x46, 0x5a, 0x26, 0x52, 0x06, 0x52, 0x05,
	0x51, 0xe5, 0x49, 0xc5, 0x41, 0xa4, 0x41, 0xa4, 0x41, 0xa4, 0x41, 0xa4, 0x39, 0x83, 0x39, 0x84,
	0x39, 0x84, 0x31, 0x64, 0x29, 0x23, 0x21, 0x03, 0x18, 0xc2, 0x10, 0xa1, 0x10, 0x81, 0x10, 0x81,
	0x10, 0xa1, 0x10, 0xa1, 0x10, 0xc2, 0x21, 0x02, 0x21, 0x22, 0x21, 0x02, 0x21, 0x23, 0x19, 0x02,
	0x10, 0xc2, 0x10, 0xc2, 0x08, 0xc2, 0x08, 0xc2, 0x08, 0xc2, 0x11, 0x23, 0x19, 0x44, 0x08, 0xa1,
	0x08, 0x61, 0x08, 0x81, 0x19, 0xa6, 0x11, 0x86, 0x10, 0xa1, 0x22, 0x08, 0x09, 0x24, 0x08, 0xe3,
	0x08, 0x81, 0x21, 0x02, 0x29, 0xa6, 0x11, 0x65, 0x08, 0x60, 0x10, 0xe3, 0x29, 0xc6, 0x18, 0xe2,
	0x49, 0xc4, 0x51, 0xc5, 0x51, 0xe5, 0x51, 0xe5, 0x52, 0x05, 0x5a, 0x05, 0x5a, 0x25, 0x5a, 0x26,
	0x5a, 0x26, 0x5a, 0x26, 0x5a, 0x26, 0x5a, 0x26, 0x5a, 0x05, 0x52, 0x05, 0x52, 0x05, 0x51, 0xe5,
	0x51, 0xc5, 0x51, 0xc4, 0x49, 0xc4, 0x51, 0xc5, 0x51, 0xe5, 0x52, 0x05, 0x5a, 0x06, 0x5a, 0x26,
	0x5a, 0x26, 0x5a, 0x05, 0x51, 0xe5, 0x49, 0xc5, 0x49, 0xc4, 0x49, 0xc4, 0x49, 0xc4, 0x49, 0xc4,
	0x51, 0xc5, 0x49, 0xc5, 0x51, 0xe5, 0x51, 0xe5, 0x52, 0x06, 0x5a, 0x26, 0x5a, 0x46, 0x62, 0x47,
	0x6a, 0x87, 0x73, 0x0a, 0x7b, 0xf0, 0x7c, 0x31, 0x84, 0x51, 0x8c, 0x92, 0x84, 0x92, 0x84, 0x52,
	0x73, 0xcf, 0x6b, 0x2b, 0x6b, 0x09, 0x72, 0xe8, 0x7b, 0x08, 0x83, 0x48, 0x8b, 0xa9, 0x93, 0xea,
	0x93, 0xca, 0x8b, 0xaa, 0x83, 0x8a, 0x62, 0x88, 0x62, 0x88, 0x62, 0x88, 0x62, 0x88, 0x62, 0x88,
	0x62, 0xa8, 0x62, 0x88, 0x62, 0x88, 0x62, 0x67, 0x5a, 0x67, 0x5a, 0x47, 0x5a, 0x47, 0x5a, 0x46,
	0x52, 0x26, 0x52, 0x06, 0x52, 0x05, 0x5a, 0x26, 0x5a, 0x26, 0x5a, 0x26, 0x52, 0x05, 0x51, 0xe5,
	0x49, 0xc5, 0x49, 0xc4, 0x41, 0xa4, 0x41, 0xa4, 0x41, 0xa4, 0x41, 0xa4, 0x39, 0x83, 0x39, 0x83,
	0x39, 0x84, 0x31, 0x64, 0x29, 0x23, 0x21, 0x03, 0x18, 0xc2, 0x10, 0xa2, 0x10, 0x81, 0x10, 0x81,
	0x10, 0x81, 0x10, 0xa1, 0x18, 0xc2, 0x19, 0x02, 0x21, 0x02, 0x21, 0x02, 0x21, 0x23, 0x18, 0xe2,
	0x10, 0xc2, 0x10, 0xc2, 0x08, 0xc2, 0x10, 0xe2, 0x10, 0xe2, 0x11, 0x03, 0x11, 0x03, 0x10, 0xa2,
	0x08, 0x61, 0x10, 0xe3, 0x11, 0x86, 0x00, 0x61, 0x19, 0x44, 0x21, 0xe7, 0x00, 0x81, 0x19, 0x03,
	0x11, 0x24, 0x21, 0x23, 0x21, 0xc7, 0x08, 0xc2, 0x08, 0x61, 0x11, 0x04, 0x29, 0xc6, 0x18, 0xe2,
	0x51, 0xe5, 0x51, 0xe5, 0x52, 0x05, 0x5a, 0x06, 0x5a, 0x26, 0x5a, 0x26, 0x5a, 0x46, 0x62, 0x46,
	0x62, 0x46, 0x62, 0x46, 0x5a, 0x46, 0x5a, 0x26, 0x5a, 0x26, 0x52, 0x05, 0x52, 0x05, 0x51, 0xe5,
	0x51, 0xe5, 0x51, 0xc5, 0x51, 0xc5, 0x51, 0xe5, 0x51, 0xe5, 0x52, 0x05, 0x5a, 0x06, 0x5a, 0x06,
	0x52, 0x05, 0x52, 0x05, 0x51, 0xe5, 0x51, 0xe5, 0x49, 0xc5, 0x49, 0xc4, 0x49, 0xc4, 0x49, 0xc4,
	0x51, 0xe5, 0x51, 0xe5, 0x51, 0xe5, 0x52, 0x26, 0x5a, 0x46, 0x5a, 0x47, 0x62, 0x87, 0x9c, 0xb1,
	0x94, 0x70, 0x73, 0x4c, 0x7c, 0x10, 0x7b, 0xf0, 0x7b, 0xf0, 0x7c, 0x10, 0x7c, 0x10, 0x7c, 0x10,
	0x73, 0xae, 0x73, 0x4c, 0x73, 0x2a, 0x73, 0x29, 0x7b, 0x49, 0x83, 0x69, 0x8b, 0xa9, 0x93, 0xea,
	0x94, 0x0a, 0x8b, 0xca, 0x7b, 0x29, 0x62, 0x67, 0x62, 0x87, 0x62, 0x87, 0x62, 0x88, 0x62, 0x88,
	0x62, 0xa8, 0x62, 0x88, 0x62, 0x88, 0x62, 0x67, 0x5a, 0x47, 0x5a, 0x47, 0x5a, 0x47, 0x5a, 0x26,
	0x5a, 0x26, 0x5a, 0x06, 0x52, 0x05, 0x5a, 0x05, 0x5a, 0x25, 0x52, 0x05, 0x52, 0x05, 0x51, 0xe5,
	0x49, 0xc5, 0x49, 0xc4, 0x41, 0xa4, 0x41, 0xc4, 0x41, 0xa4, 0x41, 0xa4, 0x39, 0x83, 0x39, 0x83,
	0x39, 0x84, 0x31, 0x84, 0x29, 0x43, 0x21, 0x03, 0x18, 0xe2, 0x10, 0xa2, 0x10, 0x81, 0x10, 0x81,
	0x10, 0x81, 0x10, 0xa1, 0x10, 0xc2, 0x19, 0x02, 0x21, 0x02, 0x21, 0x02, 0x21, 0x02, 0x18, 0xe2,
	0x10, 0xc2, 0x10, 0xa1, 0x08, 0xa2, 0x10, 0xe2, 0x10, 0xe2, 0x10, 0xc2, 0x10, 0xc2, 0x10, 0xa1,
	0x08, 0xa2, 0x00, 0x61, 0x10, 0xc2, 0x00, 0x61, 0x19, 0x03, 0x19, 0x44, 0x10, 0xa1, 0x29, 0xa6,
	0x19, 0xc7, 0x08, 0xa2, 0x10, 0xe2, 0x08, 0x81, 0x08, 0x81, 0x19, 0x44, 0x21, 0xc6, 0x18, 0xc1,
	0x51, 0xe5, 0x52, 0x05, 0x52, 0x06, 0x5a, 0x26, 0x5a, 0x46, 0x62, 0x46, 0x62, 0x46, 0x62, 0x46,
	0x62, 0x46, 0x62, 0x46, 0x5a, 0x26, 0x5a, 0x26, 0x5a, 0x06, 0x52, 0x05, 0x51, 0xe5, 0x51, 0xe5,
	0x51, 0xe5, 0x51, 0xe5, 0x51, 0xe5, 0x52, 0x05, 0x52, 0x05, 0x52, 0x05, 0x52, 0x05, 0x51, 0xe5,
	0x51, 0xe5, 0x51, 0xe5, 0x51, 0xe5, 0x51, 0xe5, 0x49, 0xe5, 0x49, 0xc5, 0x49, 0xe5, 0x51, 0xe5,
	0x51, 0xe5, 0x52, 0x05, 0x52, 0x06, 0x5a, 0x46, 0x62, 0x67, 0x5a, 0x47, 0x7b, 0x8c, 0xa5, 0x53,
	0x8c, 0x2f, 0x73, 0x6d, 0x7c, 0x10, 0x7c, 0x10, 0x7b, 0xef, 0x73, 0xce, 0x73, 0xce, 0x73, 0xae,
	0x73, 0x8d, 0x7b, 0xad, 0x7b, 0x8c, 0x7b, 0x8a, 0x83, 0x8a, 0x8b, 0x89, 0x8b, 0xa9, 0x93, 0xca,
	0x8b, 0xca, 0x8b, 0xaa, 0x73, 0x09, 0x5a, 0x47, 0x62, 0x67, 0x62, 0x87, 0x62, 0x67, 0x62, 0x87,
	0x62, 0x88, 0x62, 0x88, 0x62, 0x67, 0x62, 0x67, 0x5a, 0x47, 0x5a, 0x26, 0x5a, 0x26, 0x5a, 0x26,
	0x5a, 0x26, 0x5a, 0x26, 0x52, 0x05, 0x52, 0x05, 0x52, 0x05, 0x52, 0x05, 0x51, 0xe5, 0x51, 0xe5,
	0x49, 0xe5, 0x49, 0xc5, 0x49, 0xc5, 0x41, 0xc5, 0x41, 0xa4, 0x39, 0xa3, 0x39, 0xa4, 0x39, 0xa4,
	0x39, 0xa4, 0x39, 0xa4, 0x31, 0x64, 0x29, 0x23, 0x18, 0xe2, 0x10, 0xa1, 0x10, 0x81, 0x10, 0x81,
	0x10, 0x81, 0x10, 0xa1, 0x10, 0xc2, 0x19, 0x02, 0x19, 0x02, 0x19, 0x02, 0x18, 0xe2, 0x10, 0xc2,
	0x10, 0xa1, 0x08, 0x81, 0x08, 0xa1, 0x10, 0xe2, 0x10, 0xe2, 0x10, 0xa2, 0x10, 0xa1, 0x08, 0xa1,
	0x08, 0x81, 0x08, 0xa2, 0x09, 0x03, 0x08, 0x40, 0x21, 0x03, 0x10, 0xa2, 0x21, 0x23, 0x21, 0x64,
	0x09, 0x24, 0x08, 0xe3, 0x21, 0x22, 0x10, 0xa1, 0x08, 0x81, 0x19, 0x86, 0x19, 0x44, 0x10, 0xc1,
	0x51, 0xe5, 0x52, 0x05, 0x5a, 0x26, 0x5a, 0x26, 0x62, 0x46, 0x62, 0x47, 0x62, 0x67, 0x62, 0x67,
	0x62, 0x67, 0x62, 0x46, 0x5a, 0x46, 0x5a, 0x26, 0x5a, 0x06, 0x52, 0x05, 0x52, 0x05, 0x51, 0xe5,
	0x51, 0xe5, 0x51, 0xe5, 0x52, 0x05, 0x52, 0x05, 0x52, 0x05, 0x52, 0x05, 0x51, 0xe5, 0x51, 0xe5,
	0x51, 0xe5, 0x51, 0xe5, 0x51, 0xe5, 0x51, 0xe5, 0x51, 0xe5, 0x52, 0x05, 0x52, 0x05, 0x5a, 0x26,
	0x5a, 0x26, 0x5a, 0x26, 0x5a, 0x46, 0x5a, 0x47, 0x62, 0x67, 0x62, 0x88, 0x94, 0x8f, 0x7b, 0x6b,
	0x6a, 0xc9, 0x73, 0xae, 0x7b, 0xef, 0x7c, 0x10, 0x7b, 0xef, 0x73, 0xae, 0x73, 0xae, 0x7b, 0xce,
	0x7b, 0xce, 0x7b, 0xad, 0x7b, 0x6b, 0x7b, 0x8a, 0x83, 0xaa, 0x8b, 0xaa, 0x8b, 0xaa, 0x83, 0x89,
	0x8b, 0xaa, 0x83, 0x8a, 0x6a, 0xc8, 0x5a, 0x47, 0x62, 0x67, 0x62, 0x67, 0x62, 0x67, 0x62, 0x67,
	0x62, 0x67, 0x62, 0x67, 0x62, 0x67, 0x62, 0x67, 0x5a, 0x67, 0x5a, 0x46, 0x5a, 0x46, 0x5a, 0x46,
	0x5a, 0x26, 0x5a, 0x26, 0x5a, 0x26, 0x52, 0x05, 0x52, 0x05, 0x52, 0x05, 0x52, 0x05, 0x52, 0x05,
	0x51, 0xe5, 0x49, 0xe5, 0x49, 0xe5, 0x49, 0xe5, 0x41, 0xc4, 0x41, 0xc4, 0x41, 0xc4, 0x41, 0xc5,
	0x41, 0xc5, 0x39, 0xa5, 0x31, 0x84, 0x29, 0x43, 0x20, 0xe2, 0x18, 0xc2, 0x10, 0x81, 0x10, 0x81,
	0x10, 0xa1, 0x10, 0xa1, 0x10, 0xc2, 0x18, 0xe2, 0x18, 0xe2, 0x18, 0xe2, 0x18, 0xe2, 0x10, 0xa2,
	0x08, 0x81, 0x08, 0x81, 0x08, 0x81, 0x08, 0xc2, 0x08, 0xc2, 0x10, 0xa1, 0x10, 0xa1, 0x10, 0x81,
	0x00, 0xa2, 0x00, 0xe3, 0x08, 0x81, 0x18, 0xc1, 0x19, 0x03, 0x10, 0xa2, 0x21, 0x03, 0x08, 0xc2,
	0x19, 0x03, 0x22, 0x07, 0x31, 0xe6, 0x21, 0x02, 0x08, 0x61, 0x10, 0xe3, 0x10, 0xc2, 0x10, 0xc1,
	0x51, 0xe5, 0x5a, 0x06, 0x5a, 0x26, 0x5a, 0x46, 0x62, 0x67, 0x62, 0x67, 0x62, 0x67, 0x62, 0x67,
	0x62, 0x67, 0x62, 0x46, 0x5a, 0x46, 0x5a, 0x26, 0x5a, 0x26, 0x5a, 0x06, 0x52, 0x06, 0x52, 0x05,
	0x51, 0xe5, 0x51, 0xe5, 0x52, 0x05, 0x5a, 0x06, 0x5a, 0x06, 0x52, 0x05, 0x52, 0x05, 0x52, 0x05,
	0x52, 0x06, 0x52, 0x05, 0x52, 0x05, 0x52, 0x06, 0x5a, 0x26, 0x5a, 0x46, 0x5a, 0x47, 0x5a, 0x47,
	0x5a, 0x47, 0x5a, 0x47, 0x5a, 0x67, 0x62, 0x67, 0x5a, 0x67, 0x62, 0xa9, 0x6a, 0xe9, 0x6a, 0xa8,
	0x6a, 0xc9, 0x7b, 0xf0, 0x73, 0xae, 0x7b, 0xcf, 0x7b, 0xcf, 0x73, 0xae, 0x73, 0xae, 0x7b, 0xef,
	0x7b, 0xce, 0x73, 0x6b, 0x73, 0x4a, 0x7b, 0x8b, 0x83, 0x8a, 0x83, 0x8a, 0x83, 0x8a, 0x83, 0x69,
	0x83, 0x8a, 0x8b, 0xaa, 0x62, 0xa8, 0x5a, 0x46, 0x5a, 0x67, 0x5a, 0x67, 0x5a, 0x67, 0x5a, 0x47,
	0x62, 0x67, 0x62, 0x67, 0x62, 0x67, 0x62, 0x67, 0x62, 0x67, 0x5a, 0x66, 0x5a, 0x46, 0x5a, 0x26,
	0x5a, 0x25, 0x5a, 0x26, 0x5a, 0x26, 0x5a, 0x26, 0x5a, 0x05, 0x52, 0x05, 0x52, 0x05, 0x52, 0x05,
	0x52, 0x05, 0x49, 0xe5, 0x49, 0xe5, 0x4a, 0x05, 0x49, 0xe5, 0x49, 0xe5, 0x49, 0xe5, 0x41, 0xe5,
	0x41, 0xc5, 0x39, 0xa4, 0x31, 0x64, 0x29, 0x23, 0x21, 0x03, 0x18, 0xc2, 0x10, 0x81, 0x10, 0x81,
	0x10, 0xa1, 0x10, 0xa2, 0x10, 0xc2, 0x10, 0xe2, 0x10, 0xe2, 0x10, 0xe2, 0x10, 0xe2, 0x10, 0xa2,
	0x08, 0x81, 0x08, 0x81, 0x08, 0x81, 0x08, 0xa2, 0x08, 0xa2, 0x08, 0x81, 0x08, 0xa2, 0x08, 0xa1,
	0x00, 0x61, 0x19, 0x03, 0x10, 0xc2, 0x10, 0xe3, 0x11, 0x45, 0x10, 0xc2, 0x18, 0xc2, 0x11, 0x03,
	0x21, 0x85, 0x32, 0x28, 0x2a, 0x07, 0x19, 0x44, 0x08, 0x61, 0x21, 0x02, 0x10, 0xc2, 0x10, 0xa1,
	0x51, 0xe5, 0x5a, 0x26, 0x5a, 0x46, 0x62, 0x47, 0x62, 0x67, 0x62, 0x67, 0x62, 0x67, 0x62, 0x67,
	0x62, 0x67, 0x62, 0x47, 0x5a, 0x46, 0x5a, 0x46, 0x5a, 0x26, 0x5a, 0x26, 0x52, 0x05, 0x52, 0x05,
	0x52, 0x05, 0x52, 0x05, 0x5a, 0x26, 0x5a, 0x26, 0x5a, 0x26, 0x5a, 0x26, 0x5a, 0x26, 0x5a, 0x26,
	0x5a, 0x26, 0x5a, 0x26, 0x5a, 0x26, 0x62, 0x67, 0x62, 0x67, 0x62, 0x67, 0x62, 0x67, 0x62, 0x67,
	0x62, 0x67, 0x62, 0x67, 0x62, 0x87, 0x5a, 0x47, 0x52, 0x26, 0x73, 0x0a, 0x62, 0x88, 0x62, 0x88,
	0x6b, 0x0b, 0x7b, 0xcf, 0x73, 0xae, 0x73, 0xae, 0x73, 0xae, 0x73, 0xae, 0x73, 0xae, 0x73, 0x8d,
	0x73, 0x8c, 0x73, 0x4b, 0x73, 0x4b, 0x73, 0x4a, 0x7b, 0x4a, 0x7b, 0x6a, 0x83, 0x6a, 0x83, 0x69,
	0x83, 0x69, 0x8b, 0xca, 0x62, 0xa8, 0x5a, 0x46, 0x5a, 0x47, 0x5a, 0x47, 0x5a, 0x47, 0x5a, 0x46,
	0x5a, 0x46, 0x5a, 0x47, 0x5a, 0x67, 0x5a, 0x66, 0x5a, 0x46, 0x5a, 0x46, 0x5a, 0x46, 0x5a, 0x25,
	0x5a, 0x05, 0x5a, 0x26, 0x5a, 0x26, 0x5a, 0x26, 0x5a, 0x26, 0x5a, 0x25, 0x52, 0x05, 0x52, 0x05,
	0x52, 0x05, 0x49, 0xe5, 0x52, 0x05, 0x52, 0x26, 0x4a, 0x05, 0x4a, 0x05, 0x4a, 0x05, 0x4a, 0x05,
	0x41, 0xc5, 0x39, 0xa4, 0x31, 0x64, 0x29, 0x23, 0x20, 0xe2, 0x18, 0xa2, 0x10, 0x81, 0x10, 0x81,
	0x10, 0xa1, 0x10, 0xa2, 0x10, 0xc2, 0x10, 0xc2, 0x10, 0xe2, 0x10, 0xc2, 0x10, 0xc2, 0x10, 0xa2,
	0x08, 0xa1, 0x08, 0xa2, 0x08, 0xc2, 0x08, 0xa2, 0x08, 0xa1, 0x08, 0x81, 0x08, 0xa2, 0x08, 0xa2,
	0x08, 0x60, 0x18, 0xc2, 0x09, 0x24, 0x00, 0xc2, 0x08, 0x81, 0x18, 0xe2, 0x10, 0xe3, 0x19, 0x85,
	0x21, 0x85, 0x2a, 0x28, 0x11, 0x44, 0x08, 0xc2, 0x08, 0x61, 0x21, 0x22, 0x19, 0x03, 0x08, 0x81,
	0x52, 0x06, 0x5a, 0x26, 0x62, 0x47, 0x62, 0x67, 0x62, 0x67, 0x62, 0x87, 0x62, 0x87, 0x62, 0x67,
	0x62, 0x67, 0x62, 0x67, 0x62, 0x47, 0x5a, 0x46, 0x5a, 0x26, 0x5a, 0x06, 0x52, 0x05, 0x5a, 0x06,
	0x5a, 0x26, 0x5a, 0x26, 0x5a, 0x47, 0x62, 0x67, 0x62, 0x47, 0x5a, 0x47, 0x5a, 0x46, 0x5a, 0x47,
	0x62, 0x47, 0x62, 0x67, 0x62, 0x67, 0x62, 0x87, 0x62, 0x87, 0x62, 0x87, 0x62, 0x87, 0x62, 0x88,
	0x62, 0x87, 0x62, 0x87, 0x6a, 0xa8, 0x52, 0x06, 0x5a, 0x47, 0x6a, 0xa8, 0x6a, 0xa8, 0x6a, 0xa8,
	0x7b, 0xcf, 0x73, 0xaf, 0x7b, 0xef, 0x73, 0xae, 0x6b, 0x4d, 0x63, 0x2c, 0x6b, 0x8d, 0x6b, 0x6c,
	0x6b, 0x2b, 0x6b, 0x2b, 0x6b, 0x2a, 0x73, 0x2a, 0x73, 0x4a, 0x73, 0x49, 0x7b, 0x49, 0x7b, 0x6a,
	0x83, 0x69, 0x93, 0xeb, 0x73, 0x09, 0x52, 0x05, 0x5a, 0x67, 0x5a, 0x46, 0x5a, 0x46, 0x5a, 0x26,
	0x5a, 0x46, 0x5a, 0x46, 0x5a, 0x46, 0x5a, 0x46, 0x5a, 0x46, 0x5a, 0x46, 0x5a, 0x46, 0x5a, 0x46,
	0x5a, 0x26, 0x5a, 0x26, 0x5a, 0x46, 0x5a, 0x46, 0x5a, 0x46, 0x5a, 0x26, 0x52, 0x26, 0x52, 0x26,
	0x52, 0x26, 0x52, 0x05, 0x52, 0x26, 0x52, 0x26, 0x52, 0x26, 0x4a, 0x05, 0x4a, 0x05, 0x4a, 0x05,
	0x41, 0xc5, 0x39, 0x84, 0x31, 0x64, 0x29, 0x23, 0x20, 0xe2, 0x18, 0xc2, 0x10, 0x81, 0x10, 0x81,
	0x10, 0xa1, 0x10, 0xa1, 0x10, 0xc2, 0x10, 0xc2, 0x10, 0xc2, 0x10, 0xa2, 0x10, 0xc2, 0x10, 0xa1,
	0x08, 0xa1, 0x08, 0xc2, 0x08, 0xe2, 0x08, 0xc2, 0x08, 0xa1, 0x08, 0xa1, 0x10, 0xa2, 0x08, 0x81,
	0x08, 0x40, 0x10, 0xa1, 0x09, 0x03, 0x08, 0xe3, 0x08, 0x61, 0x18, 0xe2, 0x10, 0xc2, 0x19, 0x23,
	0x29, 0x85, 0x19, 0xc7, 0x19, 0x22, 0x21, 0x03, 0x08, 0xc2, 0x08, 0xc2, 0x08, 0xa2, 0x08, 0x61,
	0x52, 0x06, 0x5a, 0x26, 0x62, 0x47, 0x62, 0x67, 0x62, 0x67, 0x62, 0x87, 0x62, 0x87, 0x62, 0x87,
	0x62, 0x67, 0x62, 0x67, 0x5a, 0x46, 0x5a, 0x26, 0x5a, 0x06, 0x5a, 0x06, 0x5a, 0x06, 0x5a, 0x26,
	0x5a, 0x47, 0x62, 0x67, 0x62, 0x67, 0x62, 0x88, 0x62, 0x88, 0x62, 0x67, 0x62, 0x67, 0x62, 0x87,
	0x62, 0x88, 0x62, 0x88, 0x62, 0x88, 0x62, 0x88, 0x6a, 0x88, 0x6a, 0x88, 0x6a, 0xa8, 0x6a, 0xa8,
	0x6a, 0xa8, 0x6a, 0x88, 0x6a, 0x88, 0x52, 0x06, 0x62, 0x87, 0x6a, 0xc8, 0x62, 0x87, 0x7b, 0xae,
	0x84, 0x93, 0x7b, 0xcf, 0x7b, 0xcf, 0x63, 0x0c, 0x31, 0xa6, 0x21, 0x04, 0x42, 0x08, 0x52, 0x89,
	0x41, 0xe7, 0x39, 0xa5, 0x4a, 0x47, 0x6b, 0x09, 0x73, 0x29, 0x6b, 0x09, 0x73, 0x29, 0x7b, 0x49,
	0x7b, 0x69, 0x94, 0x0b, 0xb4, 0xee, 0x52, 0x26, 0x52, 0x26, 0x52, 0x26, 0x5a, 0x46, 0x52, 0x26,
	0x52, 0x26, 0x5a, 0x26, 0x5a, 0x26, 0x5a, 0x46, 0x5a, 0x46, 0x5a, 0x26, 0x5a, 0x46, 0x5a, 0x46,
	0x5a, 0x46, 0x5a, 0x46, 0x5a, 0x46, 0x5a, 0x46, 0x5a, 0x46, 0x5a, 0x26, 0x52, 0x26, 0x52, 0x26,
	0x52, 0x26, 0x52, 0x26, 0x52, 0x26, 0x52, 0x26, 0x52, 0x26, 0x4a, 0x05, 0x49, 0xe5, 0x41, 0xe5,
	0x41, 0xc5, 0x39, 0xa4, 0x39, 0x84, 0x29, 0x43, 0x20, 0xe2, 0x18, 0xa2, 0x10, 0x81, 0x10, 0x81,
	0x10, 0x81, 0x10, 0xa2, 0x10, 0xc2, 0x10, 0xa2, 0x08, 0xa1, 0x08, 0xa1, 0x10, 0xa2, 0x10, 0xa1,
	0x10, 0xa1, 0x08, 0xc2, 0x11, 0x03, 0x10, 0xe2, 0x08, 0xc2, 0x08, 0xa2, 0x10, 0xa2, 0x08, 0x81,
	0x08, 0x81, 0x08, 0x61, 0x11, 0x86, 0x11, 0xc8, 0x08, 0xc3, 0x08, 0xc2, 0x10, 0xa2, 0x21, 0x02,
	0x21, 0x64, 0x11, 0x45, 0x29, 0xc6, 0x21, 0x43, 0x08, 0xc2, 0x09, 0x04, 0x08, 0xa2, 0x08, 0x81,
	0x5a, 0x26, 0x5a, 0x46, 0x62, 0x67, 0x62, 0x67, 0x62, 0x87, 0x62, 0x67, 0x62, 0x67, 0x62, 0x67,
	0x62, 0x67, 0x62, 0x47, 0x5a, 0x46, 0x5a, 0x26, 0x5a, 0x26, 0x5a, 0x26, 0x5a, 0x26, 0x5a, 0x47,
	0x62, 0x67, 0x62, 0x67, 0x62, 0x88, 0x6a, 0x88, 0x6a, 0xa8, 0x6a, 0xa8, 0x6a, 0xa8, 0x6a, 0xa8,
	0x6a, 0xa8, 0x6a, 0xa8, 0x6a, 0xa8, 0x6a, 0xa8, 0x6a, 0xa8, 0x6a, 0xa8, 0x6a, 0xc8, 0x6a, 0xc8,
	0x6a, 0xa8, 0x6a, 0xa8, 0x6a, 0xa8, 0x6a, 0xa8, 0x6a, 0xc8, 0x62, 0x67, 0x6a, 0xea, 0x9d, 0x56,
	0x84, 0x72, 0x73, 0x8e, 0x5a, 0xcb, 0x21, 0x24, 0x00, 0x00, 0x00, 0x20, 0x08, 0x40, 0x10, 0x61,
	0x10, 0x81, 0x00, 0x20, 0x10, 0x61, 0x20, 0xe2, 0x31, 0x64, 0x29, 0x23, 0x5a, 0x67, 0x83, 0x8a,
	0x7b, 0x49, 0x9c, 0x2b, 0xde, 0x12, 0x73, 0x29, 0x39, 0x63, 0x52, 0x26, 0x52, 0x05, 0x52, 0x05,
	0x52, 0x05, 0x52, 0x06, 0x52, 0x26, 0x52, 0x26, 0x52, 0x26, 0x52, 0x25, 0x5a, 0x46, 0x5a, 0x46,
	0x5a, 0x46, 0x5a, 0x46, 0x5a, 0x46, 0x5a, 0x46, 0x5a, 0x46, 0x52, 0x26, 0x52, 0x26, 0x52, 0x26,
	0x52, 0x26, 0x52, 0x26, 0x52, 0x26, 0x52, 0x26, 0x52, 0x26, 0x4a, 0x05, 0x49, 0xe5, 0x41, 0xe5,
	0x41, 0xc4, 0x39, 0xa4, 0x39, 0x84, 0x29, 0x43, 0x20, 0xe2, 0x18, 0xa1, 0x10, 0x81, 0x10, 0x81,
	0x10, 0x81, 0x10, 0xa2, 0x10, 0xc2, 0x08, 0xa2, 0x08, 0xa1, 0x08, 0xa1, 0x08, 0xa1, 0x10, 0xa1,
	0x10, 0xa1, 0x10, 0xc2, 0x11, 0x03, 0x11, 0x03, 0x08, 0xa2, 0x08, 0xc2, 0x10, 0xc2, 0x08, 0x81,
	0x10, 0xc2, 0x08, 0x81, 0x1a, 0x08, 0x11, 0xe8, 0x09, 0x65, 0x00, 0x81, 0x10, 0xa2, 0x29, 0x23,
	0x10, 0xe2, 0x11, 0x24, 0x32, 0x48, 0x19, 0x02, 0x08, 0xa2, 0x19, 0xa6, 0x19, 0xa5, 0x08, 0xe2,
	0x5a, 0x46, 0x5a, 0x47, 0x62, 0x47, 0x62, 0x67, 0x62, 0x67, 0x62, 0x67, 0x62, 0x67, 0x62, 0x67,
	0x62, 0x67, 0x62, 0x67, 0x62, 0x67, 0x62, 0x47, 0x62, 0x47, 0x62, 0x47, 0x62, 0x67, 0x62, 0x88,
	0x62, 0x88, 0x62, 0x88, 0x62, 0xa8, 0x6a, 0xa8, 0x6a, 0xa8, 0x6a, 0xa8, 0x6a, 0xa8, 0x6a, 0xa8,
	0x6a, 0xa8, 0x6a, 0xa8, 0x6a, 0xa8, 0x6a, 0xc8, 0x6a, 0xc8, 0x6a, 0xc8, 0x6a, 0xc8, 0x6a, 0xa8,
	0x6a, 0xa8, 0x6a, 0xa8, 0x6a, 0xa8, 0x6a, 0xa8, 0x62, 0x67, 0x73, 0x2b, 0xad, 0x96, 0xad, 0xb8,
	0x94, 0xf4, 0x52, 0xaa, 0x08, 0x41, 0x08, 0x41, 0x08, 0x20, 0x00, 0x20, 0x00, 0x20, 0x00, 0x00,
	0x00, 0x00, 0x00, 0x00, 0x00, 0x00, 0x00, 0x00, 0x00, 0x20, 0x00, 0x00, 0x29, 0x02, 0x73, 0x29,
	0x83, 0xaa, 0xac, 0x8d, 0xd5, 0xd1, 0xbd, 0x30, 0x39, 0x84, 0x49, 0xe5, 0x49, 0xc4, 0x49, 0xc4,
	0x49, 0xc4, 0x49, 0xe5, 0x49, 0xe5, 0x52, 0x05, 0x52, 0x05, 0x52, 0x05, 0x52, 0x05, 0x52, 0x05,
	0x52, 0x25, 0x52, 0x26, 0x52, 0x26, 0x52, 0x26, 0x52, 0x26, 0x52, 0x26, 0x52, 0x26, 0x52, 0x26,
	0x52, 0x26, 0x52, 0x26, 0x52, 0x26, 0x4a, 0x06, 0x4a, 0x06, 0x4a, 0x05, 0x49, 0xe5, 0x41, 0xe5,
	0x39, 0xa4, 0x39, 0x84, 0x31, 0x64, 0x29, 0x23, 0x20, 0xe2, 0x18, 0xa1, 0x10, 0x81, 0x10, 0x81,
	0x10, 0xa1, 0x10, 0xa2, 0x10, 0xc2, 0x10, 0xa2, 0x08, 0xa1, 0x08, 0x81, 0x08, 0x81, 0x08, 0xa1,
	0x10, 0xa1, 0x10, 0xc2, 0x11, 0x03, 0x11, 0x23, 0x10, 0xc2, 0x10, 0xc2, 0x10, 0xe2, 0x08, 0x81,
	0x08, 0xa1, 0x08, 0xa2, 0x19, 0xe8, 0x09, 0x65, 0x09, 0x04, 0x18, 0xe2, 0x10, 0x81, 0x29, 0x64,
	0x10, 0xe3, 0x19, 0x44, 0x32, 0x28, 0x18, 0xc2, 0x10, 0xa1, 0x19, 0xa6, 0x19, 0xa6, 0x11, 0x03,
	0x5a, 0x26, 0x5a, 0x46, 0x5a, 0x46, 0x5a, 0x46, 0x62, 0x67, 0x62, 0x67, 0x62, 0x87, 0x62, 0x67,
	0x62, 0x67, 0x62, 0x67, 0x62, 0x67, 0x62, 0x67, 0x62, 0x67, 0x62, 0x67, 0x62, 0x88, 0x6a, 0xa8,
	0x6a, 0xa8, 0x62, 0xa8, 0x6a, 0xa8, 0x6a, 0xa8, 0x6a, 0xa8, 0x6a, 0xa8, 0x6a, 0xa8, 0x6a, 0xa8,
	0x6a, 0xc8, 0x6a, 0xc9, 0x6a, 0xc8, 0x6a, 0xc8, 0x6a, 0xc9, 0x6a, 0xc9, 0x6a, 0xc9, 0x6a, 0xc8,
	0x6a, 0xa8, 0x6a, 0xa8, 0x6a, 0xa8, 0x62, 0x67, 0x8c, 0x30, 0xce, 0xbc, 0xc6, 0x9b, 0xad, 0xf8,
	0x8c, 0xb3, 0x21, 0x45, 0x00, 0x00, 0x00, 0x00, 0x08, 0x40, 0x29, 0x24, 0x29, 0x44, 0x31, 0x65,
	0x39, 0xc6, 0x39, 0xc6, 0x41, 0xc5, 0x31, 0x44, 0x00, 0x20, 0x08, 0x20, 0x10, 0x61, 0x20, 0xc2,
	0x5a, 0x87, 0xbd, 0x2f, 0xcd, 0xb1, 0xe6, 0x95, 0x9c, 0x4e, 0x39, 0x63, 0x41, 0xa4, 0x41, 0x83,
	0x41, 0x84, 0x41, 0x84, 0x41, 0xa4, 0x49, 0xc4, 0x49, 0xc4, 0x49, 0xe4, 0x49, 0xe5, 0x51, 0xe5,
	0x52, 0x05, 0x52, 0x05, 0x52, 0x26, 0x52, 0x26, 0x52, 0x26, 0x52, 0x26, 0x52, 0x26, 0x52, 0x26,
	0x52, 0x26, 0x52, 0x26, 0x52, 0x26, 0x52, 0x06, 0x4a, 0x06, 0x49, 0xe5, 0x41, 0xe5, 0x41, 0xe5,
	0x41, 0xc4, 0x39, 0xa4, 0x31, 0x64, 0x29, 0x43, 0x20, 0xe2, 0x18, 0xa1, 0x10, 0x81, 0x10, 0x81,
	0x10, 0xa1, 0x10, 0xa2, 0x10, 0xc2, 0x10, 0xa2, 0x08, 0xa1, 0x08, 0x81, 0x08, 0x81, 0x10, 0xa1,
	0x10, 0xa2, 0x10, 0xc2, 0x11, 0x03, 0x19, 0x44, 0x10, 0xe2, 0x10, 0xe2, 0x11, 0x23, 0x08, 0x81,
	0x08, 0x60, 0x11, 0x65, 0x11, 0x86, 0x00, 0x61, 0x19, 0xe7, 0x21, 0x64, 0x10, 0xa1, 0x19, 0x85,
	0x10, 0xe2, 0x21, 0x64, 0x21, 0xe7, 0x10, 0xa1, 0x10, 0xc2, 0x11, 0x03, 0x19, 0x65, 0x29, 0x84,
	0x5a, 0x06, 0x5a, 0x26, 0x5a, 0x26, 0x5a, 0x26, 0x5a, 0x46, 0x5a, 0x47, 0x62, 0x67, 0x62, 0x47,
	0x5a, 0x46, 0x5a, 0x47, 0x5a, 0x47, 0x62, 0x67, 0x62, 0x67, 0x62, 0x88, 0x6a, 0xa8, 0x6a, 0xa8,
	0x6a, 0xa8, 0x6a, 0xa8, 0x6a, 0xa8, 0x6a, 0xa8, 0x6a, 0xa8, 0x6a, 0xa8, 0x6a, 0xa8, 0x6a, 0xa8,
	0x6a, 0xc9, 0x6a, 0xc9, 0x72, 0xc9, 0x72, 0xe9, 0x72, 0xc9, 0x72, 0xe9, 0x72, 0xe9, 0x6a, 0xc9,
	0x6a, 0xc8, 0x6a, 0xa8, 0x62, 0x88, 0x6a, 0xc9, 0xb5, 0xf8, 0xbe, 0x7b, 0xbe, 0x5a, 0x84, 0x52,
	0x29, 0x66, 0x00, 0x00, 0x00, 0x20, 0x31, 0xa6, 0x63, 0x0c, 0x84, 0x30, 0x8c, 0x50, 0x8c, 0x71,
	0x8c, 0x70, 0x8c, 0x2e, 0x8c, 0x0d, 0x83, 0xab, 0x4a, 0x06, 0x10, 0x61, 0x00, 0x00, 0x08, 0x40,
	0x08, 0x20, 0x83, 0x6a, 0xcd, 0xd3, 0xcd, 0xf4, 0xd6, 0x36, 0x52, 0x27, 0x39, 0x63, 0x41, 0x84,
	0x41, 0x83, 0x41, 0x83, 0x41, 0x83, 0x41, 0xa4, 0x41, 0xa4, 0x49, 0xc4, 0x49, 0xc4, 0x49, 0xe5,
	0x49, 0xe5, 0x52, 0x05, 0x52, 0x26, 0x52, 0x26, 0x52, 0x26, 0x5a, 0x26, 0x5a, 0x46, 0x5a, 0x46,
	0x52, 0x26, 0x52, 0x26, 0x52, 0x26, 0x52, 0x26, 0x4a, 0x06, 0x49, 0xe5, 0x41, 0xe5, 0x41, 0xe5,
	0x41, 0xc5, 0x39, 0xa4, 0x31, 0x84, 0x29, 0x43, 0x20, 0xe2, 0x18, 0xc2, 0x10, 0x81, 0x10, 0x81,
	0x10, 0xa1, 0x10, 0xa2, 0x10, 0xc2, 0x10, 0xc2, 0x10, 0xa2, 0x10, 0xa1, 0x10, 0x81, 0x10, 0xc2,
	0x10, 0xc2, 0x10, 0xc2, 0x11, 0x02, 0x19, 0x43, 0x11, 0x03, 0x10, 0xc2, 0x11, 0x23, 0x08, 0x81,
	0x08, 0x82, 0x19, 0xa7, 0x00, 0x61, 0x08, 0xc2, 0x22, 0x08, 0x19, 0x85, 0x08, 0xe3, 0x00, 0x61,
	0x10, 0x81, 0x21, 0xa6, 0x19, 0x86, 0x10, 0xa1, 0x18, 0xc2, 0x10, 0xe2, 0x19, 0x65, 0x29, 0xc6,
	0x52, 0x05, 0x52, 0x05, 0x52, 0x05, 0x52, 0x05, 0x52, 0x06, 0x52, 0x06, 0x5a, 0x26, 0x5a, 0x26,
	0x5a, 0x26, 0x5a, 0x26, 0x5a, 0x47, 0x62, 0x67, 0x62, 0x67, 0x62, 0x88, 0x62, 0x88, 0x62, 0xa8,
	0x62, 0xa8, 0x6a, 0xa8, 0x6a, 0xa8, 0x6a, 0xa8, 0x6a, 0xa8, 0x6a, 0xa8, 0x6a, 0xa8, 0x6a, 0xa8,
	0x6a, 0xc8, 0x6a, 0xc9, 0x6a, 0xc9, 0x72, 0xc9, 0x72, 0xe9, 0x72, 0xe9, 0x72, 0xe9, 0x6a, 0xc9,
	0x6a, 0xc8, 0x6a, 0xa8, 0x62, 0x87, 0x7b, 0x8d, 0xad, 0xd8, 0xb6, 0x19, 0x52, 0xab, 0x08, 0x61,
	0x00, 0x00, 0x29, 0x45, 0x73, 0xcf, 0x94, 0xd3, 0x94, 0xf3, 0x8c, 0x71, 0x8c, 0x50, 0x8c, 0x71,
	0x8c, 0x50, 0x83, 0xed, 0x83, 0xcc, 0x83, 0xcc, 0x83, 0xcc, 0x52, 0x26, 0x41, 0xc5, 0x10, 0x61,
	0x08, 0x40, 0x49, 0xe6, 0xb5, 0x51, 0xce, 0x15, 0xd6, 0x35, 0xb5, 0x32, 0x41, 0xa4, 0x39, 0x63,
	0x41, 0x84, 0x41, 0x84, 0x41, 0x84, 0x41, 0xa4, 0x41, 0xa4, 0x41, 0xa4, 0x49, 0xa4, 0x49, 0xe5,
	0x52, 0x05, 0x52, 0x26, 0x52, 0x26, 0x52, 0x26, 0x52, 0x26, 0x52, 0x26, 0x52, 0x46, 0x5a, 0x46,
	0x5a, 0x47, 0x52, 0x47, 0x52, 0x26, 0x52, 0x26, 0x4a, 0x06, 0x49, 0xe5, 0x41, 0xe5, 0x41, 0xe5,
	0x41, 0xe5, 0x39, 0xa4, 0x39, 0x84, 0x31, 0x43, 0x21, 0x02, 0x18, 0xc2, 0x10, 0x81, 0x10, 0x81,
	0x10, 0xa1, 0x10, 0xc2, 0x10, 0xc2, 0x18, 0xe2, 0x18, 0xc2, 0x10, 0xc2, 0x10, 0xa1, 0x10, 0xc2,
	0x10, 0xe2, 0x10, 0xe2, 0x10, 0xe2, 0x19, 0x02, 0x19, 0x02, 0x10, 0xc2, 0x08, 0xc2, 0x10, 0xe2,
	0x08, 0x81, 0x08, 0x81, 0x08, 0xa2, 0x19, 0x85, 0x2a, 0x49, 0x08, 0xe3, 0x19, 0x85, 0x10, 0xe2,
	0x10, 0x81, 0x21, 0xe7, 0x11, 0x24, 0x10, 0xa1, 0x18, 0xe2, 0x19, 0x23, 0x21, 0x64, 0x19, 0x85,
	0x52, 0x05, 0x52, 0x05, 0x52, 0x05, 0x51, 0xe5, 0x51, 0xe5, 0x51, 0xe5, 0x51, 0xe5, 0x52, 0x05,
	0x52, 0x05, 0x5a, 0x26, 0x5a, 0x46, 0x62, 0x47, 0x62, 0x67, 0x62, 0x67, 0x62, 0x67, 0x62, 0x67,
	0x62, 0x87, 0x62, 0x88, 0x62, 0x88, 0x62, 0x88, 0x62, 0x88, 0x62, 0x88, 0x6a, 0xa8, 0x6a, 0xa8,
	0x6a, 0xa8, 0x6a, 0xc8, 0x6a, 0xc9, 0x6a, 0xc9, 0x72, 0xe9, 0x72, 0xe9, 0x72, 0xe9, 0x6a, 0xc9,
	0x6a, 0xc8, 0x6a, 0xc8, 0x6a, 0x87, 0x7b, 0xce, 0xa5, 0xb8, 0x6b, 0xcf, 0x00, 0x00, 0x08, 0x41,
	0x4a, 0x8a, 0x9d, 0x55, 0xad, 0xd7, 0x9d, 0x34, 0x94, 0xb2, 0x94, 0xb2, 0x8c, 0x70, 0x8c, 0x70,
	0x8c, 0x4f, 0x8c, 0x0e, 0x8c, 0x0d, 0x8b, 0xed, 0x8c, 0x0d, 0x9c, 0x8e, 0xa4, 0x8e, 0x7b, 0x4a,
	0x39, 0x64, 0x08, 0x20, 0x4a, 0x27, 0xb5, 0x32, 0xc5, 0xd4, 0xde, 0x76, 0xa4, 0xaf, 0x41, 0xa5,
	0x41, 0xa4, 0x49, 0xa4, 0x49, 0xa4, 0x49, 0xc4, 0x49, 0xc4, 0x49, 0xc4, 0x49, 0xc4, 0x49, 0xe5,
	0x52, 0x05, 0x52, 0x05, 0x52, 0x06, 0x52, 0x26, 0x52, 0x26, 0x52, 0x46, 0x5a, 0x46, 0x5a, 0x47,
	0x5a, 0x47, 0x52, 0x47, 0x52, 0x47, 0x52, 0x26, 0x4a, 0x06, 0x41, 0xe5, 0x41, 0xe5, 0x41, 0xe5,
	0x41, 0xc5, 0x39, 0xc4, 0x39, 0x84, 0x31, 0x43, 0x21, 0x23, 0x18, 0xc2, 0x10, 0xa1, 0x10, 0x81,
	0x10, 0xa1, 0x10, 0xa2, 0x10, 0xc2, 0x18, 0xe2, 0x18, 0xc2, 0x18, 0xc2, 0x10, 0xc2, 0x10, 0xc2,
	0x10, 0xe2, 0x10, 0xe2, 0x10, 0xe2, 0x18, 0xe2, 0x10, 0xe2, 0x10, 0xa1, 0x08, 0x81, 0x08, 0xc2,
	0x08, 0x40, 0x10, 0xc2, 0x08, 0xc2, 0x19, 0xa5, 0x11, 0x65, 0x10, 0xa1, 0x32, 0x08, 0x21, 0x85,
	0x08, 0xc2, 0x11, 0x44, 0x10, 0xc2, 0x10, 0xa1, 0x18, 0xe3, 0x21, 0x64, 0x19, 0x23, 0x11, 0x04,
	0x52, 0x05, 0x52, 0x05, 0x51, 0xe5, 0x51, 0xe5, 0x51, 0xe5, 0x51, 0xe5, 0x51, 0xe5, 0x51, 0xe5,
	0x51, 0xe5, 0x52, 0x05, 0x5a, 0x26, 0x5a, 0x26, 0x5a, 0x46, 0x5a, 0x47, 0x5a, 0x47, 0x5a, 0x47,
	0x5a, 0x47, 0x5a, 0x47, 0x62, 0x67, 0x62, 0x67, 0x62, 0x67, 0x62, 0x67, 0x62, 0x67, 0x62, 0x87,
	0x62, 0x88, 0x6a, 0xa8, 0x6a, 0xa8, 0x6a, 0xc8, 0x6a, 0xc9, 0x6a, 0xc9, 0x72, 0xc9, 0x6a, 0xc9,
	0x6a, 0xc9, 0x6a, 0xc9, 0x62, 0x88, 0x7b, 0xf0, 0x63, 0x6e, 0x08, 0x61, 0x18, 0xc3, 0x73, 0xd0,
	0xad, 0xb7, 0xad, 0xb7, 0xa5, 0x97, 0xa5, 0x55, 0x94, 0xb2, 0x94, 0xd2, 0x94, 0xb2, 0x94, 0x91,
	0x8c, 0x4f, 0x8c, 0x2e, 0x8c, 0x2e, 0x94, 0x4e, 0x9c, 0xaf, 0xa4, 0xaf, 0xac, 0xef, 0xb5, 0x31,
	0xa4, 0x8e, 0x29, 0x03, 0x00, 0x00, 0x52, 0x47, 0xb4, 0xf0, 0xcd, 0xb2, 0xc5, 0x71, 0x6a, 0xc9,
	0x49, 0xe5, 0x49, 0xe5, 0x51, 0xe5, 0x49, 0xe5, 0x49, 0xe5, 0x51, 0xe5, 0x51, 0xe5, 0x52, 0x05,
	0x52, 0x06, 0x52, 0x06, 0x52, 0x26, 0x52, 0x26, 0x52, 0x26, 0x5a, 0x47, 0x5a, 0x67, 0x5a, 0x67,
	0x5a, 0x47, 0x52, 0x47, 0x52, 0x47, 0x52, 0x26, 0x4a, 0x06, 0x49, 0xe5, 0x41, 0xc4, 0x41, 0xc4,
	0x41, 0xc4, 0x39, 0xa4, 0x39, 0x84, 0x31, 0x64, 0x29, 0x23, 0x20, 0xe2, 0x18, 0xa1, 0x10, 0xa1,
	0x10, 0xa1, 0x10, 0xc2, 0x18, 0xc2, 0x18, 0xc2, 0x18, 0xc2, 0x18, 0xc2, 0x18, 0xc2, 0x10, 0xc2,
	0x10, 0xe2, 0x11, 0x02, 0x19, 0x23, 0x19, 0x02, 0x10, 0xc2, 0x10, 0x81, 0x08, 0x81, 0x08, 0x81,
	0x08, 0xa1, 0x00, 0xa2, 0x09, 0x03, 0x21, 0xe7, 0x08, 0xc2, 0x21, 0x03, 0x2a, 0x28, 0x19, 0xa5,
	0x08, 0xe3, 0x10, 0xc1, 0x18, 0xc2, 0x10, 0x81, 0x10, 0xe3, 0x21, 0x64, 0x18, 0xe2, 0x19, 0x02,
	0x52, 0x05, 0x52, 0x05, 0x51, 0xe5, 0x51, 0xe5, 0x51, 0xe5, 0x51, 0xe5, 0x51, 0xe5, 0x51, 0xe5,
	0x51, 0xe5, 0x51, 0xe5, 0x5a, 0x05, 0x5a, 0x06, 0x5a, 0x06, 0x5a, 0x26, 0x5a, 0x26, 0x5a, 0x26,
	0x5a, 0x26, 0x5a, 0x46, 0x5a, 0x46, 0x62, 0x67, 0x62, 0x67, 0x62, 0x47, 0x62, 0x47, 0x62, 0x67,
	0x62, 0x67, 0x62, 0x87, 0x6a, 0x88, 0x6a, 0xa8, 0x6a, 0xa8, 0x6a, 0xa8, 0x6a, 0xa8, 0x6a, 0xc8,
	0x6a, 0xc9, 0x72, 0xc8, 0x62, 0xca, 0x63, 0x4d, 0x10, 0x61, 0x08, 0x40, 0x73, 0xf0, 0xbe, 0x3a,
	0xb5, 0xf8, 0xb5, 0xf8, 0xad, 0xb7, 0xa5, 0x75, 0xa5, 0x55, 0x9d, 0x34, 0x9c, 0xf3, 0x94, 0xb1,
	0x94, 0x90, 0x94, 0x90, 0x94, 0x6f, 0x9c, 0xb0, 0xac, 0xf1, 0xad, 0x11, 0xac, 0xf0, 0xb5, 0x10,
	0xb5, 0x31, 0xa4, 0x8e, 0x5a, 0x67, 0x10, 0x61, 0x62, 0xa8, 0xac, 0xae, 0xb4, 0xef, 0x73, 0x2a,
	0x5a, 0x27, 0x52, 0x26, 0x5a, 0x26, 0x52, 0x06, 0x52, 0x06, 0x52, 0x06, 0x52, 0x06, 0x52, 0x26,
	0x52, 0x26, 0x52, 0x26, 0x52, 0x26, 0x5a, 0x47, 0x52, 0x26, 0x5a, 0x47, 0x5a, 0x47, 0x5a, 0x47,
	0x5a, 0x47, 0x52, 0x47, 0x52, 0x26, 0x52, 0x06, 0x4a, 0x06, 0x41, 0xe5, 0x41, 0xc4, 0x39, 0xc4,
	0x39, 0xc4, 0x39, 0xa4, 0x39, 0x84, 0x31, 0x83, 0x29, 0x43, 0x20, 0xe2, 0x18, 0xc1, 0x18, 0xa1,
	0x10, 0xa1, 0x18, 0xc2, 0x18, 0xc2, 0x18, 0xc2, 0x18, 0xc2, 0x18, 0xc2, 0x18, 0xc2, 0x10, 0xc2,
	0x10, 0xc2, 0x19, 0x23, 0x21, 0x43, 0x21, 0x23, 0x10, 0xe2, 0x10, 0xc2, 0x10, 0x81, 0x10, 0xa2,
	0x08, 0xe3, 0x00, 0x20, 0x19, 0xa6, 0x19, 0x85, 0x10, 0xc1, 0x29, 0x64, 0x21, 0xe7, 0x09, 0x24,
	0x21, 0xa5, 0x19, 0x23, 0x21, 0x43, 0x10, 0x81, 0x10, 0xc2, 0x19, 0x02, 0x10, 0xe2, 0x21, 0x22,
	0x52, 0x05, 0x5a, 0x05, 0x52, 0x05, 0x51, 0xe5, 0x51, 0xe5, 0x51, 0xe5, 0x51, 0xe5, 0x51, 0xe5,
	0x51, 0xe5, 0x51, 0xe5, 0x51, 0xe5, 0x51, 0xe5, 0x51, 0xe5, 0x51, 0xe5, 0x51, 0xe5, 0x51, 0xe5,
	0x52, 0x05, 0x5a, 0x25, 0x5a, 0x26, 0x5a, 0x46, 0x5a, 0x46, 0x5a, 0x46, 0x5a, 0x46, 0x5a, 0x46,
	0x5a, 0x46, 0x62, 0x46, 0x62, 0x67, 0x62, 0x67, 0x62, 0x87, 0x6a, 0x88, 0x6a, 0xa8, 0x6a, 0xa8,
	0x6a, 0xc8, 0x6a, 0xa8, 0x7b, 0x8d, 0x42, 0x28, 0x00, 0x00, 0x21, 0x24, 0x94, 0xf4, 0xad, 0xf8,
	0xad, 0xd8, 0xad, 0xd8, 0xad, 0xd8, 0xb5, 0xd7, 0xad, 0x96, 0xa5, 0x34, 0x9c, 0xf2, 0x94, 0xb1,
	0xa5, 0x12, 0xa4, 0xf2, 0xa4, 0xd1, 0xa4, 0xf1, 0xad, 0x32, 0xb5, 0x73, 0xb5, 0x31, 0xb5, 0x10,
	0xb5, 0x10, 0xbd, 0x30, 0x93, 0xeb, 0x20, 0xc1, 0x10, 0x60, 0x49, 0xe5, 0x94, 0x2c, 0x73, 0x29,
	0x52, 0x06, 0x62, 0x67, 0x5a, 0x47, 0x5a, 0x47, 0x5a, 0x27, 0x5a, 0x27, 0x5a, 0x26, 0x5a, 0x27,
	0x5a, 0x26, 0x5a, 0x26, 0x5a, 0x27, 0x5a, 0x47, 0x5a, 0x47, 0x5a, 0x47, 0x5a, 0x47, 0x52, 0x47,
	0x52, 0x47, 0x52, 0x26, 0x4a, 0x06, 0x4a, 0x05, 0x49, 0xe5, 0x41, 0xc4, 0x39, 0xa4, 0x39, 0xa4,
	0x39, 0xa4, 0x39, 0xa3, 0x39, 0x83, 0x31, 0x83, 0x31, 0x43, 0x21, 0x02, 0x18, 0xc1, 0x18, 0xc1,
	0x18, 0xc2, 0x18, 0xc2, 0x18, 0xc2, 0x18, 0xc2, 0x18, 0xc2, 0x10, 0xc2, 0x10, 0xc2, 0x10, 0xc2,
	0x10, 0xc2, 0x21, 0x23, 0x29, 0x63, 0x21, 0x63, 0x19, 0x02, 0x18, 0xe2, 0x10, 0xa1, 0x08, 0x81,
	0x08, 0x81, 0x08, 0x61, 0x08, 0xe3, 0x10, 0xe2, 0x18, 0xe2, 0x29, 0x84, 0x11, 0x44, 0x11, 0x04,
	0x32, 0x48, 0x21, 0x64, 0x29, 0xe6, 0x10, 0xe2, 0x10, 0xa1, 0x18, 0xc1, 0x11, 0x03, 0x19, 0x23,
	0x52, 0x05, 0x5a, 0x05, 0x5a, 0x05, 0x5a, 0x05, 0x5a, 0x05, 0x5a, 0x05, 0x52, 0x05, 0x52, 0x05,
	0x52, 0x05, 0x52, 0x05, 0x52, 0x05, 0x51, 0xe5, 0x51, 0xe5, 0x51, 0xe4, 0x51, 0xc4, 0x51, 0xc4,
	0x51, 0xc4, 0x51, 0xe5, 0x5a, 0x05, 0x5a, 0x26, 0x5a, 0x26, 0x5a, 0x05, 0x5a, 0x05, 0x52, 0x05,
	0x52, 0x05, 0x5a, 0x05, 0x5a, 0x26, 0x5a, 0x46, 0x62, 0x67, 0x62, 0x67, 0x62, 0x67, 0x6a, 0x88,
	0x6a, 0x87, 0x73, 0x4b, 0x84, 0x72, 0x31, 0x85, 0x00, 0x00, 0x6b, 0x8e, 0xa5, 0x76, 0xa5, 0x76,
	0xad, 0xd8, 0xb5, 0xf8, 0xb6, 0x18, 0xbe, 0x19, 0xb5, 0xd7, 0xad, 0x75, 0xa5, 0x54, 0x9c, 0xf2,
	0x9c, 0xf1, 0xa5, 0x12, 0xb5, 0x53, 0xb5, 0x73, 0xb5, 0x73, 0xb5, 0x74, 0xb5, 0x52, 0xb5, 0x10,
	0xac, 0xef, 0xac, 0xcf, 0x8b, 0xeb, 0x31, 0x43, 0x18, 0x81, 0x41, 0xa4, 0x73, 0x29, 0xa4, 0x8d,
	0x7b, 0x4a, 0x5a, 0x47, 0x62, 0x67, 0x5a, 0x47, 0x5a, 0x47, 0x5a, 0x47, 0x5a, 0x26, 0x5a, 0x26,
	0x52, 0x26, 0x52, 0x26, 0x52, 0x26, 0x52, 0x26, 0x52, 0x47, 0x52, 0x47, 0x52, 0x26, 0x52, 0x26,
	0x52, 0x26, 0x4a, 0x06, 0x49, 0xe5, 0x49, 0xc5, 0x41, 0xc5, 0x41, 0xa4, 0x39, 0xa3, 0x39, 0xa3,
	0x39, 0x83, 0x39, 0x83, 0x31, 0x83, 0x31, 0x63, 0x31, 0x43, 0x29, 0x02, 0x20, 0xe2, 0x18, 0xc2,
	0x18, 0xc2, 0x18, 0xc2, 0x18, 0xc2, 0x18, 0xc2, 0x18, 0xc2, 0x10, 0xc2, 0x10, 0xe2, 0x10, 0xe2,
	0x10, 0xe2, 0x21, 0x22, 0x29, 0x83, 0x21, 0x63, 0x10, 0xe2, 0x19, 0x02, 0x10, 0xc2, 0x08, 0x61,
	0x08, 0x61, 0x11, 0x66, 0x00, 0xe3, 0x08, 0xc2, 0x29, 0x64, 0x29, 0x64, 0x10, 0xc2, 0x21, 0x85,
	0x32, 0x28, 0x21, 0x23, 0x19, 0x85, 0x10, 0xe2, 0x10, 0xa1, 0x21, 0x02, 0x10, 0xe2, 0x19, 0x02,
	0x52, 0x05, 0x5a, 0x06, 0x5a, 0x06, 0x5a, 0x26, 0x5a, 0x26, 0x5a, 0x26, 0x5a, 0x26, 0x5a, 0x26,
	0x5a, 0x26, 0x5a, 0x25, 0x5a, 0x06, 0x5a, 0x05, 0x52, 0x05, 0x51, 0xe5, 0x51, 0xe4, 0x51, 0xc4,
	0x51, 0xc4, 0x51, 0xe5, 0x52, 0x05, 0x5a, 0x26, 0x5a, 0x26, 0x5a, 0x25, 0x51, 0xe5, 0x51, 0xe4,
	0x51, 0xe5, 0x51, 0xe5, 0x52, 0x05, 0x5a, 0x05, 0x5a, 0x26, 0x5a, 0x46, 0x62, 0x47, 0x62, 0x67,
	0x62, 0x87, 0x84, 0x10, 0x7b, 0xef, 0x18, 0xc3, 0x18, 0xe3, 0x8c, 0x72, 0x9d, 0x14, 0xa5, 0x56,
	0xad, 0xd7, 0xb5, 0xf8, 0xb5, 0xd7, 0xb5, 0xf8, 0xbe, 0x18, 0xb5, 0xd7, 0xb5, 0xb6, 0xad, 0x54,
	0xa5, 0x12, 0xa5, 0x33, 0xb5, 0x74, 0xb5, 0x94, 0xb5, 0x94, 0xb5, 0x53, 0xb5, 0x11, 0xac, 0xf0,
	0xac, 0xcf, 0xa4, 0x8e, 0x94, 0x0c, 0x29, 0x23, 0x08, 0x20, 0x31, 0x63, 0x7b, 0x69, 0x9c, 0x2c,
	0xbd, 0x30, 0x6a, 0xa8, 0x5a, 0x47, 0x5a, 0x47, 0x5a, 0x47, 0x5a, 0x27, 0x52, 0x26, 0x52, 0x06,
	0x52, 0x06, 0x52, 0x06, 0x52, 0x06, 0x52, 0x06, 0x4a, 0x06, 0x4a, 0x06, 0x49, 0xe6, 0x49, 0xe6,
	0x4a, 0x06, 0x49, 0xe6, 0x49, 0xc5, 0x41, 0xc5, 0x41, 0xa4, 0x41, 0xa4, 0x39, 0x83, 0x39, 0x83,
	0x39, 0x83, 0x39, 0x83, 0x31, 0x83, 0x31, 0x63, 0x31, 0x43, 0x29, 0x22, 0x20, 0xe2, 0x18, 0xc2,
	0x18, 0xc2, 0x18, 0xe2, 0x18, 0xe2, 0x18, 0xc2, 0x18, 0xc2, 0x18, 0xe2, 0x11, 0x03, 0x11, 0x03,
	0x10, 0xe2, 0x21, 0x23, 0x21, 0x43, 0x21, 0x23, 0x10, 0xa1, 0x10, 0xe2, 0x10, 0xe3, 0x08, 0x41,
	0x08, 0xa2, 0x09, 0x24, 0x00, 0xa2, 0x08, 0x81, 0x31, 0xa5, 0x21, 0x23, 0x10, 0xa1, 0x29, 0xa6,
	0x32, 0x27, 0x18, 0xe2, 0x19, 0x44, 0x21, 0x23, 0x08, 0x81, 0x18, 0xe2, 0x10, 0xc2, 0x18, 0xc2,
	0x5a, 0x06, 0x5a, 0x06, 0x5a, 0x06, 0x5a, 0x26, 0x5a, 0x26, 0x5a, 0x26, 0x5a, 0x26, 0x5a, 0x26,
	0x5a, 0x26, 0x5a, 0x26, 0x5a, 0x26, 0x5a, 0x26, 0x5a, 0x26, 0x5a, 0x05, 0x52, 0x05, 0x51, 0xe5,
	0x51, 0xe5, 0x52, 0x05, 0x5a, 0x26, 0x5a, 0x46, 0x5a, 0x46, 0x5a, 0x26, 0x5a, 0x05, 0x51, 0xe5,
	0x51, 0xe5, 0x51, 0xe5, 0x51, 0xe5, 0x51, 0xe5, 0x52, 0x05, 0x5a, 0x26, 0x5a, 0x26, 0x5a, 0x26,
	0x6a, 0xea, 0x7c, 0x10, 0x6b, 0x4d, 0x10, 0x81, 0x31, 0x65, 0x84, 0x51, 0x94, 0xf4, 0x9d, 0x55,
	0xad, 0x97, 0xad, 0xd8, 0xb5, 0xf8, 0xb5, 0xf8, 0xbe, 0x18, 0xb5, 0xf7, 0xb5, 0xd7, 0xb5, 0xb5,
	0xb5, 0x95, 0xad, 0x94, 0xb5, 0x94, 0xb5, 0x94, 0xb5, 0x53, 0xad, 0x32, 0xac, 0xf0, 0xac, 0xf0,
	0xac, 0xaf, 0x9c, 0x6d, 0x8b, 0xec, 0x41, 0xe5, 0x00, 0x00, 0x31, 0x43, 0x8b, 0xaa, 0x8b, 0xcb,
	0xb4, 0xef, 0x9c, 0x4e, 0x52, 0x27, 0x5a, 0x67, 0x5a, 0x47, 0x5a, 0x27, 0x52, 0x26, 0x52, 0x06,
	0x52, 0x06, 0x49, 0xe6, 0x49, 0xe6, 0x49, 0xe6, 0x49, 0xe5, 0x49, 0xc5, 0x49, 0xc5, 0x49, 0xe6,
	0x49, 0xe6, 0x49, 0xe5, 0x49, 0xe5, 0x41, 0xc5, 0x41, 0xa4, 0x41, 0xa4, 0x39, 0xa3, 0x39, 0x83,
	0x39, 0x83, 0x39, 0xa3, 0x39, 0x83, 0x39, 0x83, 0x31, 0x63, 0x29, 0x22, 0x20, 0xe2, 0x18, 0xc2,
	0x18, 0xc2, 0x18, 0xc2, 0x18, 0xe2, 0x18, 0xe2, 0x18, 0xe2, 0x18, 0xe2, 0x19, 0x03, 0x19, 0x23,
	0x19, 0x03, 0x19, 0x23, 0x19, 0x02, 0x19, 0x02, 0x10, 0xa1, 0x10, 0xc2, 0x11, 0x03, 0x08, 0x61,
	0x08, 0xc2, 0x00, 0xa2, 0x19, 0xc7, 0x08, 0xa2, 0x29, 0x85, 0x11, 0x24, 0x18, 0xc2, 0x29, 0xe7,
	0x29, 0xe6, 0x10, 0xa1, 0x29, 0xc6, 0x39, 0xe5, 0x08, 0xc2, 0x08, 0xa1, 0x10, 0x81, 0x18, 0xc2,
	0x5a, 0x26, 0x5a, 0x26, 0x5a, 0x26, 0x5a, 0x26, 0x5a, 0x26, 0x5a, 0x26, 0x5a, 0x26, 0x5a, 0x26,
	0x5a, 0x46, 0x5a, 0x46, 0x62, 0x47, 0x62, 0x46, 0x62, 0x46, 0x5a, 0x46, 0x5a, 0x26, 0x5a, 0x05,
	0x5a, 0x05, 0x5a, 0x26, 0x5a, 0x46, 0x62, 0x66, 0x62, 0x46, 0x5a, 0x46, 0x5a, 0x26, 0x5a, 0x05,
	0x51, 0xe5, 0x5a, 0x05, 0x52, 0x05, 0x51, 0xe5, 0x52, 0x05, 0x52, 0x05, 0x5a, 0x06, 0x5a, 0x26,
	0x31, 0x64, 0x63, 0x0c, 0x6b, 0x2c, 0x18, 0xa2, 0x39, 0xa6, 0x8c, 0x71, 0x94, 0xb3, 0x94, 0xf3,
	0x9d, 0x35, 0xa5, 0x96, 0xad, 0xb7, 0xb5, 0xf8, 0xb5, 0xf8, 0xb5, 0xd7, 0xb5, 0xd7, 0xb5, 0xb6,
	0xb5, 0xb6, 0xb5, 0xd6, 0xb5, 0x95, 0xb5, 0x53, 0xb5, 0x52, 0xad, 0x32, 0xa4, 0xcf, 0xa4, 0xaf,
	0xa4, 0x8e, 0x9c, 0x4d, 0x8b, 0xcb, 0x52, 0x26, 0x08, 0x20, 0x18, 0xa1, 0x7b, 0x49, 0x83, 0xab,
	0x8b, 0xeb, 0xac, 0xae, 0x6a, 0xa8, 0x5a, 0x47, 0x5a, 0x47, 0x5a, 0x27, 0x52, 0x27, 0x52, 0x06,
	0x52, 0x06, 0x49, 0xe6, 0x49, 0xc5, 0x49, 0xc5, 0x49, 0xc5, 0x49, 0xc5, 0x49, 0xc5, 0x49, 0xc5,
	0x41, 0xc5, 0x41, 0xc5, 0x41, 0xc5, 0x41, 0xa4, 0x41, 0xa4, 0x41, 0xa4, 0x41, 0xa4, 0x41, 0xa4,
	0x41, 0xa4, 0x41, 0xa4, 0x39, 0x84, 0x39, 0x83, 0x39, 0x83, 0x31, 0x43, 0x20, 0xe2, 0x18, 0xc2,
	0x18, 0xc2, 0x18, 0xc2, 0x18, 0xc2, 0x18, 0xe2, 0x18, 0xe2, 0x19, 0x03, 0x19, 0x03, 0x19, 0x23,
	0x19, 0x23, 0x19, 0x03, 0x18, 0xe2, 0x18, 0xe2, 0x10, 0x81, 0x10, 0xc2, 0x11, 0x03, 0x08, 0x61,
	0x08, 0xa2, 0x11, 0xa7, 0x1a, 0x49, 0x11, 0x85, 0x00, 0xc2, 0x10, 0xc2, 0x29, 0x23, 0x32, 0x28,
	0x21, 0x85, 0x10, 0x81, 0x2a, 0x07, 0x31, 0xe6, 0x08, 0xc2, 0x11, 0x24, 0x10, 0xa1, 0x10, 0xe3,
	0x5a, 0x26, 0x5a, 0x26, 0x5a, 0x26, 0x5a, 0x26, 0x5a, 0x26, 0x5a, 0x26, 0x5a, 0x26, 0x5a, 0x26,
	0x5a, 0x46, 0x62, 0x47, 0x62, 0x67, 0x62, 0x67, 0x62, 0x67, 0x62, 0x67, 0x62, 0x46, 0x5a, 0x46,
	0x5a, 0x46, 0x62, 0x46, 0x62, 0x67, 0x62, 0x67, 0x62, 0x67, 0x62, 0x67, 0x5a, 0x46, 0x5a, 0x26,
	0x5a, 0x05, 0x5a, 0x26, 0x5a, 0x26, 0x5a, 0x26, 0x5a, 0x25, 0x5a, 0x05, 0x5a, 0x25, 0x5a, 0x26,
	0x08, 0x20, 0x42, 0x28, 0x6b, 0x4d, 0x18, 0xa2, 0x63, 0x2c, 0x84, 0x51, 0x8c, 0x72, 0x94, 0xb3,
	0x94, 0xf4, 0x9d, 0x35, 0xa5, 0x76, 0xad, 0xb6, 0xb5, 0xd7, 0xb5, 0xd7, 0xb5, 0xb6, 0xb5, 0xd6,
	0xb5, 0xb6, 0xad, 0x74, 0xad, 0x32, 0xad, 0x32, 0xad, 0x32, 0xa4, 0xf1, 0xa4, 0x8f, 0x9c, 0x6e,
	0x94, 0x2d, 0x8b, 0xec, 0x83, 0xab, 0x31, 0x64, 0x08, 0x20, 0x10, 0x81, 0x73, 0x09, 0x83, 0x8a,
	0x73, 0x29, 0x7b, 0x4a, 0x62, 0xa8, 0x5a, 0x27, 0x5a, 0x47, 0x52, 0x26, 0x52, 0x06, 0x52, 0x06,
	0x4a, 0x06, 0x49, 0xe5, 0x49, 0xc5, 0x49, 0xc5, 0x49, 0xc5, 0x49, 0xc5, 0x41, 0xc5, 0x41, 0xc5,
	0x41, 0xa4, 0x41, 0xa4, 0x41, 0x84, 0x41, 0x84, 0x41, 0xa4, 0x41, 0xc4, 0x41, 0xc4, 0x41, 0xc4,
	0x41, 0xc4, 0x41, 0xc4, 0x41, 0xa4, 0x41, 0xa4, 0x39, 0x84, 0x31, 0x63, 0x29, 0x02, 0x20, 0xe2,
	0x20, 0xc2, 0x18, 0xc2, 0x18, 0xc2, 0x18, 0xe2, 0x18, 0xe2, 0x18, 0xe2, 0x19, 0x03, 0x19, 0x23,
	0x19, 0x23, 0x19, 0x23, 0x18, 0xe2, 0x10, 0xc1, 0x10, 0x81, 0x10, 0xc2, 0x19, 0x03, 0x00, 0x40,
	0x08, 0xe3, 0x11, 0xe8, 0x11, 0xe8, 0x09, 0x04, 0x08, 0x61, 0x10, 0xa2, 0x29, 0x85, 0x32, 0x48,
	0x19, 0x23, 0x10, 0xa1, 0x21, 0xc7, 0x21, 0x85, 0x10, 0xc2, 0x21, 0xc6, 0x11, 0x03, 0x08, 0xc2,
	0x5a, 0x26, 0x5a, 0x26, 0x5a, 0x26, 0x5a, 0x26, 0x5a, 0x26, 0x5a, 0x46, 0x5a, 0x46, 0x5a, 0x46,
	0x62, 0x47, 0x62, 0x67, 0x62, 0x67, 0x62, 0x67, 0x62, 0x67, 0x62, 0x67, 0x62, 0x67, 0x62, 0x67,
	0x62, 0x66, 0x62, 0x67, 0x62, 0x87, 0x6a, 0x87, 0x62, 0x87, 0x62, 0x87, 0x62, 0x67, 0x5a, 0x46,
	0x5a, 0x46, 0x5a, 0x46, 0x5a, 0x46, 0x5a, 0x46, 0x5a, 0x46, 0x5a, 0x26, 0x5a, 0x26, 0x5a, 0x47,
	0x10, 0xa2, 0x39, 0xa6, 0x52, 0xaa, 0x18, 0xc2, 0x73, 0xae, 0x84, 0x30, 0x84, 0x51, 0x8c, 0x92,
	0x8c, 0xb2, 0x94, 0xd3, 0x9d, 0x34, 0xa5, 0x34, 0xad, 0x75, 0xad, 0x95, 0xb5, 0x95, 0xb5, 0x95,
	0xad, 0x33, 0xa5, 0x12, 0xa5, 0x12, 0xad, 0x12, 0xa4, 0xf1, 0x9c, 0xaf, 0x9c, 0x6e, 0x9c, 0x4e,
	0x8b, 0xec, 0x8b, 0xcb, 0x83, 0x8a, 0x6a, 0xe8, 0x20, 0xe2, 0x08, 0x20, 0x52, 0x46, 0x7b, 0x4a,
	0x6a, 0xe9, 0x29, 0x23, 0x31, 0x23, 0x5a, 0x67, 0x52, 0x26, 0x52, 0x26, 0x52, 0x06, 0x52, 0x06,
	0x52, 0x06, 0x49, 0xe5, 0x49, 0xe5, 0x49, 0xc5, 0x41, 0xa5, 0x41, 0xa4, 0x41, 0xa4, 0x41, 0x84,
	0x41, 0x84, 0x41, 0x64, 0x41, 0x84, 0x41, 0x84, 0x41, 0xa4, 0x41, 0xa4, 0x41, 0xc4, 0x49, 0xc4,
	0x49, 0xc4, 0x49, 0xe5, 0x49, 0xe5, 0x41, 0xc5, 0x41, 0xa4, 0x39, 0x84, 0x31, 0x43, 0x29, 0x02,
	0x20, 0xe2, 0x20, 0xe2, 0x20, 0xe2, 0x20, 0xe2, 0x18, 0xc2, 0x18, 0xc2, 0x19, 0x03, 0x19, 0x23,
	0x19, 0x23, 0x19, 0x23, 0x18, 0xe2, 0x10, 0xa1, 0x10, 0x81, 0x10, 0xe2, 0x11, 0x03, 0x08, 0x40,
	0x11, 0x65, 0x19, 0x65, 0x11, 0x04, 0x10, 0xe2, 0x21, 0x03, 0x10, 0xa1, 0x29, 0xe7, 0x21, 0xc6,
	0x10, 0xa1, 0x18, 0xc2, 0x19, 0x44, 0x11, 0x03, 0x18, 0xe2, 0x19, 0xc6, 0x11, 0x24, 0x11, 0x03,
	0x5a, 0x26, 0x5a, 0x26, 0x5a, 0x26, 0x5a, 0x26, 0x5a, 0x46, 0x5a, 0x46, 0x5a, 0x47, 0x5a, 0x47,
	0x5a, 0x47, 0x62, 0x47, 0x62, 0x67, 0x62, 0x67, 0x62, 0x67, 0x62, 0x67, 0x62, 0x67, 0x62, 0x67,
	0x62, 0x67, 0x62, 0x67, 0x6a, 0x87, 0x6a, 0xa8, 0x6a, 0xa7, 0x62, 0x87, 0x62, 0x67, 0x62, 0x47,
	0x62, 0x47, 0x62, 0x47, 0x62, 0x47, 0x5a, 0x46, 0x5a, 0x46, 0x5a, 0x46, 0x62, 0x46, 0x39, 0x85,
	0x08, 0x61, 0x20, 0xe3, 0x29, 0x24, 0x10, 0x82, 0x73, 0xae, 0x84, 0x0f, 0x84, 0x10, 0x8c, 0x71,
	0x8c, 0x71, 0x8c, 0x92, 0x94, 0xb2, 0x94, 0xd2, 0x9d, 0x13, 0xa5, 0x34, 0xad, 0x54, 0xa5, 0x33,
	0xa4, 0xf2, 0x9c, 0xd1, 0x9c, 0xd1, 0x9c, 0xb0, 0x9c, 0xb0, 0x9c, 0x6e, 0x94, 0x4e, 0x8c, 0x0c,
	0x83, 0xab, 0x83, 0x8b, 0x83, 0x8a, 0x83, 0xab, 0x41, 0xc5, 0x00, 0x00, 0x29, 0x23, 0x7b, 0x49,
	0x52, 0x26, 0x00, 0x00, 0x29, 0x23, 0x5a, 0x47, 0x52, 0x26, 0x52, 0x26, 0x52, 0x26, 0x52, 0x06,
	0x52, 0x06, 0x49, 0xe5, 0x49, 0xe5, 0x49, 0xc5, 0x41, 0xa4, 0x41, 0x84, 0x39, 0x63, 0x39, 0x63,
	0x39, 0x63, 0x39, 0x63, 0x41, 0x84, 0x41, 0x84, 0x41, 0x84, 0x41, 0xa4, 0x49, 0xc4, 0x49, 0xc5,
	0x49, 0xe5, 0x52, 0x05, 0x52, 0x06, 0x4a, 0x05, 0x49, 0xc5, 0x41, 0x84, 0x39, 0x43, 0x29, 0x02,
	0x20, 0xe2, 0x20, 0xe2, 0x20, 0xe2, 0x20, 0xe2, 0x18, 0xc2, 0x10, 0xc2, 0x10, 0xe2, 0x11, 0x03,
	0x19, 0x23, 0x19, 0x23, 0x19, 0x23, 0x18, 0xc2, 0x10, 0x81, 0x10, 0xc2, 0x11, 0x03, 0x08, 0x81,
	0x08, 0xc2, 0x21, 0x85, 0x11, 0x03, 0x2a, 0x07, 0x29, 0x64, 0x08, 0xa2, 0x11, 0x24, 0x19, 0x23,
	0x10, 0xa1, 0x18, 0xc2, 0x10, 0xe2, 0x10, 0xc2, 0x18, 0xe2, 0x11, 0x24, 0x11, 0x24, 0x29, 0xa5,
	0x5a, 0x26, 0x52, 0x26, 0x5a, 0x26, 0x5a, 0x46, 0x5a, 0x47, 0x5a, 0x46, 0x5a, 0x47, 0x62, 0x47,
	0x5a, 0x47, 0x5a, 0x47, 0x5a, 0x47, 0x5a, 0x46, 0x5a, 0x46, 0x5a, 0x46, 0x5a, 0x46, 0x62, 0x47,
	0x62, 0x67, 0x62, 0x67, 0x62, 0x87, 0x62, 0x87, 0x62, 0x87, 0x62, 0x87, 0x62, 0x87, 0x62, 0x67,
	0x62, 0x67, 0x62, 0x67, 0x62, 0x67, 0x62, 0x47, 0x5a, 0x46, 0x62, 0x47, 0x62, 0x47, 0x10, 0x81,
	0x00, 0x00, 0x08, 0x41, 0x08, 0x40, 0x29, 0x65, 0x7b, 0xef, 0x7b, 0xef, 0x7b, 0xef, 0x84, 0x0f,
	0x84, 0x51, 0x84, 0x30, 0x8c, 0x71, 0x8c, 0x91, 0x94, 0xb2, 0x9c, 0xd2, 0x9c, 0xd2, 0x9c, 0xd1,
	0x9c, 0xd1, 0x9c, 0xb0, 0x94, 0x6f, 0x94, 0x4f, 0x94, 0x2e, 0x8b, 0xed, 0x8c, 0x0d, 0x83, 0xcc,
	0x83, 0x8b, 0x7b, 0x6a, 0x7b, 0x6a, 0x7b, 0x4a, 0x39, 0x84, 0x00, 0x00, 0x29, 0x03, 0x6a, 0xe8,
	0x29, 0x43, 0x00, 0x00, 0x18, 0xa2, 0x52, 0x06, 0x5a, 0x26, 0x52, 0x06, 0x52, 0x26, 0x52, 0x26,
	0x52, 0x06, 0x51, 0xe5, 0x49, 0xe5, 0x49, 0xa5, 0x41, 0x84, 0x41, 0x63, 0x39, 0x63, 0x39, 0x63,
	0x39, 0x63, 0x39, 0x63, 0x39, 0x63, 0x41, 0x63, 0x41, 0x84, 0x49, 0xa4, 0x49, 0xe5, 0x49, 0xe5,
	0x51, 0xe5, 0x52, 0x05, 0x52, 0x26, 0x52, 0x26, 0x49, 0xe5, 0x41, 0xa4, 0x39, 0x84, 0x31, 0x43,
	0x29, 0x02, 0x28, 0xe2, 0x20, 0xe2, 0x20, 0xe2, 0x18, 0xc2, 0x10, 0xc2, 0x10, 0xc2, 0x19, 0x03,
	0x19, 0x43, 0x21, 0x43, 0x19, 0x43, 0x19, 0x02, 0x10, 0xa2, 0x10, 0xa1, 0x09, 0x03, 0x08, 0x61,
	0x08, 0x81, 0x11, 0x45, 0x09, 0x04, 0x32, 0x69, 0x21, 0x44, 0x08, 0xe2, 0x20, 0xe2, 0x29, 0x43,
	0x10, 0x81, 0x18, 0xe2, 0x10, 0xc2, 0x18, 0xe2, 0x18, 0xc2, 0x10, 0xc2, 0x19, 0x03, 0x31, 0xe7,
	0x5a, 0x26, 0x5a, 0x26, 0x5a, 0x26, 0x5a, 0x47, 0x5a, 0x47, 0x62, 0x47, 0x62, 0x47, 0x62, 0x47,
	0x62, 0x47, 0x5a, 0x47, 0x5a, 0x26, 0x5a, 0x26, 0x5a, 0x26, 0x5a, 0x26, 0x5a, 0x26, 0x5a, 0x26,
	0x62, 0x47, 0x62, 0x67, 0x62, 0x67, 0x62, 0x67, 0x62, 0x87, 0x62, 0x87, 0x6a, 0x87, 0x62, 0x87,
	0x62, 0x67, 0x62, 0x67, 0x62, 0x67, 0x62, 0x67, 0x62, 0x67, 0x6a, 0x87, 0x49, 0xe5, 0x00, 0x00,
	0x00, 0x20, 0x10, 0x81, 0x10, 0x61, 0x4a, 0x49, 0x84, 0x0f, 0x7b, 0xce, 0x7b, 0xce, 0x7b, 0xee,
	0x84, 0x0f, 0x84, 0x0f, 0x84, 0x30, 0x8c, 0x50, 0x8c, 0x50, 0x8c, 0x70, 0x94, 0x70, 0x94, 0x90,
	0x94, 0x90, 0x94, 0x6f, 0x8c, 0x4e, 0x8c, 0x0e, 0x83, 0xcd, 0x7b, 0x8b, 0x7b, 0x8c, 0x83, 0x8b,
	0x7b, 0x8b, 0x7b, 0x6a, 0x7b, 0x6a, 0x73, 0x29, 0x31, 0x43, 0x08, 0x20, 0x08, 0x40, 0x49, 0xe5,
	0x29, 0x43, 0x00, 0x00, 0x00, 0x00, 0x41, 0x84, 0x5a, 0x26, 0x52, 0x06, 0x52, 0x06, 0x52, 0x26,
	0x52, 0x26, 0x52, 0x06, 0x51, 0xe5, 0x49, 0xc4, 0x41, 0xa4, 0x41, 0x84, 0x41, 0x83, 0x41, 0x63,
	0x41, 0x63, 0x41, 0x63, 0x41, 0x63, 0x41, 0x63, 0x49, 0xa4, 0x49, 0xc4, 0x49, 0xc4, 0x51, 0xe5,
	0x52, 0x05, 0x52, 0x06, 0x52, 0x26, 0x52, 0x06, 0x4a, 0x05, 0x49, 0xe5, 0x41, 0xa4, 0x39, 0x63,
	0x31, 0x43, 0x29, 0x23, 0x29, 0x02, 0x28, 0xe2, 0x18, 0xc2, 0x10, 0xc2, 0x10, 0xe2, 0x19, 0x23,
	0x19, 0x43, 0x19, 0x23, 0x19, 0x43, 0x19, 0x03, 0x10, 0xa2, 0x10, 0xc2, 0x08, 0x81, 0x08, 0x20,
	0x11, 0x24, 0x11, 0x45, 0x11, 0x45, 0x22, 0x28, 0x08, 0xc2, 0x29, 0xe6, 0x29, 0x64, 0x31, 0xa4,
	0x10, 0x81, 0x10, 0xc2, 0x10, 0xc2, 0x18, 0xc2, 0x10, 0xc2, 0x19, 0x02, 0x19, 0x03, 0x29, 0xe7,
	0x5a, 0x46, 0x5a, 0x46, 0x5a, 0x47, 0x62, 0x47, 0x62, 0x67, 0x62, 0x67, 0x62, 0x67, 0x62, 0x67,
	0x5a, 0x47, 0x5a, 0x46, 0x5a, 0x26, 0x5a, 0x26, 0x5a, 0x26, 0x5a, 0x06, 0x52, 0x06, 0x5a, 0x06,
	0x5a, 0x26, 0x5a, 0x46, 0x62, 0x67, 0x62, 0x67, 0x62, 0x87, 0x62, 0x87, 0x62, 0x87, 0x62, 0x87,
	0x62, 0x67, 0x62, 0x67, 0x62, 0x67, 0x62, 0x67, 0x62, 0x67, 0x6a, 0x88, 0x29, 0x03, 0x18, 0xc3,
	0x42, 0x28, 0x20, 0xe3, 0x08, 0x40, 0x52, 0xaa, 0x84, 0x30, 0x7b, 0xef, 0x7b, 0xae, 0x7b, 0xad,
	0x7b, 0xce, 0x7b, 0xef, 0x84, 0x0f, 0x84, 0x0f, 0x84, 0x2f, 0x84, 0x2f, 0x8c, 0x70, 0x94, 0x70,
	0x94, 0x70, 0x94, 0x4f, 0x8c, 0x2e, 0x8b, 0xed, 0x83, 0xac, 0x6b, 0x0a, 0x73, 0x2a, 0x83, 0xab,
	0x7b, 0x6a, 0x7b, 0x6a, 0x7b, 0x4a, 0x7b, 0x29, 0x31, 0x64, 0x08, 0x40, 0x00, 0x20, 0x31, 0x64,
	0x31, 0x43, 0x00, 0x00, 0x00, 0x00, 0x29, 0x03, 0x5a, 0x06, 0x51, 0xe5, 0x52, 0x05, 0x52, 0x05,
	0x52, 0x05, 0x52, 0x05, 0x52, 0x05, 0x49, 0xe5, 0x49, 0xa4, 0x49, 0xa4, 0x41, 0xa4, 0x41, 0x84,
	0x41, 0x84, 0x41, 0x84, 0x41, 0x84, 0x49, 0x84, 0x49, 0xa4, 0x49, 0xc4, 0x49, 0xc4, 0x51, 0xe5,
	0x52, 0x05, 0x52, 0x06, 0x52, 0x06, 0x52, 0x06, 0x52, 0x05, 0x49, 0xe5, 0x49, 0xc5, 0x41, 0x84,
	0x39, 0x64, 0x39, 0x63, 0x31, 0x23, 0x20, 0xe2, 0x18, 0xe2, 0x18, 0xe3, 0x11, 0x03, 0x19, 0x23,
	0x19, 0x23, 0x19, 0x02, 0x19, 0x03, 0x18, 0xe2, 0x10, 0xa1, 0x08, 0xa2, 0x08, 0x61, 0x08, 0x81,
	0x09, 0x04, 0x08, 0xa2, 0x19, 0xc7, 0x11, 0xa6, 0x10, 0xc2, 0x3a, 0x69, 0x29, 0xa5, 0x32, 0x06,
	0x19, 0x02, 0x08, 0xa2, 0x10, 0xa2, 0x10, 0xa1, 0x10, 0xc2, 0x21, 0x23, 0x19, 0x24, 0x29, 0xc7,
	0x5a, 0x46, 0x5a, 0x47, 0x62, 0x47, 0x62, 0x67, 0x62, 0x67, 0x62, 0x67, 0x62, 0x67, 0x62, 0x67,
	0x62, 0x67, 0x62, 0x47, 0x5a, 0x47, 0x5a, 0x46, 0x5a, 0x26, 0x5a, 0x06, 0x52, 0x06, 0x5a, 0x06,
	0x5a, 0x26, 0x5a, 0x26, 0x62, 0x47, 0x62, 0x67, 0x62, 0x67, 0x62, 0x87, 0x62, 0x87, 0x62, 0x87,
	0x62, 0x87, 0x62, 0x67, 0x62, 0x67, 0x62, 0x67, 0x6a, 0x87, 0x52, 0x26, 0x18, 0xe3, 0x4a, 0x27,
	0x52, 0x69, 0x18, 0xc3, 0x10, 0x81, 0x6b, 0x4d, 0x84, 0x10, 0x7b, 0xef, 0x7b, 0xce, 0x73, 0x8d,
	0x7b, 0xad, 0x7b, 0xce, 0x83, 0xee, 0x84, 0x0e, 0x84, 0x0e, 0x84, 0x0f, 0x8c, 0x2f, 0x8c, 0x4f,
	0x8c, 0x2f, 0x8c, 0x0e, 0x8b, 0xed, 0x83, 0xcc, 0x83, 0xcc, 0x4a, 0x27, 0x5a, 0x67, 0x83, 0x8b,
	0x7b, 0x4a, 0x7b, 0x6a, 0x7b, 0x4a, 0x83, 0x8a, 0x62, 0xa8, 0x10, 0x81, 0x08, 0x40, 0x18, 0xc2,
	0x31, 0x43, 0x31, 0x43, 0x18, 0xa2, 0x08, 0x40, 0x51, 0xe5, 0x51, 0xe5, 0x51, 0xe5, 0x51, 0xe5,
	0x52, 0x05, 0x51, 0xe5, 0x51, 0xe5, 0x49, 0xe5, 0x49, 0xc5, 0x49, 0xc4, 0x49, 0xa4, 0x49, 0xa4,
	0x49, 0xa4, 0x49, 0xa4, 0x49, 0xc4, 0x51, 0xe5, 0x51, 0xc5, 0x51, 0xe5, 0x51, 0xe5, 0x51, 0xe5,
	0x52, 0x05, 0x52, 0x06, 0x52, 0x06, 0x52, 0x06, 0x52, 0x26, 0x52, 0x06, 0x49, 0xe5, 0x41, 0xa5,
	0x41, 0xa5, 0x39, 0x84, 0x31, 0x43, 0x29, 0x02, 0x18, 0xe2, 0x19, 0x03, 0x19, 0x03, 0x19, 0x23,
	0x19, 0x23, 0x18, 0xe2, 0x18, 0xc2, 0x10, 0xc2, 0x10, 0xa1, 0x08, 0x81, 0x10, 0xc2, 0x08, 0xe3,
	0x00, 0x60, 0x08, 0x40, 0x22, 0x08, 0x11, 0x03, 0x21, 0x23, 0x32, 0x68, 0x29, 0xa5, 0x32, 0x27,
	0x19, 0x43, 0x00, 0xa2, 0x18, 0xc1, 0x21, 0x02, 0x10, 0xe2, 0x21, 0x43, 0x19, 0x24, 0x21, 0xc7,
	0x5a, 0x46, 0x5a, 0x47, 0x62, 0x47, 0x62, 0x67, 0x62, 0x67, 0x62, 0x67, 0x62, 0x67, 0x62, 0x67,
	0x62, 0x67, 0x62, 0x67, 0x62, 0x67, 0x62, 0x67, 0x5a, 0x47, 0x5a, 0x26, 0x5a, 0x26, 0x5a, 0x26,
	0x5a, 0x26, 0x5a, 0x47, 0x62, 0x67, 0x62, 0x67, 0x62, 0x67, 0x62, 0x87, 0x62, 0x88, 0x62, 0x87,
	0x62, 0x87, 0x62, 0x87, 0x62, 0x87, 0x62, 0x67, 0x6a, 0xa8, 0x42, 0x07, 0x31, 0xa5, 0x29, 0x44,
	0x29, 0x65, 0x10, 0x81, 0x31, 0x86, 0x84, 0x10, 0x7b, 0xcf, 0x7b, 0xef, 0x7b, 0xce, 0x7b, 0xad,
	0x7b, 0xad, 0x7b, 0xce, 0x7b, 0xcd, 0x7b, 0xee, 0x7b, 0xee, 0x83, 0xee, 0x84, 0x0e, 0x84, 0x0e,
	0x83, 0xed, 0x83, 0xed, 0x83, 0xcc, 0x83, 0xac, 0x83, 0xcc, 0x73, 0x2a, 0x73, 0x4a, 0x7b, 0x6b,
	0x7b, 0x6b, 0x7b, 0x6a, 0x7b, 0x6a, 0x83, 0x8a, 0x7b, 0x6a, 0x20, 0xe2, 0x08, 0x40, 0x08, 0x40,
	0x18, 0xc2, 0x49, 0xe5, 0x4a, 0x06, 0x20, 0xc2, 0x41, 0xa4, 0x52, 0x06, 0x51, 0xe5, 0x51, 0xe5,
	0x51, 0xe5, 0x51, 0xe5, 0x52, 0x05, 0x52, 0x05, 0x51, 0xe5, 0x49, 0xe5, 0x49, 0xc5, 0x49, 0xc5,
	0x49, 0xc5, 0x51, 0xe5, 0x51, 0xe5, 0x51, 0xe5, 0x51, 0xe5, 0x51, 0xe5, 0x51, 0xe5, 0x52, 0x05,
	0x52, 0x26, 0x5a, 0x26, 0x5a, 0x46, 0x5a, 0x46, 0x5a, 0x46, 0x5a, 0x26, 0x52, 0x26, 0x52, 0x06,
	0x49, 0xe5, 0x41, 0xc5, 0x39, 0x64, 0x29, 0x03, 0x20, 0xe2, 0x19, 0x03, 0x19, 0x23, 0x19, 0x23,
	0x19, 0x03, 0x18, 0xc2, 0x10, 0xc1, 0x10, 0xc2, 0x10, 0xa1, 0x08, 0x81, 0x08, 0xc2, 0x08, 0x61,
	0x10, 0xe2, 0x08, 0x82, 0x11, 0x65, 0x10, 0xe3, 0x29, 0x64, 0x32, 0x68, 0x29, 0x84, 0x19, 0x65,
	0x10, 0xe2, 0x10, 0xa2, 0x18, 0xc1, 0x31, 0x83, 0x10, 0xe2, 0x21, 0x02, 0x19, 0x44, 0x21, 0xe7,
	0x5a, 0x26, 0x5a, 0x46, 0x5a, 0x46, 0x62, 0x47, 0x62, 0x67, 0x62, 0x67, 0x62, 0x87, 0x62, 0x87,
	0x62, 0x87, 0x62, 0x67, 0x62, 0x67, 0x62, 0x67, 0x62, 0x67, 0x62, 0x67, 0x5a, 0x47, 0x5a, 0x47,
	0x5a, 0x47, 0x62, 0x47, 0x62, 0x67, 0x62, 0x87, 0x62, 0x88, 0x62, 0x88, 0x6a, 0x88, 0x62, 0x87,
	0x62, 0x87, 0x6a, 0x88, 0x62, 0x67, 0x62, 0x88, 0x73, 0x8e, 0x5a, 0xcb, 0x52, 0x48, 0x18, 0xc3,
	0x18, 0xe3, 0x10, 0x61, 0x31, 0x65, 0x7c, 0x0f, 0x7b, 0xcf, 0x7b, 0xce, 0x7b, 0xad, 0x7b, 0xce,
	0x7b, 0xad, 0x7b, 0xad, 0x7b, 0xcd, 0x7b, 0xce, 0x7b, 0xad, 0x83, 0xee, 0x83, 0xcd, 0x83, 0xcd,
	0x83, 0xcd, 0x7b, 0x8c, 0x7b, 0x8b, 0x83, 0xac, 0x83, 0xac, 0x83, 0xac, 0x7b, 0x8b, 0x7b, 0x6a,
	0x7b, 0x8b, 0x7b, 0x6a, 0x7b, 0x6a, 0x7b, 0x6a, 0x83, 0xab, 0x41, 0xc5, 0x08, 0x40, 0x08, 0x20,
	0x18, 0xc2, 0x41, 0xe5, 0x21, 0x03, 0x41, 0xc5, 0x39, 0x84, 0x5a, 0x46, 0x52, 0x06, 0x52, 0x06,
	0x52, 0x06, 0x52, 0x26, 0x5a, 0x26, 0x5a, 0x26, 0x52, 0x05, 0x52, 0x05, 0x52, 0x06, 0x52, 0x06,
	0x52, 0x05, 0x52, 0x05, 0x52, 0x05, 0x52, 0x05, 0x52, 0x05, 0x52, 0x05, 0x5a, 0x26, 0x5a, 0x26,
	0x5a, 0x46, 0x5a, 0x46, 0x5a, 0x47, 0x5a, 0x47, 0x5a, 0x46, 0x5a, 0x46, 0x5a, 0x46, 0x52, 0x26,
	0x52, 0x26, 0x49, 0xe5, 0x41, 0xa4, 0x31, 0x23, 0x21, 0x02, 0x18, 0xe2, 0x19, 0x03, 0x19, 0x23,
	0x19, 0x03, 0x18, 0xe2, 0x10, 0xc2, 0x10, 0xc2, 0x10, 0xa1, 0x08, 0x81, 0x08, 0x81, 0x08, 0x40,
	0x19, 0x65, 0x11, 0xa7, 0x00, 0x81, 0x18, 0xe2, 0x29, 0x85, 0x32, 0x48, 0x21, 0x23, 0x10, 0xe2,
	0x21, 0x02, 0x20, 0xe2, 0x10, 0xa1, 0x10, 0xc2, 0x10, 0xa1, 0x18, 0xc1, 0x21, 0x65, 0x21, 0xe7,
	0x5a, 0x26, 0x5a, 0x26, 0x5a, 0x26, 0x5a, 0x46, 0x62, 0x47, 0x62, 0x67, 0x62, 0x87, 0x62, 0x87,
	0x62, 0x87, 0x62, 0x87, 0x62, 0x87, 0x62, 0x87, 0x62, 0x87, 0x62, 0x87, 0x62, 0x67, 0x62, 0x67,
	0x62, 0x67, 0x62, 0x67, 0x62, 0x88, 0x62, 0x88, 0x62, 0x88, 0x62, 0x88, 0x62, 0x87, 0x62, 0x87,
	0x62, 0x87, 0x62, 0x87, 0x6a, 0xa8, 0x7b, 0xcf, 0x63, 0x2c, 0x62, 0xea, 0x29, 0x65, 0x00, 0x20,
	0x10, 0x82, 0x08, 0x40, 0x39, 0xe7, 0x84, 0x0f, 0x7b, 0xce, 0x7b, 0xae, 0x7b, 0xad, 0x7b, 0xae,
	0x7b, 0xce, 0x7b, 0x8d, 0x7b, 0xad, 0x7b, 0x8c, 0x7b, 0xad, 0x7b, 0xad, 0x7b, 0x8c, 0x7b, 0xac,
	0x7b, 0xac, 0x6b, 0x0a, 0x62, 0xe9, 0x83, 0xac, 0x7b, 0xac, 0x7b, 0x8b, 0x73, 0x4a, 0x7b, 0x6b,
	0x7b, 0x8b, 0x7b, 0x6b, 0x7b, 0x8a, 0x7b, 0x6a, 0x7b, 0x6a, 0x5a, 0x67, 0x08, 0x40, 0x08, 0x40,
	0x18, 0xa2, 0x41, 0xe5, 0x10, 0x81, 0x39, 0x84, 0x52, 0x68, 0x6b, 0x0b, 0x5a, 0x26, 0x52, 0x26,
	0x5a, 0x26, 0x5a, 0x46, 0x5a, 0x46, 0x5a, 0x46, 0x5a, 0x26, 0x5a, 0x26, 0x5a, 0x26, 0x52, 0x26,
	0x52, 0x26, 0x52, 0x06, 0x52, 0x06, 0x5a, 0x26, 0x5a, 0x46, 0x5a, 0x47, 0x62, 0x67, 0x5a, 0x47,
	0x5a, 0x67, 0x5a, 0x67, 0x5a, 0x67, 0x62, 0x67, 0x5a, 0x67, 0x5a, 0x46, 0x52, 0x26, 0x5a, 0x46,
	0x52, 0x46, 0x4a, 0x06, 0x41, 0xc5, 0x31, 0x64, 0x20, 0xe2, 0x10, 0xe2, 0x11, 0x03, 0x19, 0x03,
	0x19, 0x23, 0x19, 0x03, 0x10, 0xe2, 0x10, 0xa2, 0x10, 0xa1, 0x08, 0x81, 0x08, 0x81, 0x10, 0xc2,
	0x19, 0xc7, 0x09, 0x86, 0x00, 0x61, 0x18, 0xe2, 0x29, 0x85, 0x32, 0x48, 0x10, 0xc2, 0x21, 0x85,
	0x39, 0xc5, 0x18, 0xc2, 0x10, 0xe2, 0x00, 0xa2, 0x08, 0x61, 0x18, 0xc2, 0x21, 0x86, 0x21, 0xa6,
	0x52, 0x06, 0x5a, 0x26, 0x5a, 0x26, 0x5a, 0x26, 0x5a, 0x47, 0x62, 0x67, 0x62, 0x67, 0x62, 0x87,
	0x62, 0x88, 0x62, 0x88, 0x62, 0x88, 0x62, 0x87, 0x62, 0x87, 0x62, 0x88, 0x62, 0x88, 0x62, 0x88,
	0x62, 0x88, 0x62, 0x88, 0x6a, 0x88, 0x6a, 0x88, 0x62, 0x88, 0x62, 0x67, 0x62, 0x67, 0x62, 0x87,
	0x62, 0x87, 0x62, 0x67, 0x7b, 0xef, 0x5b, 0x0c, 0x52, 0x48, 0x39, 0xc6, 0x08, 0x61, 0x00, 0x00,
	0x08, 0x20, 0x10, 0x81, 0x63, 0x0c, 0x7b, 0xef, 0x7b, 0xae, 0x7b, 0xad, 0x7b, 0xad, 0x7b, 0xad,
	0x7b, 0xad, 0x7b, 0x8c, 0x73, 0x6c, 0x73, 0x8c, 0x7b, 0x8c, 0x7b, 0x8c, 0x7b, 0xac, 0x7b, 0x8c,
	0x7b, 0x8c, 0x4a, 0x27, 0x41, 0xc5, 0x83, 0xac, 0x7b, 0x8b, 0x7b, 0x6b, 0x73, 0x4a, 0x7b, 0x6b,
	0x7b, 0x8b, 0x7b, 0x6a, 0x7b, 0x6a, 0x7b, 0x6a, 0x7b, 0x6a, 0x62, 0xa8, 0x10, 0x81, 0x08, 0x40,
	0x10, 0x61, 0x20, 0xe2, 0x00, 0x20, 0x18, 0xa2, 0x62, 0xa9, 0x6b, 0x6c, 0x6b, 0x2c, 0x5a, 0x26,
	0x5a, 0x26, 0x5a, 0x46, 0x5a, 0x46, 0x5a, 0x26, 0x5a, 0x26, 0x52, 0x26, 0x52, 0x26, 0x52, 0x25,
	0x52, 0x26, 0x52, 0x26, 0x5a, 0x26, 0x5a, 0x47, 0x62, 0x87, 0x62, 0xa8, 0x62, 0x88, 0x62, 0x87,
	0x62, 0x87, 0x62, 0x67, 0x62, 0x67, 0x62, 0x67, 0x5a, 0x67, 0x5a, 0x26, 0x52, 0x26, 0x52, 0x26,
	0x52, 0x26, 0x52, 0x26, 0x49, 0xe5, 0x39, 0x84, 0x21, 0x02, 0x10, 0xe3, 0x11, 0x03, 0x19, 0x03,
	0x19, 0x23, 0x19, 0x23, 0x11, 0x03, 0x10, 0xc2, 0x10, 0xa2, 0x10, 0xa1, 0x08, 0x81, 0x29, 0xc6,
	0x11, 0x66, 0x08, 0xe3, 0x19, 0x65, 0x10, 0xc1, 0x32, 0x07, 0x2a, 0x07, 0x08, 0x81, 0x21, 0xc7,
	0x3a, 0x06, 0x18, 0xc2, 0x08, 0xa2, 0x11, 0x45, 0x19, 0x02, 0x10, 0xe3, 0x19, 0x86, 0x19, 0x44,
	0x5a, 0x06, 0x5a, 0x26, 0x5a, 0x26, 0x5a, 0x26, 0x5a, 0x46, 0x5a, 0x47, 0x62, 0x67, 0x62, 0x67,
	0x62, 0x87, 0x62, 0x87, 0x62, 0x87, 0x62, 0x87, 0x62, 0x87, 0x62, 0x88, 0x62, 0x87, 0x62, 0x87,
	0x62, 0x88, 0x62, 0x88, 0x6a, 0x88, 0x62, 0x88, 0x62, 0x88, 0x62, 0x67, 0x62, 0x67, 0x62, 0x67,
	0x5a, 0x46, 0x7b, 0x8d, 0x52, 0xca, 0x31, 0x44, 0x21, 0x03, 0x08, 0x40, 0x00, 0x20, 0x00, 0x20,
	0x00, 0x20, 0x21, 0x24, 0x7b, 0xae, 0x7b, 0xae, 0x7b, 0xad, 0x7b, 0xad, 0x7b, 0xad, 0x7b, 0xad,
	0x7b, 0x8d, 0x7b, 0x8c, 0x73, 0x6c, 0x73, 0x6c, 0x73, 0x6c, 0x73, 0x6c, 0x7b, 0x8c, 0x73, 0x6c,
	0x73, 0x6b, 0x73, 0x2a, 0x6b, 0x0a, 0x7b, 0x6b, 0x7b, 0x6b, 0x73, 0x4b, 0x73, 0x4a, 0x7b, 0x6b,
	0x73, 0x4a, 0x73, 0x4a, 0x73, 0x4a, 0x7b, 0x4a, 0x7b, 0x6a, 0x5a, 0x67, 0x10, 0x61, 0x08, 0x20,
	0x08, 0x40, 0x08, 0x41, 0x08, 0x40, 0x00, 0x00, 0x39, 0xa5, 0x6b, 0x0b, 0x6b, 0x6e, 0x6a, 0xea,
	0x5a, 0x46, 0x5a, 0x46, 0x5a, 0x46, 0x5a, 0x46, 0x5a, 0x46, 0x52, 0x46, 0x52, 0x25, 0x4a, 0x25,
	0x52, 0x25, 0x52, 0x26, 0x52, 0x46, 0x5a, 0x67, 0x62, 0xa8, 0x6a, 0xc8, 0x6a, 0xa8, 0x62, 0xa8,
	0x62, 0x87, 0x62, 0x87, 0x62, 0x87, 0x62, 0x67, 0x5a, 0x47, 0x52, 0x26, 0x52, 0x26, 0x52, 0x26,
	0x52, 0x26, 0x52, 0x06, 0x49, 0xe5, 0x39, 0x84, 0x21, 0x03, 0x10, 0xe3, 0x11, 0x03, 0x19, 0x03,
	0x19, 0x23, 0x19, 0x23, 0x19, 0x23, 0x10, 0xe2, 0x10, 0xc2, 0x10, 0xa1, 0x08, 0x81, 0x19, 0xc7,
	0x08, 0xa2, 0x09, 0x45, 0x22, 0x28, 0x11, 0x03, 0x19, 0xa6, 0x11, 0x23, 0x08, 0x60, 0x21, 0xc7,
	0x3a, 0x27, 0x10, 0xa1, 0x08, 0x81, 0x21, 0xc6, 0x29, 0xc5, 0x08, 0xc3, 0x19, 0x44, 0x10, 0xe2,
	0x5a, 0x26, 0x5a, 0x26, 0x5a, 0x26, 0x5a, 0x26, 0x5a, 0x46, 0x5a, 0x47, 0x62, 0x47, 0x62, 0x67,
	0x62, 0x67, 0x62, 0x67, 0x62, 0x67, 0x62, 0x67, 0x62, 0x87, 0x62, 0x88, 0x62, 0x87, 0x62, 0x87,
	0x62, 0x87, 0x62, 0x88, 0x62, 0x88, 0x62, 0x88, 0x62, 0x87, 0x62, 0x67, 0x62, 0x67, 0x5a, 0x46,
	0x73, 0x2b, 0x63, 0x0b, 0x31, 0x85, 0x31, 0x64, 0x08, 0x41, 0x00, 0x00, 0x00, 0x00, 0x08, 0x41,
	0x00, 0x20, 0x21, 0x24, 0x73, 0x8e, 0x7b, 0xae, 0x7b, 0xae, 0x7b, 0x8d, 0x7b, 0xad, 0x7b, 0xad,
	0x7b, 0x8d, 0x73, 0x6c, 0x73, 0x4b, 0x73, 0x4b, 0x73, 0x6c, 0x73, 0x4b, 0x73, 0x4b, 0x73, 0x4b,
	0x73, 0x4b, 0x73, 0x6b, 0x73, 0x4b, 0x73, 0x4b, 0x73, 0x4b, 0x73, 0x4a, 0x73, 0x4b, 0x73, 0x4a,
	0x73, 0x2a, 0x73, 0x2a, 0x73, 0x2a, 0x73, 0x09, 0x7b, 0x49, 0x52, 0x47, 0x08, 0x40, 0x08, 0x40,
	0x00, 0x20, 0x08, 0x20, 0x08, 0x61, 0x00, 0x00, 0x08, 0x41, 0x39, 0xa5, 0x5a, 0xca, 0x7b, 0xcf,
	0x6a, 0xa8, 0x5a, 0x46, 0x5a, 0x47, 0x5a, 0x46, 0x5a, 0x46, 0x52, 0x46, 0x52, 0x46, 0x52, 0x45,
	0x52, 0x45, 0x52, 0x45, 0x52, 0x46, 0x5a, 0x66, 0x62, 0xa7, 0x6a, 0xc8, 0x6a, 0xa8, 0x62, 0x87,
	0x62, 0x87, 0x62, 0x87, 0x5a, 0x46, 0x5a, 0x46, 0x52, 0x26, 0x52, 0x06, 0x52, 0x06, 0x52, 0x06,
	0x52, 0x26, 0x52, 0x26, 0x49, 0xe5, 0x39, 0x84, 0x21, 0x03, 0x10, 0xe3, 0x11, 0x03, 0x19, 0x03,
	0x19, 0x03, 0x19, 0x23, 0x19, 0x23, 0x10, 0xc2, 0x10, 0xa2, 0x10, 0xa2, 0x00, 0x61, 0x00, 0x61,
	0x08, 0xa2, 0x11, 0x85, 0x22, 0x49, 0x09, 0x44, 0x08, 0xa1, 0x18, 0xc2, 0x10, 0x81, 0x21, 0xa6,
	0x32, 0x07, 0x10, 0x81, 0x10, 0xa1, 0x21, 0xa6, 0x19, 0xa5, 0x11, 0x02, 0x19, 0x22, 0x21, 0x22,
	0x5a, 0x26, 0x5a, 0x26, 0x5a, 0x26, 0x5a, 0x46, 0x5a, 0x46, 0x5a, 0x46, 0x5a, 0x46, 0x5a, 0x47,
	0x62, 0x67, 0x62, 0x67, 0x62, 0x67, 0x62, 0x67, 0x62, 0x67, 0x62, 0x67, 0x62, 0x67, 0x62, 0x67,
	0x62, 0x67, 0x62, 0x88, 0x62, 0x88, 0x62, 0x88, 0x62, 0x88, 0x62, 0x87, 0x5a, 0x47, 0x6a, 0xc9,
	0x6b, 0x4d, 0x41, 0xc6, 0x31, 0x44, 0x10, 0x81, 0x00, 0x20, 0x08, 0x40, 0x00, 0x00, 0x08, 0x40,
	0x00, 0x00, 0x21, 0x24, 0x73, 0x8d, 0x73, 0x8d, 0x7b, 0xad, 0x7b, 0x8d, 0x7b, 0x8d, 0x7b, 0x8d,
	0x7b, 0x8c, 0x73, 0x6c, 0x73, 0x4c, 0x73, 0x2b, 0x73, 0x4b, 0x73, 0x2b, 0x73, 0x4b, 0x73, 0x2b,
	0x73, 0x4b, 0x73, 0x4a, 0x73, 0x2a, 0x73, 0x4b, 0x73, 0x4a, 0x73, 0x2a, 0x73, 0x4a, 0x73, 0x2a,
	0x73, 0x2a, 0x73, 0x0a, 0x6b, 0x09, 0x6a, 0xe9, 0x73, 0x08, 0x52, 0x26, 0x08, 0x40, 0x08, 0x40,
	0x08, 0x40, 0x00, 0x00, 0x10, 0x61, 0x00, 0x20, 0x00, 0x00, 0x08, 0x41, 0x39, 0xa5, 0x52, 0xaa,
	0x7b, 0xad, 0x62, 0x67, 0x5a, 0x26, 0x52, 0x06, 0x52, 0x06, 0x52, 0x05, 0x52, 0x25, 0x52, 0x45,
	0x52, 0x45, 0x4a, 0x45, 0x52, 0x45, 0x52, 0x66, 0x5a, 0x87, 0x62, 0xa8, 0x62, 0xa8, 0x62, 0x87,
	0x62, 0x87, 0x62, 0x67, 0x5a, 0x26, 0x5a, 0x26, 0x52, 0x06, 0x4a, 0x05, 0x52, 0x06, 0x52, 0x06,
	0x52, 0x47, 0x52, 0x26, 0x49, 0xe5, 0x39, 0x84, 0x21, 0x03, 0x18, 0xe2, 0x19, 0x03, 0x19, 0x23,
	0x18, 0xe2, 0x19, 0x03, 0x19, 0x03, 0x10, 0xc2, 0x10, 0xc2, 0x08, 0xa2, 0x08, 0x40, 0x08, 0xa2,
	0x08, 0x81, 0x19, 0xa6, 0x11, 0x86, 0x09, 0x24, 0x19, 0x64, 0x10, 0xc2, 0x10, 0x81, 0x21, 0xc6,
	0x2a, 0x07, 0x10, 0x81, 0x10, 0xa2, 0x11, 0x03, 0x11, 0x44, 0x21, 0x84, 0x21, 0x64, 0x21, 0x64,
	0x5a, 0x26, 0x5a, 0x26, 0x5a, 0x26, 0x5a, 0x46, 0x5a, 0x46, 0x5a, 0x46, 0x5a, 0x46, 0x5a, 0x46,
	0x62, 0x47, 0x62, 0x67, 0x62, 0x67, 0x62, 0x67, 0x62, 0x67, 0x62, 0x67, 0x5a, 0x47, 0x5a, 0x47,
	0x62, 0x67, 0x62, 0x67, 0x62, 0x88, 0x62, 0x88, 0x62, 0x88, 0x62, 0x67, 0x62, 0x88, 0x73, 0xae,
	0x4a, 0x28, 0x41, 0xc5, 0x21, 0x03, 0x00, 0x00, 0x10, 0x61, 0x00, 0x20, 0x08, 0x40, 0x08, 0x41,
	0x00, 0x00, 0x31, 0xa6, 0x73, 0xae, 0x73, 0x6d, 0x73, 0x8d, 0x7b, 0x8d, 0x7b, 0x8d, 0x7b, 0x8d,
	0x73, 0x6c, 0x73, 0x6c, 0x73, 0x6c, 0x73, 0x4b, 0x73, 0x2b, 0x73, 0x4b, 0x73, 0x4b, 0x6b, 0x2a,
	0x73, 0x2a, 0x73, 0x2a, 0x73, 0x2a, 0x73, 0x2a, 0x73, 0x2a, 0x73, 0x2a, 0x73, 0x2a, 0x73, 0x2a,
	0x73, 0x0a, 0x6b, 0x09, 0x6b, 0x09, 0x6a, 0xe9, 0x6a, 0xe8, 0x49, 0xe5, 0x08, 0x20, 0x08, 0x40,
	0x08, 0x20, 0x00, 0x00, 0x00, 0x20, 0x00, 0x20, 0x00, 0x00, 0x00, 0x00, 0x21, 0x03, 0x31, 0x44,
	0x63, 0x2c, 0x7b, 0x4b, 0x5a, 0x05, 0x52, 0x06, 0x52, 0x06, 0x49, 0xe5, 0x4a, 0x05, 0x4a, 0x25,
	0x4a, 0x45, 0x4a, 0x24, 0x4a, 0x25, 0x52, 0x45, 0x5a, 0x46, 0x62, 0x87, 0x62, 0x87, 0x5a, 0x67,
	0x5a, 0x47, 0x5a, 0x46, 0x52, 0x26, 0x52, 0x06, 0x52, 0x06, 0x52, 0x06, 0x52, 0x06, 0x52, 0x26,
	0x52, 0x26, 0x52, 0x26, 0x49, 0xe5, 0x39, 0x84, 0x21, 0x23, 0x19, 0x03, 0x19, 0x23, 0x19, 0x03,
	0x10, 0xe2, 0x18, 0xe2, 0x10, 0xe2, 0x10, 0xe2, 0x10, 0xc2, 0x08, 0x81, 0x10, 0xe3, 0x00, 0xa2,
	0x10, 0xa1, 0x19, 0x85, 0x08, 0xe3, 0x2a, 0x28, 0x2a, 0x07, 0x11, 0x24, 0x10, 0xa2, 0x21, 0xe7,
	0x21, 0x64, 0x10, 0x81, 0x10, 0xa2, 0x10, 0xc2, 0x19, 0x44, 0x31, 0xe6, 0x19, 0x44, 0x19, 0x23,
	0x5a, 0x26, 0x5a, 0x26, 0x5a, 0x26, 0x5a, 0x26, 0x5a, 0x46, 0x5a, 0x46, 0x5a, 0x46, 0x62, 0x46,
	0x62, 0x47, 0x62, 0x47, 0x62, 0x47, 0x62, 0x47, 0x62, 0x47, 0x5a, 0x47, 0x5a, 0x47, 0x62, 0x47,
	0x62, 0x67, 0x62, 0x67, 0x62, 0x87, 0x62, 0x87, 0x62, 0x88, 0x62, 0x67, 0x7b, 0x8d, 0x5a, 0xeb,
	0x41, 0xe6, 0x39, 0x85, 0x10, 0x82, 0x08, 0x61, 0x10, 0x61, 0x00, 0x00, 0x08, 0x41, 0x08, 0x41,
	0x00, 0x00, 0x29, 0x44, 0x73, 0x8d, 0x73, 0x6d, 0x73, 0x8d, 0x73, 0x8d, 0x7b, 0x8d, 0x7b, 0x8d,
	0x73, 0x6c, 0x73, 0x6c, 0x73, 0x6c, 0x73, 0x4b, 0x73, 0x2a, 0x73, 0x2a, 0x6b, 0x2b, 0x73, 0x2a,
	0x73, 0x2a, 0x73, 0x2a, 0x73, 0x4b, 0x73, 0x2a, 0x73, 0x2a, 0x73, 0x2a, 0x73, 0x2a, 0x73, 0x2a,
	0x6b, 0x09, 0x6b, 0x09, 0x6b, 0x09, 0x6a, 0xc8, 0x6a, 0xe9, 0x52, 0x47, 0x10, 0x61, 0x08, 0x20,
	0x08, 0x20, 0x00, 0x00, 0x00, 0x00, 0x08, 0x61, 0x00, 0x20, 0x00, 0x00, 0x08, 0x41, 0x39, 0x85,
	0x42, 0x07, 0x73, 0x8d, 0x62, 0xa8, 0x52, 0x05, 0x52, 0x26, 0x52, 0x26, 0x52, 0x26, 0x52, 0x25,
	0x4a, 0x25, 0x4a, 0x04, 0x4a, 0x04, 0x52, 0x05, 0x52, 0x25, 0x5a, 0x26, 0x5a, 0x46, 0x52, 0x26,
	0x52, 0x06, 0x52, 0x06, 0x52, 0x06, 0x49, 0xe5, 0x49, 0xe5, 0x49, 0xe6, 0x52, 0x06, 0x52, 0x26,
	0x52, 0x47, 0x52, 0x26, 0x49, 0xe6, 0x39, 0x84, 0x29, 0x23, 0x19, 0x03, 0x19, 0x03, 0x19, 0x23,
	0x10, 0xe2, 0x10, 0xc2, 0x10, 0xa2, 0x10, 0xc2, 0x10, 0xa2, 0x08, 0xa2, 0x08, 0xc2, 0x08, 0x61,
	0x11, 0x03, 0x11, 0x24, 0x11, 0x24, 0x32, 0x69, 0x2a, 0x07, 0x29, 0xe6, 0x10, 0xe3, 0x11, 0x23,
	0x18, 0xc2, 0x10, 0x81, 0x10, 0xa1, 0x10, 0xe2, 0x21, 0x85, 0x29, 0xe7, 0x19, 0x23, 0x19, 0x23,
	0x5a, 0x26, 0x5a, 0x26, 0x5a, 0x26, 0x5a, 0x26, 0x5a, 0x46, 0x5a, 0x46, 0x5a, 0x46, 0x62, 0x46,
	0x62, 0x47, 0x62, 0x47, 0x62, 0x47, 0x62, 0x46, 0x5a, 0x46, 0x5a, 0x47, 0x5a, 0x47, 0x62, 0x47,
	0x62, 0x67, 0x62, 0x67, 0x62, 0x67, 0x62, 0x67, 0x62, 0x47, 0x6a, 0xea, 0x73, 0x8e, 0x52, 0x48,
	0x41, 0xc6, 0x29, 0x24, 0x00, 0x20, 0x10, 0x81, 0x00, 0x20, 0x00, 0x20, 0x08, 0x41, 0x08, 0x40,
	0x08, 0x41, 0x21, 0x24, 0x73, 0x6d, 0x73, 0x6d, 0x73, 0x8d, 0x73, 0x8d, 0x7b, 0x8c, 0x73, 0x6c,
	0x73, 0x6c, 0x73, 0x6c, 0x73, 0x4b, 0x73, 0x2b, 0x73, 0x2a, 0x73, 0x2a, 0x6b, 0x0a, 0x6b, 0x0a,
	0x73, 0x2a, 0x73, 0x2b, 0x73, 0x2b, 0x73, 0x2a, 0x73, 0x2a, 0x73, 0x2a, 0x73, 0x2a, 0x73, 0x2a,
	0x6b, 0x0a, 0x6b, 0x09, 0x6a, 0xe9, 0x6a, 0xe8, 0x6a, 0xc8, 0x5a, 0x87, 0x20, 0xe2, 0x00, 0x20,
	0x00, 0x20, 0x00, 0x20, 0x00, 0x20, 0x10, 0x61, 0x00, 0x20, 0x08, 0x41, 0x00, 0x20, 0x21, 0x03,
	0x41, 0xe6, 0x5a, 0xcb, 0x7b, 0x8c, 0x52, 0x05, 0x52, 0x26, 0x52, 0x26, 0x52, 0x26, 0x52, 0x26,
	0x4a, 0x05, 0x49, 0xe4, 0x49, 0xc4, 0x49, 0xe4, 0x51, 0xe5, 0x51, 0xe5, 0x51, 0xe5, 0x49, 0xe5,
	0x49, 0xe5, 0x52, 0x06, 0x52, 0x06, 0x49, 0xe5, 0x41, 0xc5, 0x49, 0xe5, 0x52, 0x06, 0x52, 0x26,
	0x52, 0x47, 0x52, 0x26, 0x4a, 0x06, 0x39, 0x84, 0x29, 0x23, 0x21, 0x23, 0x19, 0x03, 0x19, 0x23,
	0x19, 0x03, 0x10, 0xc2, 0x10, 0xa2, 0x10, 0xa2, 0x10, 0xa2, 0x08, 0x81, 0x10, 0xa2, 0x08, 0x81,
	0x11, 0x45, 0x08, 0xe3, 0x19, 0x85, 0x32, 0x48, 0x29, 0xe6, 0x19, 0x85, 0x08, 0xa2, 0x10, 0xa1,
	0x29, 0x43, 0x08, 0x61, 0x10, 0x81, 0x19, 0x03, 0x21, 0xa5, 0x19, 0xa6, 0x19, 0x44, 0x21, 0x84,
	0x5a, 0x05, 0x5a, 0x06, 0x5a, 0x26, 0x5a, 0x26, 0x5a, 0x46, 0x5a, 0x26, 0x5a, 0x26, 0x5a, 0x46,
	0x62, 0x46, 0x62, 0x46, 0x62, 0x46, 0x5a, 0x46, 0x5a, 0x26, 0x5a, 0x46, 0x5a, 0x46, 0x62, 0x67,
	0x62, 0x67, 0x62, 0x67, 0x62, 0x67, 0x62, 0x67, 0x62, 0x46, 0x6b, 0x2b, 0x63, 0x0b, 0x5a, 0x89,
	0x31, 0x85, 0x08, 0x41, 0x08, 0x41, 0x08, 0x61, 0x00, 0x00, 0x00, 0x20, 0x08, 0x41, 0x08, 0x40,
	0x08, 0x41, 0x21, 0x03, 0x6b, 0x4c, 0x73, 0x8d, 0x73, 0x6c, 0x73, 0x6c, 0x73, 0x6c, 0x73, 0x6c,
	0x73, 0x6c, 0x73, 0x4c, 0x73, 0x4b, 0x73, 0x4b, 0x73, 0x2b, 0x73, 0x2b, 0x6b, 0x0a, 0x6b, 0x0a,
	0x6b, 0x2a, 0x73, 0x2a, 0x73, 0x2a, 0x73, 0x2a, 0x73, 0x2a, 0x73, 0x0a, 0x73, 0x2a, 0x73, 0x2a,
	0x6b, 0x0a, 0x6b, 0x09, 0x6a, 0xe9, 0x6a, 0xe9, 0x62, 0xc8, 0x62, 0xc8, 0x29, 0x03, 0x00, 0x00,
	0x08, 0x20, 0x00, 0x20, 0x00, 0x20, 0x08, 0x41, 0x00, 0x20, 0x00, 0x20, 0x10, 0x82, 0x00, 0x20,
	0x39, 0xa5, 0x52, 0x48, 0x73, 0x8e, 0x6a, 0xe9, 0x52, 0x06, 0x52, 0x26, 0x52, 0x26, 0x4a, 0x05,
	0x49, 0xe5, 0x41, 0xc4, 0x41, 0xa4, 0x41, 0xa4, 0x49, 0xc5, 0x49, 0xa4, 0x49, 0xc5, 0x49, 0xc5,
	0x49, 0xe5, 0x49, 0xe5, 0x49, 0xe6, 0x49, 0xe6, 0x49, 0xe5, 0x4a, 0x06, 0x52, 0x26, 0x52, 0x26,
	0x52, 0x26, 0x49, 0xe6, 0x41, 0xc5, 0x39, 0x84, 0x29, 0x44, 0x19, 0x03, 0x19, 0x23, 0x21, 0x44,
	0x19, 0x23, 0x10, 0xe2, 0x10, 0xc2, 0x10, 0xa2, 0x10, 0xa1, 0x08, 0x61, 0x10, 0xc2, 0x10, 0xa1,
	0x08, 0xe3, 0x08, 0xa2, 0x21, 0xe7, 0x32, 0x27, 0x21, 0xa5, 0x10, 0xe2, 0x20, 0xe2, 0x10, 0xc2,
	0x31, 0xe5, 0x18, 0xa1, 0x10, 0x81, 0x18, 0xe2, 0x19, 0x23, 0x11, 0x24, 0x11, 0x03, 0x21, 0xa6,
	0x5a, 0x05, 0x5a, 0x26, 0x5a, 0x26, 0x5a, 0x26, 0x5a, 0x26, 0x5a, 0x26, 0x5a, 0x26, 0x5a, 0x26,
	0x5a, 0x26, 0x5a, 0x46, 0x5a, 0x46, 0x5a, 0x46, 0x5a, 0x46, 0x5a, 0x46, 0x62, 0x67, 0x62, 0x67,
	0x62, 0x67, 0x62, 0x67, 0x62, 0x67, 0x62, 0x67, 0x62, 0x67, 0x6b, 0x0b, 0x5a, 0xaa, 0x4a, 0x48,
	0x18, 0xe3, 0x08, 0x41, 0x10, 0x81, 0x00, 0x20, 0x00, 0x00, 0x00, 0x00, 0x00, 0x20, 0x08, 0x40,
	0x00, 0x00, 0x21, 0x24, 0x6b, 0x6d, 0x73, 0x4c, 0x73, 0x6c, 0x73, 0x6c, 0x73, 0x6c, 0x73, 0x6c,
	0x73, 0x6c, 0x73, 0x6c, 0x73, 0x4b, 0x73, 0x4b, 0x73, 0x2b, 0x73, 0x2b, 0x6b, 0x2a, 0x6b, 0x0a,
	0x6b, 0x0a, 0x6b, 0x2a, 0x6b, 0x2a, 0x6b, 0x0a, 0x6b, 0x0a, 0x6b, 0x0a, 0x73, 0x2a, 0x73, 0x2a,
	0x6b, 0x09, 0x6a, 0xe9, 0x6a, 0xe9, 0x62, 0xc8, 0x62, 0xc8, 0x6a, 0xc8, 0x29, 0x23, 0x00, 0x00,
	0x08, 0x20, 0x00, 0x20, 0x00, 0x20, 0x08, 0x40, 0x00, 0x20, 0x00, 0x00, 0x08, 0x61, 0x08, 0x20,
	0x21, 0x03, 0x52, 0x48, 0x6b, 0x4d, 0x83, 0xee, 0x5a, 0x47, 0x5a, 0x47, 0x52, 0x26, 0x4a, 0x06,
	0x49, 0xe5, 0x41, 0xc5, 0x41, 0xa4, 0x41, 0x84, 0x41, 0x84, 0x41, 0x84, 0x41, 0x84, 0x41, 0xa4,
	0x49, 0xc5, 0x49, 0xe5, 0x49, 0xe5, 0x49, 0xe5, 0x52, 0x06, 0x52, 0x06, 0x52, 0x26, 0x52, 0x26,
	0x49, 0xe6, 0x41, 0xc5, 0x41, 0xa5, 0x39, 0x64, 0x29, 0x23, 0x18, 0xe3, 0x21, 0x23, 0x21, 0x44,
	0x21, 0x44, 0x18, 0xe3, 0x10, 0xc2, 0x10, 0xa2, 0x08, 0xa1, 0x08, 0x61, 0x10, 0xa1, 0x09, 0x03,
	0x00, 0xa2, 0x08, 0xa2, 0x32, 0x06, 0x3a, 0x48, 0x11, 0x24, 0x21, 0x85, 0x31, 0x84, 0x10, 0x82,
	0x29, 0xe6, 0x21, 0x43, 0x08, 0x61, 0x10, 0xa1, 0x10, 0xc2, 0x10, 0xc2, 0x10, 0xc2, 0x19, 0x44,
	0x5a, 0x25, 0x5a, 0x26, 0x5a, 0x26, 0x62, 0x46, 0x5a, 0x26, 0x5a, 0x26, 0x5a, 0x26, 0x5a, 0x26,
	0x5a, 0x26, 0x5a, 0x46, 0x5a, 0x46, 0x62, 0x46, 0x62, 0x46, 0x62, 0x66, 0x62, 0x67, 0x62, 0x87,
	0x6a, 0x87, 0x6a, 0x87, 0x62, 0x87, 0x62, 0x87, 0x62, 0x87, 0x62, 0xea, 0x5a, 0xaa, 0x39, 0xc6,
	0x08, 0x41, 0x18, 0xe3, 0x10, 0x81, 0x00, 0x00, 0x00, 0x00, 0x00, 0x00, 0x08, 0x40, 0x08, 0x41,
	0x00, 0x00, 0x39, 0xe7, 0x73, 0x6d, 0x6b, 0x4c, 0x73, 0x6c, 0x73, 0x6c, 0x73, 0x4c, 0x73, 0x4c,
	0x73, 0x4b, 0x73, 0x4c, 0x73, 0x4b, 0x73, 0x4b, 0x73, 0x2b, 0x6b, 0x2a, 0x6b, 0x2a, 0x6b, 0x2a,
	0x6b, 0x2a, 0x6b, 0x2a, 0x6b, 0x2a, 0x6b, 0x2a, 0x73, 0x2a, 0x73, 0x2a, 0x6b, 0x0a, 0x6b, 0x0a,
	0x6b, 0x0a, 0x6b, 0x09, 0x6a, 0xe9, 0x62, 0xa8, 0x62, 0xc8, 0x62, 0xc9, 0x20, 0xe2, 0x00, 0x00,
	0x08, 0x20, 0x00, 0x20, 0x08, 0x40, 0x08, 0x40, 0x00, 0x00, 0x00, 0x00, 0x08, 0x20, 0x10, 0x82,
	0x08, 0x41, 0x42, 0x07, 0x63, 0x0c, 0x7b, 0xce, 0x6a, 0xc9, 0x5a, 0x67, 0x5a, 0x47, 0x52, 0x27,
	0x4a, 0x06, 0x49, 0xc5, 0x41, 0xc5, 0x41, 0xa5, 0x41, 0x84, 0x41, 0x84, 0x41, 0x84, 0x41, 0xa4,
	0x49, 0xc5, 0x52, 0x06, 0x52, 0x06, 0x52, 0x06, 0x52, 0x06, 0x52, 0x26, 0x52, 0x47, 0x52, 0x26,
	0x49, 0xe6, 0x41, 0xc5, 0x39, 0x85, 0x31, 0x44, 0x29, 0x23, 0x21, 0x23, 0x21, 0x44, 0x21, 0x24,
	0x21, 0x44, 0x19, 0x03, 0x10, 0xc2, 0x10, 0xc2, 0x08, 0x81, 0x08, 0x40, 0x10, 0xc2, 0x08, 0xc2,
	0x11, 0x65, 0x00, 0xa2, 0x3a, 0x26, 0x3a, 0x69, 0x08, 0xa2, 0x21, 0xc6, 0x29, 0xa5, 0x10, 0x61,
	0x21, 0xa6, 0x29, 0xa5, 0x08, 0x61, 0x18, 0xc1, 0x18, 0xc2, 0x10, 0xa2, 0x10, 0xa1, 0x19, 0x03,
	0x62, 0x26, 0x62, 0x46, 0x62, 0x46, 0x62, 0x46, 0x62, 0x46, 0x5a, 0x26, 0x5a, 0x25, 0x5a, 0x25,
	0x5a, 0x26, 0x5a, 0x26, 0x5a, 0x46, 0x62, 0x46, 0x62, 0x66, 0x62, 0x67, 0x62, 0x67, 0x6a, 0x87,
	0x6a, 0x87, 0x6a, 0x87, 0x6a, 0x87, 0x6a, 0x87, 0x62, 0x87, 0x5a, 0xca, 0x52, 0x89, 0x18, 0xe3,
	0x08, 0x41, 0x29, 0x65, 0x08, 0x61, 0x00, 0x00, 0x00, 0x00, 0x00, 0x00, 0x08, 0x41, 0x08, 0x61,
	0x00, 0x00, 0x4a, 0x48, 0x73, 0x6d, 0x6b, 0x4c, 0x73, 0x4c, 0x73, 0x4c, 0x73, 0x4b, 0x73, 0x4b,
	0x73, 0x2b, 0x73, 0x4b, 0x73, 0x4b, 0x73, 0x2b, 0x6b, 0x2b, 0x6b, 0x0a, 0x6b, 0x0a, 0x6b, 0x2a,
	0x6b, 0x2a, 0x6b, 0x2a, 0x73, 0x2a, 0x73, 0x2a, 0x73, 0x2a, 0x6b, 0x0a, 0x6b, 0x0a, 0x6b, 0x0a,
	0x6b, 0x09, 0x6a, 0xe9, 0x6a, 0xe9, 0x62, 0xa8, 0x62, 0xc8, 0x62, 0xa8, 0x31, 0x44, 0x00, 0x20,
	0x00, 0x20, 0x00, 0x20, 0x10, 0x61, 0x08, 0x41, 0x00, 0x00, 0x00, 0x00, 0x00, 0x00, 0x08, 0x61,
	0x00, 0x20, 0x29, 0x45, 0x5a, 0xca, 0x73, 0x6c, 0x72, 0xe9, 0x62, 0x68, 0x62, 0x68, 0x5a, 0x47,
	0x52, 0x06, 0x4a, 0x06, 0x49, 0xe6, 0x49, 0xc5, 0x41, 0xc5, 0x41, 0xa5, 0x41, 0xa5, 0x41, 0xc5,
	0x49, 0xe6, 0x52, 0x26, 0x5a, 0x46, 0x5a, 0x46, 0x5a, 0x47, 0x5a, 0x47, 0x52, 0x47, 0x4a, 0x06,
	0x41, 0xc5, 0x39, 0xa5, 0x39, 0x84, 0x31, 0x44, 0x29, 0x44, 0x21, 0x23, 0x21, 0x23, 0x19, 0x23,
	0x19, 0x23, 0x11, 0x03, 0x10, 0xe3, 0x10, 0xe2, 0x08, 0xa2, 0x08, 0x61, 0x10, 0xa1, 0x11, 0x86,
	0x1a, 0x29, 0x08, 0x81, 0x2a, 0x28, 0x21, 0xc7, 0x08, 0x40, 0x21, 0xc7, 0x31, 0xc5, 0x10, 0x81,
	0x19, 0x24, 0x11, 0x24, 0x08, 0x61, 0x18, 0xc1, 0x19, 0x23, 0x10, 0xc3, 0x10, 0xa1, 0x19, 0x23,
	0x5a, 0x26, 0x62, 0x46, 0x62, 0x66, 0x62, 0x66, 0x62, 0x46, 0x62, 0x46, 0x5a, 0x26, 0x5a, 0x26,
	0x5a, 0x26, 0x5a, 0x26, 0x62, 0x46, 0x62, 0x46, 0x62, 0x67, 0x62, 0x67, 0x62, 0x67, 0x62, 0x87,
	0x6a, 0x87, 0x6a, 0x87, 0x6a, 0x87, 0x6a, 0x87, 0x6a, 0x87, 0x5a, 0xa9, 0x52, 0x68, 0x29, 0x44,
	0x08, 0x41, 0x18, 0xe3, 0x08, 0x61, 0x00, 0x00, 0x00, 0x20, 0x00, 0x00, 0x18, 0xa2, 0x31, 0x44,
	0x00, 0x00, 0x42, 0x28, 0x73, 0x6d, 0x6b, 0x4c, 0x73, 0x4c, 0x73, 0x4c, 0x73, 0x4c, 0x73, 0x4b,
	0x6b, 0x2b, 0x73, 0x2b, 0x73, 0x2b, 0x6b, 0x2b, 0x6b, 0x2b, 0x6b, 0x0a, 0x6b, 0x0a, 0x6b, 0x2a,
	0x6b, 0x2a, 0x6b, 0x2b, 0x6b, 0x0a, 0x6b, 0x0a, 0x6b, 0x0a, 0x6b, 0x0a, 0x6b, 0x0a, 0x6b, 0x0a,
	0x6b, 0x09, 0x6b, 0x09, 0x6a, 0xe9, 0x62, 0xc8, 0x62, 0xc8, 0x5a, 0x88, 0x31, 0x44, 0x08, 0x40,
	0x00, 0x20, 0x00, 0x20, 0x31, 0x64, 0x10, 0x61, 0x00, 0x00, 0x00, 0x00, 0x00, 0x00, 0x10, 0x82,
	0x18, 0xa2, 0x10, 0x82, 0x52, 0x69, 0x63, 0x0b, 0x6a, 0xc9, 0x62, 0x68, 0x62, 0x68, 0x5a, 0x67,
	0x5a, 0x67, 0x52, 0x47, 0x52, 0x07, 0x49, 0xe6, 0x49, 0xc6, 0x41, 0xc5, 0x49, 0xc6, 0x4a, 0x06,
	0x52, 0x26, 0x52, 0x26, 0x52, 0x26, 0x5a, 0x47, 0x5a, 0x47, 0x52, 0x47, 0x52, 0x47, 0x4a, 0x27,
	0x41, 0xe6, 0x41, 0xa5, 0x39, 0x85, 0x31, 0x64, 0x31, 0x64, 0x29, 0x23, 0x21, 0x23, 0x19, 0x23,
	0x11, 0x03, 0x11, 0x03, 0x19, 0x03, 0x10, 0xe3, 0x08, 0x81, 0x08, 0x81, 0x08, 0x60, 0x11, 0x86,
	0x1a, 0x08, 0x11, 0x03, 0x00, 0xc3, 0x08, 0xa2, 0x10, 0x81, 0x29, 0xc7, 0x29, 0xa5, 0x10, 0x81,
	0x10, 0xc2, 0x10, 0x81, 0x10, 0x81, 0x10, 0xa2, 0x11, 0x04, 0x10, 0xc3, 0x18, 0xa1, 0x19, 0x24,
	0x5a, 0x25, 0x62, 0x46, 0x62, 0x66, 0x62, 0x66, 0x62, 0x66, 0x62, 0x46, 0x62, 0x46, 0x5a, 0x26,
	0x5a, 0x26, 0x62, 0x46, 0x62, 0x46, 0x62, 0x46, 0x62, 0x67, 0x62, 0x67, 0x62, 0x67, 0x62, 0x67,
	0x6a, 0x87, 0x6a, 0xa8, 0x6a, 0xa8, 0x6a, 0x87, 0x6a, 0x87, 0x5a, 0x88, 0x5a, 0xa9, 0x21, 0x23,
	0x00, 0x00, 0x00, 0x20, 0x10, 0x82, 0x08, 0x41, 0x00, 0x00, 0x00, 0x00, 0x52, 0x27, 0x52, 0x27,
	0x00, 0x00, 0x41, 0xe7, 0x6b, 0x4c, 0x6b, 0x2c, 0x6b, 0x2b, 0x73, 0x4c, 0x73, 0x4b, 0x73, 0x4b,
	0x73, 0x2b, 0x73, 0x2b, 0x73, 0x2b, 0x6b, 0x2b, 0x6b, 0x2b, 0x6b, 0x2b, 0x6b, 0x0a, 0x6b, 0x0a,
	0x6b, 0x0a, 0x6b, 0x2a, 0x6b, 0x0a, 0x6b, 0x0a, 0x6b, 0x0a, 0x6b, 0x0a, 0x6b, 0x0a, 0x6b, 0x0a,
	0x6b, 0x0a, 0x6b, 0x09, 0x62, 0xa8, 0x62, 0xa8, 0x62, 0xc8, 0x62, 0xa8, 0x18, 0xc2, 0x00, 0x00,
	0x08, 0x40, 0x00, 0x00, 0x5a, 0x47, 0x41, 0xc6, 0x00, 0x00, 0x00, 0x20, 0x00, 0x20, 0x10, 0x81,
	0x21, 0x04, 0x00, 0x20, 0x42, 0x07, 0x6b, 0x0b, 0x62, 0xa8, 0x5a, 0x68, 0x62, 0x68, 0x62, 0x88,
	0x5a, 0x88, 0x5a, 0x47, 0x52, 0x47, 0x4a, 0x07, 0x49, 0xe6, 0x49, 0xe6, 0x49, 0xe6, 0x52, 0x27,
	0x52, 0x47, 0x52, 0x47, 0x52, 0x47, 0x5a, 0x47, 0x5a, 0x67, 0x5a, 0x68, 0x52, 0x68, 0x52, 0x47,
	0x4a, 0x07, 0x41, 0xe6, 0x41, 0xc6, 0x39, 0x85, 0x39, 0x85, 0x31, 0x64, 0x29, 0x43, 0x19, 0x03,
	0x11, 0x03, 0x10, 0xe3, 0x10, 0xe2, 0x10, 0xe3, 0x08, 0xc2, 0x00, 0x60, 0x10, 0xe3, 0x11, 0xa6,
	0x19, 0xe7, 0x09, 0x03, 0x08, 0xe3, 0x08, 0x81, 0x10, 0x81, 0x29, 0xe7, 0x21, 0x85, 0x10, 0x81,
	0x10, 0xa1, 0x19, 0x02, 0x18, 0xe2, 0x08, 0xc2, 0x10, 0xe3, 0x10, 0xa1, 0x10, 0xa1, 0x19, 0x03,
	0x5a, 0x05, 0x62, 0x46, 0x62, 0x46, 0x62, 0x46, 0x62, 0x46, 0x62, 0x46, 0x62, 0x46, 0x62, 0x26,
	0x62, 0x46, 0x62, 0x46, 0x62, 0x46, 0x62, 0x67, 0x62, 0x67, 0x62, 0x67, 0x62, 0x67, 0x62, 0x66,
	0x6a, 0x67, 0x6a, 0x87, 0x6a, 0x87, 0x6a, 0x87, 0x6a, 0x87, 0x52, 0x47, 0x52, 0x89, 0x29, 0x44,
	0x00, 0x41, 0x00, 0x00, 0x08, 0x20, 0x10, 0x81, 0x00, 0x00, 0x41, 0xc6, 0x72, 0xe9, 0x52, 0x06,
	0x00, 0x00, 0x29, 0x24, 0x63, 0x0b, 0x6b, 0x0b, 0x6b, 0x2b, 0x6b, 0x2b, 0x73, 0x2b, 0x73, 0x4b,
	0x73, 0x4b, 0x6b, 0x2b, 0x6b, 0x2b, 0x73, 0x2b, 0x6b, 0x2b, 0x6b, 0x2b, 0x6b, 0x0a, 0x6b, 0x0a,
	0x6b, 0x0a, 0x6b, 0x0a, 0x6b, 0x0a, 0x6b, 0x2a, 0x6b, 0x0a, 0x6b, 0x0a, 0x6b, 0x0a, 0x6b, 0x0a,
	0x6b, 0x09, 0x6a, 0xe9, 0x62, 0xa8, 0x62, 0xc8, 0x62, 0xa8, 0x62, 0x88, 0x41, 0xc5, 0x08, 0x41,
	0x08, 0x20, 0x00, 0x00, 0x41, 0xc6, 0x7b, 0x2a, 0x18, 0xc2, 0x00, 0x00, 0x08, 0x40, 0x10, 0x61,
	0x21, 0x04, 0x08, 0x41, 0x4a, 0x28, 0x5a, 0xca, 0x5a, 0x67, 0x5a, 0x47, 0x5a, 0x68, 0x5a, 0x68,
	0x5a, 0x68, 0x5a, 0x48, 0x52, 0x47, 0x52, 0x27, 0x52, 0x07, 0x4a, 0x07, 0x52, 0x07, 0x52, 0x27,
	0x52, 0x47, 0x52, 0x48, 0x5a, 0x68, 0x5a, 0x68, 0x5a, 0x88, 0x5a, 0x89, 0x5a, 0x68, 0x52, 0x48,
	0x4a, 0x27, 0x4a, 0x07, 0x41, 0xe6, 0x39, 0xa5, 0x39, 0x85, 0x31, 0x64, 0x29, 0x64, 0x18, 0xe3,
	0x10, 0xe3, 0x10, 0xe2, 0x10, 0xa2, 0x10, 0xe2, 0x10, 0xe2, 0x08, 0x81, 0x08, 0xe3, 0x11, 0x65,
	0x19, 0x65, 0x10, 0xc3, 0x22, 0x49, 0x10, 0xc2, 0x19, 0x03, 0x21, 0xe7, 0x19, 0x03, 0x10, 0x81,
	0x10, 0xa2, 0x29, 0x84, 0x10, 0xe2, 0x08, 0xe3, 0x21, 0x64, 0x10, 0xe2, 0x10, 0xc2, 0x10, 0xc2,
	0x5a, 0x05, 0x5a, 0x25, 0x62, 0x26, 0x62, 0x46, 0x62, 0x46, 0x62, 0x46, 0x62, 0x46, 0x62, 0x46,
	0x62, 0x46, 0x62, 0x66, 0x62, 0x67, 0x62, 0x67, 0x6a, 0x67, 0x62, 0x67, 0x62, 0x66, 0x62, 0x46,
	0x62, 0x66, 0x6a, 0x67, 0x6a, 0x87, 0x6a, 0x87, 0x6a, 0x87, 0x52, 0x26, 0x52, 0x48, 0x31, 0x64,
	0x00, 0x20, 0x10, 0x61, 0x08, 0x41, 0x10, 0x81, 0x52, 0x27, 0x72, 0xc8, 0x6a, 0xa8, 0x5a, 0x47,
	0x08, 0x61, 0x39, 0xa6, 0x62, 0xea, 0x63, 0x0b, 0x6b, 0x2b, 0x6b, 0x2b, 0x6b, 0x2b, 0x73, 0x2b,
	0x6b, 0x2b, 0x6b, 0x2b, 0x6b, 0x2b, 0x6b, 0x2b, 0x6b, 0x2b, 0x6b, 0x0a, 0x6b, 0x0a, 0x6b, 0x2b,
	0x6b, 0x0a, 0x6b, 0x0a, 0x6a, 0xea, 0x6b, 0x0a, 0x6b, 0x0a, 0x6b, 0x0a, 0x6b, 0x0a, 0x6b, 0x0a,
	0x6a, 0xe9, 0x62, 0xc9, 0x62, 0xa8, 0x62, 0xc8, 0x62, 0xa8, 0x5a, 0x87, 0x52, 0x67, 0x10, 0x81,
	0x00, 0x20, 0x00, 0x00, 0x39, 0x64, 0x73, 0x0a, 0x5a, 0x68, 0x08, 0x40, 0x08, 0x41, 0x10, 0xa2,
	0x08, 0x41, 0x08, 0x41, 0x39, 0xe6, 0x5a, 0xa9, 0x5a, 0x47, 0x52, 0x47, 0x5a, 0x47, 0x5a, 0x48,
	0x52, 0x48, 0x52, 0x47, 0x52, 0x48, 0x52, 0x27, 0x52, 0x27, 0x52, 0x27, 0x52, 0x27, 0x52, 0x27,
	0x52, 0x48, 0x52, 0x48, 0x52, 0x68, 0x5a, 0x68, 0x5a, 0x68, 0x5a, 0x89, 0x5a, 0x89, 0x52, 0x88,
	0x52, 0x88, 0x52, 0x88, 0x4a, 0x27, 0x41, 0xc6, 0x39, 0x85, 0x31, 0x64, 0x29, 0x43, 0x19, 0x03,
	0x19, 0x23, 0x10, 0xe2, 0x10, 0xa2, 0x10, 0xc2, 0x10, 0xe3, 0x08, 0xa2, 0x00, 0x40, 0x11, 0x86,
	0x08, 0xc3, 0x19, 0x65, 0x2a, 0x69, 0x11, 0x03, 0x11, 0x03, 0x11, 0x24, 0x10, 0xa2, 0x10, 0xa2,
	0x08, 0xc2, 0x21, 0xc6, 0x10, 0xa1, 0x10, 0xe3, 0x29, 0xe6, 0x19, 0x24, 0x19, 0x03, 0x10, 0xc2,
	0x51, 0xe5, 0x52, 0x05, 0x5a, 0x05, 0x5a, 0x25, 0x62, 0x46, 0x62, 0x46, 0x62, 0x46, 0x62, 0x46,
	0x62, 0x46, 0x62, 0x66, 0x62, 0x67, 0x6a, 0x67, 0x6a, 0x67, 0x6a, 0x67, 0x62, 0x66, 0x62, 0x46,
	0x62, 0x67, 0x62, 0x67, 0x6a, 0x87, 0x6a, 0x87, 0x62, 0x87, 0x5a, 0x46, 0x52, 0x47, 0x41, 0xe6,
	0x00, 0x20, 0x20, 0xe3, 0x18, 0xc2, 0x00, 0x20, 0x52, 0x26, 0x72, 0xc8, 0x6a, 0xa8, 0x62, 0x87,
	0x10, 0x81, 0x42, 0x08, 0x62, 0xea, 0x62, 0xea, 0x6b, 0x0b, 0x6b, 0x0b, 0x6b, 0x2b, 0x6b, 0x2b,
	0x6b, 0x2b, 0x6b, 0x2b, 0x6b, 0x2b, 0x6b, 0x2b, 0x6b, 0x0a, 0x6b, 0x0a, 0x6b, 0x0a, 0x6b, 0x0b,
	0x6b, 0x0a, 0x6b, 0x0a, 0x6b, 0x0a, 0x6b, 0x0a, 0x6b, 0x0a, 0x6b, 0x0a, 0x6a, 0xe9, 0x6a, 0xe9,
	0x62, 0xc9, 0x62, 0xc8, 0x62, 0xc9, 0x62, 0xa8, 0x5a, 0xa8, 0x5a, 0x67, 0x52, 0x47, 0x20, 0xe3,
	0x00, 0x20, 0x00, 0x20, 0x29, 0x23, 0x5a, 0x88, 0x6a, 0xc9, 0x52, 0x47, 0x18, 0xa2, 0x08, 0x41,
	0x08, 0x20, 0x10, 0x61, 0x42, 0x27, 0x5a, 0x88, 0x5a, 0x47, 0x5a, 0x48, 0x5a, 0x48, 0x52, 0x27,
	0x52, 0x27, 0x52, 0x27, 0x52, 0x27, 0x4a, 0x27, 0x4a, 0x27, 0x4a, 0x07, 0x4a, 0x07, 0x52, 0x47,
	0x52, 0x48, 0x52, 0x48, 0x52, 0x48, 0x52, 0x68, 0x5a, 0x88, 0x5a, 0xa9, 0x5a, 0xc9, 0x5a, 0xc9,
	0x5a, 0xc9, 0x5a, 0xa8, 0x4a, 0x47, 0x39, 0xc5, 0x31, 0x85, 0x31, 0x64, 0x29, 0x23, 0x21, 0x23,
	0x21, 0x44, 0x19, 0x23, 0x10, 0xc2, 0x10, 0xc2, 0x08, 0xc2, 0x08, 0x40, 0x11, 0x03, 0x19, 0xe8,
	0x08, 0x81, 0x21, 0xc6, 0x2a, 0x48, 0x11, 0x65, 0x08, 0x81, 0x21, 0x02, 0x18, 0xc2, 0x08, 0x81,
	0x10, 0xc3, 0x19, 0xa6, 0x08, 0x61, 0x10, 0xe3, 0x29, 0xe6, 0x19, 0x03, 0x10, 0xe3, 0x10, 0xa1,
	0x51, 0xe5, 0x51, 0xe5, 0x51, 0xe5, 0x5a, 0x05, 0x5a, 0x26, 0x62, 0x46, 0x62, 0x46, 0x62, 0x46,
	0x62, 0x46, 0x62, 0x67, 0x62, 0x67, 0x6a, 0x67, 0x6a, 0x67, 0x6a, 0x87, 0x62, 0x67, 0x62, 0x67,
	0x62, 0x67, 0x62, 0x67, 0x6a, 0x87, 0x62, 0x87, 0x6a, 0x87, 0x5a, 0x46, 0x4a, 0x06, 0x52, 0x27,
	0x20, 0xe3, 0x21, 0x24, 0x18, 0xe3, 0x00, 0x20, 0x18, 0xe3, 0x6a, 0xa8, 0x6a, 0xc8, 0x6a, 0xa8,
	0x18, 0x81, 0x31, 0xa6, 0x5a, 0xca, 0x62, 0xca, 0x62, 0xea, 0x6b, 0x0a, 0x6b, 0x2b, 0x6b, 0x2b,
	0x6b, 0x2b, 0x6b, 0x2b, 0x6b, 0x2b, 0x6b, 0x0a, 0x6b, 0x0a, 0x6b, 0x2b, 0x6b, 0x0a, 0x6b, 0x0a,
	0x6b, 0x0a, 0x6b, 0x0a, 0x6b, 0x0a, 0x6b, 0x0a, 0x6a, 0xea, 0x6a, 0xe9, 0x6b, 0x0a, 0x6a, 0xe9,
	0x62, 0xc9, 0x62, 0xc8, 0x62, 0xc8, 0x62, 0xa8, 0x62, 0xa8, 0x5a, 0x67, 0x4a, 0x06, 0x20, 0xe2,
	0x00, 0x20, 0x08, 0x20, 0x20, 0xc2, 0x52, 0x27, 0x52, 0x67, 0x62, 0xc9, 0x29, 0x03, 0x00, 0x20,
	0x08, 0x20, 0x18, 0xa2, 0x52, 0x48, 0x52, 0x47, 0x5a, 0x68, 0x5a, 0x68, 0x52, 0x47, 0x52, 0x27,
	0x4a, 0x07, 0x4a, 0x07, 0x4a, 0x07, 0x4a, 0x07, 0x4a, 0x07, 0x49, 0xe6, 0x49, 0xe6, 0x4a, 0x07,
	0x4a, 0x27, 0x52, 0x27, 0x52, 0x48, 0x52, 0x48, 0x52, 0x68, 0x52, 0x88, 0x5a, 0xa8, 0x5a, 0xc9,
	0x5a, 0xc9, 0x52, 0xa8, 0x4a, 0x47, 0x39, 0xa5, 0x31, 0x84, 0x29, 0x43, 0x21, 0x23, 0x21, 0x23,
	0x21, 0x64, 0x19, 0x44, 0x10, 0xc2, 0x10, 0xa2, 0x08, 0x81, 0x08, 0x61, 0x08, 0xe3, 0x08, 0xe3,
	0x08, 0x81, 0x2a, 0x07, 0x19, 0x85, 0x08, 0xe3, 0x21, 0x85, 0x29, 0x63, 0x21, 0x23, 0x08, 0x60,
	0x11, 0x03, 0x19, 0x45, 0x10, 0x61, 0x19, 0x24, 0x29, 0xe6, 0x18, 0xe2, 0x10, 0xc2, 0x10, 0xa1,
	0x51, 0xe5, 0x51, 0xc5, 0x51, 0xc4, 0x51, 0xe5, 0x5a, 0x05, 0x62, 0x46, 0x62, 0x46, 0x62, 0x46,
	0x62, 0x46, 0x62, 0x46, 0x62, 0x66, 0x62, 0x67, 0x62, 0x67, 0x6a, 0x67, 0x6a, 0x87, 0x6a, 0x87,
	0x6a, 0x87, 0x6a, 0x87, 0x6a, 0x87, 0x6a, 0x87, 0x6a, 0x87, 0x62, 0x67, 0x39, 0xa5, 0x4a, 0x06,
	0x4a, 0x07, 0x41, 0xc6, 0x21, 0x24, 0x08, 0x41, 0x10, 0x82, 0x41, 0xc5, 0x72, 0xe9, 0x72, 0xc8,
	0x20, 0xc2, 0x39, 0xc6, 0x5a, 0xa9, 0x5a, 0xa9, 0x62, 0xca, 0x62, 0xea, 0x6b, 0x0a, 0x6b, 0x0a,
	0x6b, 0x0b, 0x6b, 0x0b, 0x6b, 0x0b, 0x6b, 0x0b, 0x6b, 0x0a, 0x6b, 0x0b, 0x6b, 0x0a, 0x6b, 0x0b,
	0x6b, 0x0a, 0x6a, 0xea, 0x6a, 0xea, 0x6b, 0x0a, 0x6a, 0xe9, 0x6a, 0xe9, 0x6a, 0xea, 0x62, 0xc9,
	0x62, 0xc9, 0x62, 0xa8, 0x62, 0xa8, 0x5a, 0x88, 0x62, 0xa8, 0x4a, 0x26, 0x31, 0x44, 0x10, 0x81,
	0x00, 0x20, 0x08, 0x40, 0x18, 0xa1, 0x41, 0xe6, 0x52, 0x47, 0x4a, 0x26, 0x00, 0x20, 0x10, 0xa2,
	0x10, 0x61, 0x10, 0x81, 0x4a, 0x27, 0x4a, 0x06, 0x5a, 0x47, 0x52, 0x27, 0x52, 0x07, 0x4a, 0x06,
	0x49, 0xe6, 0x41, 0xc6, 0x4a, 0x07, 0x52, 0x27, 0x4a, 0x27, 0x41, 0xe6, 0x41, 0xc6, 0x41, 0xe6,
	0x4a, 0x07, 0x52, 0x48, 0x52, 0x47, 0x4a, 0x27, 0x4a, 0x47, 0x52, 0x47, 0x52, 0x88, 0x5a, 0xc9,
	0x5a, 0xa9, 0x52, 0x88, 0x42, 0x27, 0x39, 0xa5, 0x31, 0x64, 0x29, 0x43, 0x29, 0x43, 0x29, 0x64,
	0x29, 0x85, 0x21, 0x64, 0x10, 0xe2, 0x10, 0xa1, 0x08, 0x61, 0x08, 0xc2, 0x08, 0x81, 0x08, 0x81,
	0x10, 0xc3, 0x2a, 0x07, 0x10, 0xe2, 0x21, 0x64, 0x32, 0x27, 0x21, 0x64, 0x31, 0xa5, 0x08, 0x60,
	0x19, 0x45, 0x11, 0x03, 0x10, 0x61, 0x19, 0x24, 0x29, 0xe6, 0x10, 0xc2, 0x18, 0xe2, 0x19, 0x02,
	0x51, 0xe5, 0x51, 0xc4, 0x49, 0xc4, 0x51, 0xc4, 0x59, 0xe5, 0x5a, 0x26, 0x62, 0x46, 0x62, 0x46,
	0x62, 0x46, 0x62, 0x46, 0x62, 0x46, 0x62, 0x46, 0x62, 0x66, 0x62, 0x67, 0x6a, 0x87, 0x6a, 0x87,
	0x6a, 0xa7, 0x6a, 0xa8, 0x6a, 0x87, 0x6a, 0x87, 0x6a, 0x87, 0x6a, 0x87, 0x41, 0xa5, 0x4a, 0x06,
	0x41, 0xe6, 0x41, 0xe6, 0x31, 0x85, 0x08, 0x61, 0x10, 0x81, 0x49, 0xe6, 0x7a, 0xe9, 0x72, 0xe9,
	0x20, 0xe2, 0x29, 0x24, 0x52, 0x89, 0x5a, 0x89, 0x5a, 0xa9, 0x62, 0xea, 0x62, 0xea, 0x62, 0xea,
	0x6b, 0x0a, 0x6b, 0x0b, 0x6b, 0x0a, 0x6b, 0x0a, 0x6b, 0x0a, 0x6b, 0x0a, 0x6b, 0x0a, 0x6b, 0x0a,
	0x6a, 0xea, 0x6a, 0xea, 0x6a, 0xea, 0x62, 0xea, 0x62, 0xc9, 0x6a, 0xe9, 0x62, 0xc9, 0x62, 0xa8,
	0x62, 0xa8, 0x5a, 0x88, 0x62, 0x88, 0x5a, 0x88, 0x5a, 0x88, 0x52, 0x27, 0x39, 0xa5, 0x10, 0x81,
	0x08, 0x20, 0x08, 0x40, 0x10, 0x81, 0x41, 0xa5, 0x4a, 0x26, 0x21, 0x03, 0x00, 0x00, 0x21, 0x03,
	0x18, 0xc2, 0x20, 0xe3, 0x4a, 0x48, 0x52, 0x27, 0x4a, 0x06, 0x4a, 0x07, 0x49, 0xe6, 0x49, 0xe6,
	0x41, 0xc6, 0x41, 0xc6, 0x4a, 0x07, 0x52, 0x27, 0x4a, 0x27, 0x49, 0xe6, 0x41, 0xa5, 0x41, 0xc6,
	0x4a, 0x07, 0x52, 0x47, 0x4a, 0x27, 0x4a, 0x07, 0x4a, 0x06, 0x4a, 0x27, 0x52, 0x68, 0x5a, 0xa8,
	0x5a, 0xa9, 0x52, 0x68, 0x42, 0x27, 0x39, 0xa5, 0x39, 0x84, 0x39, 0xa4, 0x31, 0xa4, 0x31, 0xc4,
	0x31, 0xa4, 0x21, 0x64, 0x10, 0xe2, 0x10, 0xa1, 0x08, 0x81, 0x08, 0x61, 0x10, 0xa1, 0x08, 0x61,
	0x11, 0x24, 0x19, 0x65, 0x11, 0x03, 0x21, 0xa5, 0x32, 0x07, 0x21, 0x64, 0x32, 0x07, 0x10, 0xe2,
	0x08, 0xc3, 0x10, 0x81, 0x10, 0x81, 0x19, 0x45, 0x29, 0xc6, 0x10, 0xa1, 0x11, 0x03, 0x18, 0xe2,
	0x51, 0xe5, 0x51, 0xe5, 0x51, 0xc4, 0x51, 0xc4, 0x51, 0xe5, 0x5a, 0x25, 0x62, 0x46, 0x62, 0x46,
	0x62, 0x46, 0x62, 0x46, 0x62, 0x46, 0x62, 0x46, 0x62, 0x46, 0x62, 0x67, 0x6a, 0x87, 0x6a, 0x87,
	0x6a, 0xa8, 0x6a, 0xa7, 0x6a, 0x87, 0x6a, 0x87, 0x6a, 0x87, 0x6a, 0xa8, 0x52, 0x06, 0x49, 0xe6,
	0x4a, 0x06, 0x41, 0xc6, 0x39, 0xa6, 0x21, 0x04, 0x10, 0x82, 0x62, 0x88, 0x7a, 0xe9, 0x7a, 0xe9,
	0x29, 0x03, 0x21, 0x03, 0x52, 0x69, 0x5a, 0x89, 0x5a, 0x89, 0x62, 0xca, 0x62, 0xca, 0x62, 0xca,
	0x62, 0xea, 0x6b, 0x0a, 0x6a, 0xea, 0x6b, 0x0a, 0x6a, 0xea, 0x6a, 0xea, 0x6b, 0x0a, 0x6b, 0x0a,
	0x6a, 0xea, 0x62, 0xe9, 0x62, 0xc9, 0x62, 0xc9, 0x62, 0xe9, 0x62, 0xc9, 0x62, 0xa8, 0x62, 0xa8,
	0x5a, 0x88, 0x5a, 0x88, 0x5a, 0x88, 0x5a, 0x88, 0x5a, 0x88, 0x5a, 0x67, 0x52, 0x47, 0x39, 0xa5,
	0x10, 0x61, 0x08, 0x40, 0x10, 0x61, 0x39, 0x84, 0x49, 0xe6, 0x18, 0xc2, 0x00, 0x00, 0x31, 0x65,
	0x39, 0xa6, 0x39, 0xc6, 0x4a, 0x48, 0x4a, 0x06, 0x52, 0x07, 0x49, 0xe6, 0x41, 0xc6, 0x41, 0xa5,
	0x41, 0xa5, 0x41, 0xc6, 0x4a, 0x07, 0x4a, 0x07, 0x4a, 0x07, 0x4a, 0x07, 0x41, 0xe6, 0x41, 0xe6,
	0x4a, 0x07, 0x4a, 0x07, 0x4a, 0x27, 0x4a, 0x07, 0x49, 0xe6, 0x4a, 0x27, 0x4a, 0x27, 0x52, 0x48,
	0x52, 0x68, 0x52, 0x47, 0x4a, 0x06, 0x41, 0xc6, 0x39, 0xa5, 0x39, 0xa5, 0x39, 0xe4, 0x31, 0xc3,
	0x29, 0x83, 0x21, 0x43, 0x10, 0xe2, 0x10, 0xc2, 0x08, 0x81, 0x08, 0x61, 0x10, 0xa2, 0x11, 0x24,
	0x10, 0xa1, 0x08, 0x81, 0x10, 0xe2, 0x21, 0x64, 0x32, 0x28, 0x19, 0x23, 0x19, 0x86, 0x08, 0xc3,
	0x08, 0x61, 0x10, 0x81, 0x10, 0x81, 0x21, 0x85, 0x29, 0xa6, 0x10, 0x81, 0x10, 0xc2, 0x10, 0xa2,
	0x51, 0xe5, 0x52, 0x05, 0x5a, 0x05, 0x52, 0x05, 0x52, 0x05, 0x5a, 0x05, 0x62, 0x46, 0x5a, 0x46,
	0x5a, 0x05, 0x52, 0x05, 0x5a, 0x05, 0x5a, 0x26, 0x62, 0x46, 0x62, 0x66, 0x62, 0x67, 0x6a, 0x87,
	0x6a, 0xa7, 0x6a, 0xa7, 0x6a, 0x87, 0x6a, 0x87, 0x6a, 0x87, 0x6a, 0xa8, 0x5a, 0x46, 0x39, 0x84,
	0x52, 0x27, 0x39, 0xa5, 0x39, 0xa5, 0x29, 0x44, 0x08, 0x61, 0x62, 0x67, 0x7b, 0x09, 0x7a, 0xe9,
	0x29, 0x03, 0x29, 0x44, 0x62, 0xc9, 0x5a, 0x89, 0x5a, 0xa9, 0x5a, 0xa9, 0x62, 0xc9, 0x62, 0xca,
	0x62, 0xca, 0x62, 0xc9, 0x62, 0xea, 0x62, 0xea, 0x62, 0xea, 0x62, 0xea, 0x62, 0xea, 0x62, 0xea,
	0x62, 0xc9, 0x62, 0xc9, 0x62, 0xc9, 0x62, 0xa8, 0x62, 0xc9, 0x62, 0xa8, 0x62, 0xa8, 0x5a, 0x88,
	0x5a, 0x88, 0x5a, 0x88, 0x5a, 0x87, 0x5a, 0x88, 0x5a, 0x88, 0x52, 0x47, 0x4a, 0x27, 0x29, 0x23,
	0x10, 0x61, 0x08, 0x40, 0x10, 0x61, 0x31, 0x44, 0x52, 0x07, 0x29, 0x03, 0x08, 0x41, 0x39, 0xa6,
	0x4a, 0x07, 0x52, 0x69, 0x4a, 0x27, 0x49, 0xe5, 0x52, 0x27, 0x49, 0xe6, 0x41, 0xc6, 0x41, 0xc5,
	0x41, 0xa5, 0x41, 0xa5, 0x49, 0xe6, 0x4a, 0x06, 0x4a, 0x27, 0x4a, 0x27, 0x4a, 0x06, 0x4a, 0x06,
	0x4a, 0x27, 0x52, 0x47, 0x52, 0x48, 0x4a, 0x27, 0x41, 0xe6, 0x4a, 0x07, 0x4a, 0x27, 0x52, 0x47,
	0x52, 0x48, 0x4a, 0x27, 0x4a, 0x27, 0x41, 0xc6, 0x39, 0x85, 0x31, 0x64, 0x31, 0xa4, 0x31, 0x83,
	0x21, 0x43, 0x19, 0x03, 0x19, 0x03, 0x18, 0xe2, 0x08, 0x81, 0x08, 0x81, 0x19, 0x45, 0x1a, 0x29,
	0x08, 0xe3, 0x00, 0x81, 0x19, 0x23, 0x29, 0x65, 0x2a, 0x28, 0x19, 0x03, 0x10, 0xe3, 0x18, 0xe2,
	0x10, 0x81, 0x10, 0x81, 0x18, 0xc2, 0x21, 0xc7, 0x21, 0x64, 0x08, 0x61, 0x10, 0xa2, 0x10, 0xa1,
	0x5a, 0x05, 0x5a, 0x25, 0x62, 0x46, 0x62, 0x26, 0x5a, 0x05, 0x5a, 0x26, 0x5a, 0x26, 0x5a, 0x26,
	0x51, 0xe5, 0x51, 0xe5, 0x51, 0xe5, 0x5a, 0x05, 0x62, 0x46, 0x62, 0x67, 0x6a, 0x87, 0x6a, 0x87,
	0x6a, 0x87, 0x6a, 0x87, 0x6a, 0x87, 0x6a, 0x87, 0x6a, 0x87, 0x6a, 0xa8, 0x6a, 0x87, 0x41, 0xa5,
	0x52, 0x26, 0x41, 0xc6, 0x39, 0x85, 0x31, 0x85, 0x18, 0xe3, 0x31, 0x64, 0x7a, 0xe9, 0x72, 0xe9,
	0x20, 0xe2, 0x20, 0xe3, 0x62, 0xc9, 0x5a, 0x89, 0x5a, 0xa9, 0x62, 0xa9, 0x62, 0xca, 0x62, 0xc9,
	0x62, 0xc9, 0x62, 0xc9, 0x62, 0xca, 0x62, 0xc9, 0x62, 0xc9, 0x62, 0xc9, 0x62, 0xea, 0x62, 0xc9,
	0x62, 0xc9, 0x62, 0xa9, 0x62, 0xc9, 0x62, 0xa8, 0x62, 0xa8, 0x62, 0xa8, 0x5a, 0x88, 0x5a, 0x88,
	0x62, 0xa8, 0x5a, 0x88, 0x5a, 0x88, 0x5a, 0x67, 0x5a, 0x68, 0x52, 0x47, 0x52, 0x27, 0x29, 0x44,
	0x08, 0x20, 0x08, 0x40, 0x10, 0x61, 0x28, 0xe2, 0x52, 0x06, 0x20, 0xe3, 0x10, 0xa2, 0x39, 0xa6,
	0x39, 0xa6, 0x52, 0x48, 0x41, 0xa5, 0x52, 0x47, 0x5a, 0x68, 0x52, 0x47, 0x4a, 0x07, 0x41, 0xc6,
	0x41, 0xa5, 0x41, 0xa5, 0x41, 0xc5, 0x49, 0xe6, 0x49, 0xe6, 0x49, 0xe6, 0x41, 0xe6, 0x4a, 0x06,
	0x52, 0x48, 0x52, 0x48, 0x52, 0x48, 0x4a, 0x27, 0x41, 0xe6, 0x4a, 0x06, 0x4a, 0x27, 0x4a, 0x27,
	0x52, 0x47, 0x52, 0x48, 0x4a, 0x47, 0x41, 0xe6, 0x39, 0xa5, 0x31, 0x84, 0x31, 0xa4, 0x29, 0x63,
	0x21, 0x23, 0x19, 0x03, 0x18, 0xe3, 0x18, 0xe3, 0x08, 0x61, 0x10, 0xc2, 0x1a, 0x08, 0x11, 0xc7,
	0x08, 0xe2, 0x08, 0x81, 0x21, 0x85, 0x29, 0x65, 0x2a, 0x28, 0x08, 0xa1, 0x21, 0xa6, 0x31, 0x84,
	0x10, 0xa2, 0x10, 0xc2, 0x19, 0x23, 0x19, 0xa6, 0x18, 0xe2, 0x08, 0x61, 0x10, 0xc2, 0x10, 0xc2,
	0x52, 0x05, 0x5a, 0x26, 0x62, 0x46, 0x62, 0x66, 0x62, 0x46, 0x62, 0x46, 0x62, 0x46, 0x5a, 0x26,
	0x5a, 0x05, 0x51, 0xe5, 0x5a, 0x05, 0x5a, 0x26, 0x62, 0x67, 0x6a, 0x87, 0x6a, 0xa7, 0x6a, 0x87,
	0x6a, 0x87, 0x6a, 0x87, 0x6a, 0x87, 0x6a, 0xa7, 0x6a, 0xa8, 0x6a, 0xa8, 0x72, 0xc8, 0x49, 0xc5,
	0x41, 0xa5, 0x41, 0xe6, 0x39, 0xa6, 0x31, 0x65, 0x21, 0x04, 0x18, 0xe3, 0x6a, 0xa8, 0x72, 0xe9,
	0x20, 0xe2, 0x08, 0x40, 0x4a, 0x27, 0x62, 0xca, 0x5a, 0xa9, 0x62, 0xc9, 0x62, 0xc9, 0x62, 0xc9,
	0x62, 0xc9, 0x62, 0xea, 0x62, 0xea, 0x62, 0xc9, 0x62, 0xc9, 0x62, 0xc9, 0x62, 0xc9, 0x62, 0xc9,
	0x62, 0xa9, 0x62, 0xa9, 0x62, 0xc9, 0x62, 0xa9, 0x62, 0xa8, 0x62, 0xa8, 0x5a, 0x88, 0x62, 0xa8,
	0x5a, 0x88, 0x5a, 0x88, 0x5a, 0x88, 0x5a, 0x88, 0x5a, 0x68, 0x52, 0x47, 0x52, 0x47, 0x39, 0x85,
	0x08, 0x41, 0x08, 0x40, 0x08, 0x40, 0x20, 0xc2, 0x49, 0xe6, 0x18, 0xc2, 0x21, 0x03, 0x41, 0xc6,
	0x41, 0xe6, 0x41, 0xe6, 0x39, 0x64, 0x6b, 0x0a, 0x62, 0xe9, 0x5a, 0x88, 0x52, 0x47, 0x4a, 0x06,
	0x49, 0xe6, 0x49, 0xe6, 0x41, 0xc5, 0x41, 0xc5, 0x41, 0xc6, 0x41, 0xe6, 0x4a, 0x07, 0x4a, 0x27,
	0x52, 0x47, 0x52, 0x48, 0x52, 0x48, 0x4a, 0x47, 0x4a, 0x27, 0x4a, 0x27, 0x4a, 0x07, 0x4a, 0x07,
	0x4a, 0x27, 0x4a, 0x27, 0x4a, 0x27, 0x39, 0xe5, 0x39, 0xc4, 0x39, 0xe4, 0x3a, 0x05, 0x31, 0xa4,
	0x21, 0x23, 0x19, 0x03, 0x21, 0x03, 0x21, 0x23, 0x08, 0x61, 0x00, 0xa2, 0x11, 0x24, 0x11, 0x45,
	0x10, 0xe3, 0x08, 0x81, 0x19, 0x23, 0x32, 0x08, 0x21, 0xc6, 0x00, 0x40, 0x21, 0xe7, 0x29, 0x85,
	0x18, 0xe3, 0x11, 0x65, 0x08, 0xe3, 0x19, 0x02, 0x10, 0xa1, 0x08, 0x61, 0x10, 0xc2, 0x10, 0xc2,
	0x5a, 0x06, 0x5a, 0x06, 0x5a, 0x46, 0x62, 0x46, 0x62, 0x67, 0x62, 0x67, 0x6a, 0x67, 0x62, 0x67,
	0x62, 0x46, 0x5a, 0x46, 0x62, 0x46, 0x62, 0x67, 0x6a, 0x87, 0x6a, 0xa8, 0x72, 0xa8, 0x6a, 0xa8,
	0x6a, 0xa8, 0x6a, 0xa8, 0x6a, 0xa8, 0x6a, 0xa8, 0x6a, 0xa8, 0x6a, 0xa8, 0x72, 0xc8, 0x5a, 0x46,
	0x31, 0x23, 0x41, 0xa5, 0x41, 0xc6, 0x39, 0xc6, 0x18, 0xe3, 0x08, 0x41, 0x52, 0x26, 0x7b, 0x29,
	0x20, 0xc2, 0x08, 0x40, 0x4a, 0x27, 0x6b, 0x0a, 0x62, 0xa9, 0x62, 0xc9, 0x62, 0xc9, 0x62, 0xc9,
	0x62, 0xc9, 0x62, 0xea, 0x62, 0xea, 0x62, 0xca, 0x62, 0xc9, 0x62, 0xc9, 0x62, 0xc9, 0x62, 0xc9,
	0x62, 0xa9, 0x62, 0xa9, 0x62, 0xa9, 0x62, 0xa9, 0x62, 0xa8, 0x5a, 0x88, 0x5a, 0x88, 0x62, 0xa8,
	0x62, 0xa8, 0x5a, 0x88, 0x5a, 0x88, 0x5a, 0x88, 0x5a, 0x67, 0x52, 0x47, 0x4a, 0x27, 0x29, 0x23,
	0x10, 0x81, 0x08, 0x40, 0x08, 0x40, 0x18, 0xa2, 0x41, 0xa5, 0x10, 0x61, 0x31, 0x65, 0x41, 0xc6,
	0x4a, 0x07, 0x41, 0xc6, 0x41, 0xe5, 0x6b, 0x0a, 0x62, 0xa9, 0x5a, 0x88, 0x52, 0x67, 0x52, 0x27,
	0x4a, 0x06, 0x41, 0xe5, 0x41, 0xc5, 0x41, 0xe6, 0x4a, 0x06, 0x4a, 0x27, 0x52, 0x47, 0x52, 0x68,
	0x52, 0x48, 0x52, 0x68, 0x52, 0x68, 0x52, 0x48, 0x52, 0x68, 0x52, 0x68, 0x52, 0x47, 0x4a, 0x27,
	0x4a, 0x06, 0x4a, 0x06, 0x42, 0x06, 0x39, 0xc5, 0x31, 0xa4, 0x31, 0xc3, 0x31, 0xc3, 0x29, 0x83,
	0x21, 0x23, 0x19, 0x23, 0x29, 0x64, 0x29, 0xa4, 0x08, 0x81, 0x08, 0x40, 0x19, 0x24, 0x10, 0xc2,
	0x19, 0x44, 0x19, 0x44, 0x21, 0x44, 0x22, 0x07, 0x10, 0xe2, 0x21, 0x23, 0x32, 0x28, 0x31, 0xc6,
	0x19, 0x03, 0x11, 0x24, 0x10, 0xc2, 0x21, 0x23, 0x21, 0x02, 0x08, 0x61, 0x10, 0xa1, 0x10, 0xa2,
	0x62, 0x67, 0x5a, 0x46, 0x5a, 0x26, 0x62, 0x46, 0x62, 0x67, 0x6a, 0x87, 0x6a, 0xa7, 0x6a, 0x87,
	0x6a, 0x87, 0x62, 0x67, 0x62, 0x67, 0x6a, 0x87, 0x72, 0xa8, 0x72, 0xc8, 0x72, 0xc8, 0x72, 0xc8,
	0x72, 0xc8, 0x72, 0xc8, 0x72, 0xc8, 0x6a, 0xa8, 0x6a, 0xa8, 0x72, 0xa8, 0x72, 0xc8, 0x6a, 0xa8,
	0x31, 0x43, 0x39, 0x63, 0x39, 0xa5, 0x29, 0x44, 0x31, 0x65, 0x00, 0x21, 0x39, 0x85, 0x73, 0x09,
	0x18, 0xa2, 0x08, 0x41, 0x39, 0xa5, 0x6b, 0x0a, 0x62, 0xea, 0x62, 0xca, 0x62, 0xca, 0x62, 0xca,
	0x62, 0xc9, 0x62, 0xea, 0x62, 0xea, 0x62, 0xca, 0x62, 0xc9, 0x62, 0xc9, 0x62, 0xa9, 0x62, 0xc9,
	0x62, 0xa9, 0x62, 0xa9, 0x62, 0xa9, 0x62, 0xa9, 0x62, 0xa9, 0x62, 0xa8, 0x62, 0xa8, 0x62, 0xa8,
	0x5a, 0x88, 0x5a, 0x88, 0x5a, 0x88, 0x5a, 0x68, 0x52, 0x67, 0x52, 0x47, 0x52, 0x68, 0x39, 0x85,
	0x10, 0x81, 0x10, 0x61, 0x08, 0x40, 0x10, 0x81, 0x20, 0xe2, 0x08, 0x61, 0x39, 0x85, 0x41, 0xc6,
	0x49, 0xe7, 0x39, 0x85, 0x52, 0x27, 0x62, 0xa9, 0x5a, 0x88, 0x5a, 0x88, 0x5a, 0x67, 0x52, 0x26,
	0x4a, 0x06, 0x41, 0xe5, 0x41, 0xc5, 0x41, 0xc5, 0x41, 0xe6, 0x4a, 0x26, 0x4a, 0x27, 0x52, 0x47,
	0x52, 0x68, 0x5a, 0x68, 0x52, 0x68, 0x52, 0x68, 0x5a, 0x88, 0x5a, 0x88, 0x52, 0x68, 0x4a, 0x47,
	0x4a, 0x27, 0x4a, 0x27, 0x42, 0x07, 0x39, 0xc5, 0x31, 0x63, 0x29, 0x62, 0x29, 0x62, 0x21, 0x02,
	0x18, 0xe2, 0x19, 0x23, 0x29, 0xc4, 0x31, 0xc5, 0x08, 0x40, 0x11, 0x03, 0x19, 0x86, 0x08, 0x40,
	0x21, 0xe7, 0x29, 0xe6, 0x19, 0x24, 0x08, 0xa1, 0x21, 0x03, 0x5a, 0xc9, 0x4a, 0xaa, 0x4a, 0x68,
	0x29, 0x64, 0x21, 0x85, 0x42, 0x06, 0x31, 0xe6, 0x31, 0xc5, 0x10, 0x81, 0x10, 0xa1, 0x29, 0x23,
	0x6a, 0x87, 0x6a, 0x87, 0x62, 0x46, 0x62, 0x46, 0x62, 0x67, 0x6a, 0xa8, 0x6a, 0xa8, 0x72, 0xa8,
	0x6a, 0xa7, 0x6a, 0x67, 0x6a, 0x67, 0x6a, 0x87, 0x72, 0xc8, 0x72, 0xc8, 0x72, 0xe8, 0x7a, 0xe9,
	0x72, 0xe9, 0x72, 0xe8, 0x72, 0xe8, 0x72, 0xc8, 0x72, 0xc8, 0x72, 0xc8, 0x6a, 0xa8, 0x62, 0x67,
	0x41, 0xa4, 0x20, 0xc2, 0x31, 0x43, 0x18, 0xe3, 0x31, 0x65, 0x21, 0x03, 0x31, 0x64, 0x72, 0xe9,
	0x20, 0xc2, 0x18, 0xa2, 0x62, 0xc9, 0x6a, 0xea, 0x6b, 0x0a, 0x62, 0xca, 0x62, 0xca, 0x62, 0xca,
	0x62, 0xea, 0x62, 0xea, 0x62, 0xca, 0x62, 0xc9, 0x62, 0xc9, 0x62, 0xc9, 0x62, 0xa9, 0x62, 0xa9,
	0x62, 0xa9, 0x62, 0xa9, 0x62, 0xa9, 0x62, 0xa9, 0x62, 0xa9, 0x62, 0xa8, 0x62, 0xa8, 0x5a, 0x88,
	0x5a, 0x88, 0x5a, 0x88, 0x5a, 0x68, 0x5a, 0x67, 0x52, 0x47, 0x52, 0x68, 0x5a, 0x68, 0x5a, 0x89,
	0x4a, 0x07, 0x29, 0x44, 0x39, 0xa4, 0x18, 0xa1, 0x10, 0x81, 0x10, 0x82, 0x39, 0x85, 0x41, 0xc6,
	0x41, 0xc6, 0x39, 0x64, 0x52, 0x48, 0x5a, 0x88, 0x5a, 0x88, 0x5a, 0x68, 0x52, 0x47, 0x52, 0x47,
	0x52, 0x46, 0x4a, 0x05, 0x49, 0xe5, 0x41, 0xc5, 0x41, 0xe6, 0x4a, 0x27, 0x4a, 0x27, 0x52, 0x47,
	0x52, 0x68, 0x52, 0x47, 0x52, 0x47, 0x52, 0x47, 0x5a, 0x88, 0x5a, 0xc9, 0x52, 0xa8, 0x4a, 0x67,
	0x4a, 0x47, 0x4a, 0x67, 0x4a, 0x27, 0x39, 0xc5, 0x31, 0x64, 0x29, 0x22, 0x21, 0x22, 0x18, 0xc1,
	0x18, 0xc2, 0x21, 0x43, 0x32, 0x04, 0x31, 0xa4, 0x10, 0xa2, 0x00, 0xc3, 0x00, 0x61, 0x19, 0x03,
	0x2a, 0x69, 0x11, 0x03, 0x11, 0x24, 0x19, 0x23, 0x18, 0xc2, 0x52, 0x27, 0x42, 0x89, 0x31, 0xe6,
	0x21, 0x02, 0x32, 0x07, 0x52, 0x67, 0x31, 0xc6, 0x21, 0x85, 0x10, 0xa2, 0x10, 0xa1, 0x29, 0x43,
	0x6a, 0xa7, 0x6a, 0xa8, 0x6a, 0xa8, 0x6a, 0x87, 0x6a, 0x87, 0x6a, 0x87, 0x6a, 0xa8, 0x72, 0xc8,
	0x6a, 0xa8, 0x6a, 0x87, 0x6a, 0x87, 0x6a, 0xa7, 0x72, 0xc8, 0x72, 0xe8, 0x72, 0xe8, 0x72, 0xe8,
	0x72, 0xe8, 0x7a, 0xe9, 0x7a, 0xe9, 0x72, 0xc8, 0x72, 0xc8, 0x6a, 0x88, 0x5a, 0x46, 0x49, 0xc5,
	0x39, 0x43, 0x18, 0xa1, 0x29, 0x02, 0x20, 0xe2, 0x18, 0xa2, 0x31, 0x85, 0x29, 0x44, 0x52, 0x26,
	0x49, 0xe6, 0x52, 0x48, 0x73, 0x2b, 0x6b, 0x2b, 0x6b, 0x0a, 0x6a, 0xea, 0x62, 0xea, 0x62, 0xca,
	0x62, 0xea, 0x62, 0xc9, 0x62, 0xc9, 0x62, 0xc9, 0x62, 0xc9, 0x62, 0xc9, 0x62, 0xa9, 0x5a, 0xa9,
	0x5a, 0x88, 0x5a, 0xa8, 0x62, 0xa8, 0x62, 0xa9, 0x5a, 0xa9, 0x5a, 0x88, 0x5a, 0x88, 0x5a, 0x88,
	0x5a, 0x88, 0x5a, 0x68, 0x5a, 0x68, 0x52, 0x47, 0x52, 0x47, 0x52, 0x68, 0x5a, 0x88, 0x5a, 0xa9,
	0x62, 0xc9, 0x62, 0xc9, 0x6a, 0xc9, 0x29, 0x02, 0x10, 0x81, 0x21, 0x03, 0x31, 0x65, 0x39, 0xa6,
	0x39, 0x85, 0x39, 0x64, 0x52, 0x68, 0x52, 0x67, 0x5a, 0x47, 0x52, 0x47, 0x5a, 0x47, 0x5a, 0x67,
	0x5a, 0x47, 0x52, 0x26, 0x49, 0xe5, 0x41, 0xc5, 0x41, 0xc5, 0x41, 0xe6, 0x4a, 0x06, 0x4a, 0x27,
	0x4a, 0x07, 0x4a, 0x06, 0x4a, 0x06, 0x4a, 0x06, 0x5a, 0x68, 0x5a, 0x88, 0x52, 0xa8, 0x4a, 0x66,
	0x4a, 0x66, 0x4a, 0x67, 0x4a, 0x46, 0x42, 0x05, 0x39, 0xa5, 0x31, 0x63, 0x21, 0x22, 0x18, 0xc1,
	0x18, 0xe2, 0x29, 0x63, 0x3a, 0x04, 0x31, 0xc4, 0x08, 0xa2, 0x10, 0xa1, 0x08, 0x61, 0x11, 0x86,
	0x19, 0xc6, 0x08, 0x40, 0x21, 0xa6, 0x21, 0x64, 0x10, 0x60, 0x10, 0xc2, 0x21, 0xe7, 0x10, 0xe2,
	0x08, 0x40, 0x29, 0xe7, 0x21, 0x43, 0x08, 0xa2, 0x11, 0x03, 0x10, 0x81, 0x10, 0x81, 0x10, 0xa1,
	0x6a, 0x87, 0x6a, 0x87, 0x6a, 0xa8, 0x72, 0xc8, 0x72, 0xa8, 0x6a, 0x87, 0x6a, 0x87, 0x72, 0xa8,
	0x72, 0xa8, 0x6a, 0xa8, 0x6a, 0xa8, 0x72, 0xa8, 0x72, 0xc8, 0x72, 0xa8, 0x72, 0xc8, 0x72, 0xe8,
	0x72, 0xc8, 0x72, 0xe8, 0x72, 0xe8, 0x72, 0xc8, 0x62, 0x67, 0x51, 0xe6, 0x41, 0x84, 0x28, 0xe2,
	0x18, 0x81, 0x20, 0xc2, 0x18, 0xa1, 0x29, 0x02, 0x08, 0x61, 0x21, 0x03, 0x29, 0x24, 0x31, 0x44,
	0x62, 0xca, 0x7b, 0x8d, 0x73, 0x4b, 0x73, 0x2b, 0x6b, 0x0a, 0x6b, 0x0a, 0x6a, 0xea, 0x62, 0xca,
	0x62, 0xca, 0x52, 0x48, 0x62, 0xa9, 0x62, 0xc9, 0x62, 0xc9, 0x62, 0xa9, 0x5a, 0xa9, 0x5a, 0x88,
	0x5a, 0x88, 0x5a, 0x88, 0x62, 0xa8, 0x5a, 0xa8, 0x5a, 0x88, 0x5a, 0x88, 0x5a, 0x88, 0x5a, 0x88,
	0x5a, 0x68, 0x5a, 0x68, 0x52, 0x67, 0x52, 0x47, 0x5a, 0x68, 0x5a, 0x68, 0x5a, 0x88, 0x62, 0xa9,
	0x62, 0xc9, 0x6a, 0xe9, 0x6b, 0x09, 0x52, 0x06, 0x18, 0xc2, 0x31, 0x64, 0x20, 0xe3, 0x31, 0x44,
	0x29, 0x03, 0x41, 0xc5, 0x5a, 0x88, 0x5a, 0x47, 0x5a, 0x67, 0x5a, 0x67, 0x5a, 0x67, 0x5a, 0x67,
	0x5a, 0x47, 0x52, 0x27, 0x49, 0xe6, 0x41, 0xa5, 0x39, 0x64, 0x39, 0x64, 0x39, 0x85, 0x39, 0xa5,
	0x41, 0xa5, 0x39, 0x85, 0x39, 0x84, 0x39, 0x85, 0x41, 0xe6, 0x4a, 0x27, 0x4a, 0x47, 0x42, 0x25,
	0x42, 0x46, 0x4a, 0x46, 0x4a, 0x46, 0x42, 0x26, 0x41, 0xe5, 0x39, 0xa4, 0x29, 0x42, 0x21, 0x22,
	0x29, 0x42, 0x29, 0x82, 0x39, 0xe3, 0x21, 0x63, 0x10, 0xa1, 0x21, 0x42, 0x08, 0x61, 0x11, 0x86,
	0x10, 0xe3, 0x18, 0xa2, 0x21, 0xa6, 0x21, 0x64, 0x10, 0x60, 0x19, 0x65, 0x11, 0x44, 0x10, 0x61,
	0x10, 0x81, 0x21, 0xe7, 0x21, 0x64, 0x08, 0xa2, 0x21, 0x64, 0x18, 0xa1, 0x10, 0x61, 0x08, 0x81,
	0x62, 0x67, 0x62, 0x87, 0x6a, 0xa8, 0x72, 0xc8, 0x72, 0xc8, 0x6a, 0xa8, 0x6a, 0xa8, 0x6a, 0xa8,
	0x72, 0xc8, 0x6a, 0xa8, 0x6a, 0xa8, 0x72, 0xa8, 0x6a, 0xa8, 0x6a, 0xa8, 0x6a, 0x88, 0x6a, 0xa8,
	0x6a, 0xa8, 0x72, 0xc8, 0x72, 0xc8, 0x6a, 0x87, 0x52, 0x06, 0x31, 0x43, 0x18, 0xa1, 0x10, 0x61,
	0x18, 0xa1, 0x28, 0xe2, 0x18, 0x81, 0x20, 0xc2, 0x20, 0xc2, 0x08, 0x41, 0x31, 0x64, 0x31, 0x85,
	0x73, 0x4c, 0x73, 0x6c, 0x73, 0x4c, 0x73, 0x2b, 0x6b, 0x0b, 0x6b, 0x0a, 0x6a, 0xea, 0x62, 0xc9,
	0x6a, 0xea, 0x52, 0x27, 0x5a, 0x88, 0x62, 0xea, 0x62, 0xa9, 0x62, 0xa9, 0x5a, 0xa9, 0x5a, 0x88,
	0x5a, 0x88, 0x5a, 0x88, 0x5a, 0x88, 0x5a, 0x88, 0x5a, 0x88, 0x5a, 0x88, 0x5a, 0x88, 0x5a, 0x68,
	0x5a, 0x67, 0x52, 0x47, 0x52, 0x27, 0x52, 0x47, 0x52, 0x47, 0x5a, 0x88, 0x5a, 0xa9, 0x62, 0xc9,
	0x62, 0xe9, 0x6a, 0xe9, 0x6a, 0xe9, 0x52, 0x47, 0x29, 0x24, 0x20, 0xe3, 0x18, 0xc2, 0x20, 0xc2,
	0x18, 0x81, 0x52, 0x26, 0x5a, 0x88, 0x5a, 0x67, 0x5a, 0x47, 0x5a, 0x27, 0x52, 0x27, 0x52, 0x47,
	0x52, 0x27, 0x49, 0xe6, 0x41, 0x85, 0x39, 0x44, 0x31, 0x44, 0x31, 0x43, 0x31, 0x23, 0x29, 0x23,
	0x29, 0x23, 0x28, 0xe2, 0x20, 0xc2, 0x20, 0xc2, 0x31, 0x43, 0x39, 0xa5, 0x41, 0xc5, 0x39, 0xc4,
	0x41, 0xe4, 0x42, 0x04, 0x42, 0x04, 0x42, 0x04, 0x3a, 0x04, 0x39, 0xe4, 0x31, 0xc3, 0x31, 0xc3,
	0x31, 0xe3, 0x29, 0xa3, 0x31, 0xa2, 0x10, 0xc1, 0x10, 0x81, 0x29, 0x63, 0x10, 0x81, 0x11, 0x45,
	0x10, 0xe3, 0x21, 0x03, 0x21, 0xa6, 0x29, 0xa5, 0x08, 0xa2, 0x08, 0xc2, 0x18, 0xe2, 0x10, 0x61,
	0x20, 0xc2, 0x21, 0xe7, 0x19, 0x23, 0x10, 0xa2, 0x29, 0xc6, 0x18, 0xc2, 0x08, 0x61, 0x10, 0x81,
	0x6a, 0xa7, 0x6a, 0x87, 0x6a, 0xa8, 0x6a, 0xc8, 0x72, 0xe8, 0x73, 0x09, 0x73, 0x09, 0x72, 0xe8,
	0x72, 0xc8, 0x6a, 0xa8, 0x72, 0xc8, 0x72, 0xc8, 0x72, 0xc8, 0x6a, 0xa8, 0x62, 0x67, 0x6a, 0x88,
	0x6a, 0xa8, 0x6a, 0xc8, 0x6a, 0xc9, 0x62, 0x88, 0x49, 0xe6, 0x29, 0x23, 0x18, 0xa1, 0x20, 0xa1,
	0x31, 0x02, 0x41, 0x84, 0x31, 0x23, 0x08, 0x20, 0x18, 0xa2, 0x08, 0x40, 0x18, 0xc2, 0x4a, 0x06,
	0x73, 0x4c, 0x73, 0x6c, 0x73, 0x4c, 0x73, 0x4b, 0x6b, 0x2b, 0x6b, 0x0a, 0x6a, 0xea, 0x62, 0xea,
	0x62, 0xc9, 0x62, 0xea, 0x62, 0xca, 0x62, 0xc9, 0x62, 0xa9, 0x5a, 0xa9, 0x5a, 0xa9, 0x5a, 0x88,
	0x5a, 0x88, 0x5a, 0x88, 0x5a, 0x88, 0x5a, 0x88, 0x5a, 0x88, 0x5a, 0x67, 0x5a, 0x67, 0x52, 0x47,
	0x52, 0x47, 0x52, 0x27, 0x52, 0x27, 0x52, 0x47, 0x52, 0x47, 0x5a, 0x88, 0x62, 0xc9, 0x62, 0xea,
	0x62, 0xe9, 0x62, 0xc9, 0x62, 0xc9, 0x52, 0x68, 0x29, 0x24, 0x08, 0x41, 0x20, 0xc2, 0x10, 0x61,
	0x20, 0xe2, 0x5a, 0x67, 0x5a, 0x67, 0x5a, 0x47, 0x52, 0x26, 0x49, 0xe6, 0x49, 0xc6, 0x41, 0xa5,
	0x41, 0x85, 0x39, 0x64, 0x31, 0x44, 0x39, 0x44, 0x39, 0x64, 0x31, 0x43, 0x31, 0x23, 0x29, 0x02,
	0x20, 0xc2, 0x18, 0xa1, 0x20, 0xe2, 0x29, 0x23, 0x31, 0x64, 0x39, 0x84, 0x31, 0x83, 0x31, 0x83,
	0x31, 0xa3, 0x39, 0xe3, 0x39, 0xe3, 0x42, 0x04, 0x42, 0x25, 0x42, 0x25, 0x3a, 0x24, 0x3a, 0x24,
	0x3a, 0x04, 0x31, 0xa3, 0x29, 0x82, 0x10, 0x81, 0x08, 0x61, 0x29, 0x62, 0x19, 0x23, 0x08, 0xe3,
	0x10, 0xa2, 0x20, 0xe2, 0x21, 0xc6, 0x19, 0x44, 0x10, 0xe3, 0x21, 0x64, 0x18, 0xe2, 0x10, 0x81,
	0x18, 0xe2, 0x21, 0xc7, 0x10, 0xc2, 0x10, 0xa2, 0x21, 0xc6, 0x18, 0xe2, 0x08, 0x61, 0x10, 0x81,
	0x72, 0xc8, 0x72, 0xc8, 0x72, 0xc8, 0x72, 0xc8, 0x72, 0xe9, 0x7b, 0x29, 0x7b, 0x09, 0x73, 0x09,
	0x72, 0xe8, 0x72, 0xc8, 0x72, 0xc8, 0x72, 0xe9, 0x72, 0xe9, 0x72, 0xc8, 0x6a, 0xa8, 0x6a, 0xa8,
	0x6a, 0xc8, 0x6a, 0xc9, 0x6a, 0xc9, 0x62, 0xa8, 0x52, 0x47, 0x41, 0xa5, 0x39, 0x43, 0x39, 0x43,
	0x41, 0x84, 0x51, 0xe5, 0x5a, 0x26, 0x20, 0xc2, 0x00, 0x20, 0x08, 0x61, 0x00, 0x20, 0x31, 0x64,
	0x73, 0x6c, 0x73, 0x6c, 0x73, 0x6c, 0x73, 0x4c, 0x6b, 0x2b, 0x6b, 0x0a, 0x6a, 0xea, 0x6a, 0xea,
	0x62, 0xc9, 0x62, 0xc9, 0x62, 0xc9, 0x62, 0xa9, 0x62, 0xa9, 0x5a, 0xa9, 0x5a, 0x89, 0x5a, 0x88,
	0x5a, 0x68, 0x5a, 0x68, 0x5a, 0x88, 0x5a, 0x68, 0x5a, 0x68, 0x52, 0x47, 0x52, 0x47, 0x52, 0x47,
	0x52, 0x47, 0x52, 0x27, 0x52, 0x47, 0x52, 0x47, 0x52, 0x47, 0x5a, 0x88, 0x62, 0xa9, 0x62, 0xc9,
	0x62, 0xe9, 0x62, 0xc9, 0x62, 0xc9, 0x52, 0x27, 0x21, 0x03, 0x08, 0x61, 0x18, 0xa2, 0x10, 0x61,
	0x41, 0xc5, 0x5a, 0x67, 0x5a, 0x47, 0x52, 0x47, 0x4a, 0x06, 0x41, 0xa5, 0x39, 0x64, 0x39, 0x44,
	0x39, 0x64, 0x31, 0x44, 0x39, 0x64, 0x39, 0x84, 0x41, 0xa5, 0x41, 0xc5, 0x39, 0x64, 0x31, 0x23,
	0x29, 0x02, 0x29, 0x42, 0x39, 0xa3, 0x42, 0x04, 0x42, 0x25, 0x39, 0xe4, 0x29, 0x62, 0x29, 0x61,
	0x31, 0x82, 0x39, 0xc3, 0x41, 0xe4, 0x42, 0x05, 0x42, 0x05, 0x42, 0x05, 0x42, 0x25, 0x42, 0x24,
	0x39, 0xe4, 0x31, 0xa3, 0x29, 0x62, 0x10, 0xa1, 0x10, 0xa1, 0x19, 0x02, 0x11, 0x03, 0x00, 0x40,
	0x08, 0x81, 0x29, 0x23, 0x19, 0xa6, 0x08, 0xa2, 0x19, 0x24, 0x29, 0xe6, 0x08, 0xa2, 0x08, 0x61,
	0x19, 0x24, 0x19, 0x86, 0x10, 0x61, 0x10, 0xc2, 0x21, 0xc6, 0x18, 0xe2, 0x08, 0x61, 0x10, 0xa1,
	0x72, 0xe9, 0x7b, 0x29, 0x7b, 0x29, 0x72, 0xe9, 0x72, 0xe9, 0x7b, 0x09, 0x7b, 0x09, 0x73, 0x09,
	0x6a, 0xc8, 0x6a, 0xc8, 0x72, 0xe8, 0x72, 0xe9, 0x7b, 0x09, 0x7b, 0x09, 0x72, 0xe9, 0x72, 0xc9,
	0x72, 0xe9, 0x6a, 0xe9, 0x6a, 0xc9, 0x6a, 0xc9, 0x62, 0x88, 0x5a, 0x47, 0x52, 0x06, 0x49, 0xe5,
	0x52, 0x06, 0x52, 0x06, 0x5a, 0x26, 0x52, 0x26, 0x10, 0x61, 0x08, 0x40, 0x00, 0x20, 0x20, 0xe2,
	0x73, 0x4b, 0x73, 0x6c, 0x73, 0x4c, 0x73, 0x4c, 0x6b, 0x2b, 0x6b, 0x0b, 0x6b, 0x0a, 0x6a, 0xea,
	0x62, 0xea, 0x62, 0xc9, 0x62, 0xc9, 0x62, 0xa9, 0x5a, 0xa9, 0x5a, 0x89, 0x5a, 0xa9, 0x5a, 0xa9,
	0x5a, 0x88, 0x5a, 0x88, 0x5a, 0x88, 0x5a, 0x68, 0x5a, 0x67, 0x52, 0x47, 0x52, 0x47, 0x52, 0x47,
	0x52, 0x47, 0x52, 0x47, 0x52, 0x47, 0x52, 0x47, 0x52, 0x47, 0x5a, 0x68, 0x5a, 0xa9, 0x62, 0xc9,
	0x62, 0xc9, 0x62, 0xc9, 0x62, 0xa8, 0x41, 0xc5, 0x10, 0x61, 0x18, 0xa2, 0x10, 0x61, 0x20, 0xc2,
	0x52, 0x06, 0x5a, 0x47, 0x5a, 0x47, 0x52, 0x27, 0x41, 0xc6, 0x39, 0x64, 0x39, 0x64, 0x39, 0xa5,
	0x41, 0xc6, 0x39, 0xa5, 0x39, 0xa5, 0x52, 0x88, 0x6b, 0x6b, 0x6b, 0x4a, 0x52, 0x47, 0x39, 0x84,
	0x39, 0x63, 0x39, 0x83, 0x42, 0x03, 0x4a, 0x24, 0x4a, 0x45, 0x42, 0x25, 0x39, 0xc4, 0x31, 0x62,
	0x39, 0x83, 0x41, 0xa4, 0x41, 0xa4, 0x41, 0xa4, 0x41, 0xc5, 0x41, 0xc4, 0x39, 0xc4, 0x39, 0xc4,
	0x41, 0xc5, 0x41, 0xc5, 0x31, 0x63, 0x10, 0xa1, 0x31, 0x84, 0x08, 0xa2, 0x08, 0xe4, 0x10, 0xe3,
	0x10, 0x81, 0x29, 0x85, 0x19, 0x86, 0x08, 0x40, 0x19, 0x24, 0x29, 0xc6, 0x11, 0x03, 0x10, 0xe3,
	0x11, 0x65, 0x10, 0xe3, 0x10, 0x60, 0x10, 0xc2, 0x21, 0xc6, 0x18, 0xc2, 0x08, 0x61, 0x08, 0x81,
	0x72, 0xe9, 0x73, 0x29, 0x7b, 0x2a, 0x7b, 0x09, 0x7b, 0x09, 0x73, 0x09, 0x73, 0x09, 0x73, 0x09,
	0x72, 0xc9, 0x6a, 0xa8, 0x72, 0xe9, 0x7b, 0x09, 0x7b, 0x09, 0x7b, 0x09, 0x7b, 0x09, 0x7b, 0x09,
	0x72, 0xe9, 0x72, 0xe9, 0x6a, 0xe9, 0x6a, 0xe9, 0x6a, 0xc9, 0x62, 0xa8, 0x62, 0x88, 0x5a, 0x67,
	0x5a, 0x47, 0x5a, 0x26, 0x52, 0x06, 0x5a, 0x67, 0x39, 0x84, 0x08, 0x20, 0x08, 0x40, 0x20, 0xa1,
	0x6b, 0x0a, 0x73, 0x6c, 0x73, 0x2b, 0x73, 0x4b, 0x6b, 0x2b, 0x6b, 0x0b, 0x6b, 0x0a, 0x6a, 0xea,
	0x6a, 0xea, 0x62, 0xc9, 0x62, 0xc9, 0x62, 0xa9, 0x5a, 0xa9, 0x5a, 0xa9, 0x5a, 0x89, 0x5a, 0x88,
	0x5a, 0x88, 0x5a, 0xa9, 0x5a, 0xa9, 0x5a, 0x88, 0x5a, 0x68, 0x52, 0x47, 0x52, 0x47, 0x52, 0x47,
	0x52, 0x47, 0x52, 0x47, 0x52, 0x68, 0x52, 0x47, 0x52, 0x27, 0x52, 0x47, 0x5a, 0x88, 0x5a, 0x88,
	0x62, 0xa9, 0x5a, 0xa8, 0x62, 0xa8, 0x29, 0x23, 0x08, 0x40, 0x10, 0x81, 0x08, 0x41, 0x29, 0x03,
	0x41, 0xa5, 0x49, 0xe6, 0x4a, 0x07, 0x49, 0xe6, 0x41, 0xa5, 0x39, 0x64, 0x41, 0xa5, 0x4a, 0x27,
	0x52, 0x48, 0x4a, 0x07, 0x52, 0x68, 0x73, 0xcc, 0x84, 0x8e, 0x73, 0xec, 0x5a, 0x88, 0x49, 0xc5,
	0x41, 0xc4, 0x39, 0xa3, 0x31, 0xa2, 0x39, 0xa2, 0x41, 0xe4, 0x41, 0xc5, 0x41, 0xe5, 0x41, 0xa5,
	0x41, 0xa4, 0x41, 0xa4, 0x41, 0xa4, 0x41, 0x84, 0x41, 0xa5, 0x39, 0x84, 0x31, 0x63, 0x41, 0xa4,
	0x51, 0xe6, 0x52, 0x06, 0x41, 0xa5, 0x20, 0xe3, 0x29, 0x64, 0x00, 0x61, 0x09, 0x66, 0x19, 0x45,
	0x10, 0x61, 0x11, 0x65, 0x08, 0xe3, 0x10, 0x40, 0x19, 0x24, 0x21, 0xa6, 0x11, 0x03, 0x09, 0x04,
	0x08, 0xa1, 0x10, 0x81, 0x10, 0x61, 0x10, 0xe3, 0x21, 0xc6, 0x10, 0xc2, 0x08, 0x61, 0x08, 0x81,
	0x6a, 0xe9, 0x6a, 0xe9, 0x73, 0x09, 0x73, 0x09, 0x73, 0x09, 0x73, 0x09, 0x73, 0x09, 0x7b, 0x09,
	0x72, 0xe9, 0x72, 0xe9, 0x72, 0xe9, 0x7b, 0x2a, 0x7b, 0x2a, 0x7b, 0x2a, 0x7b, 0x2a, 0x7b, 0x2a,
	0x72, 0xe9, 0x6a, 0xa8, 0x62, 0xa8, 0x6a, 0xc9, 0x6a, 0xc9, 0x6a, 0xc9, 0x6a, 0xa9, 0x62, 0xa8,
	0x62, 0x88, 0x5a, 0x67, 0x52, 0x27, 0x49, 0xe5, 0x52, 0x06, 0x29, 0x23, 0x00, 0x00, 0x20, 0xe2,
	0x6b, 0x0b, 0x73, 0x4c, 0x6b, 0x2b, 0x6b, 0x2b, 0x6b, 0x2b, 0x6b, 0x0a, 0x6a, 0xea, 0x6a, 0xea,
	0x6b, 0x0a, 0x6a, 0xea, 0x62, 0xc9, 0x62, 0xa9, 0x5a, 0x89, 0x5a, 0x89, 0x5a, 0x88, 0x5a, 0x88,
	0x5a, 0x88, 0x5a, 0xa9, 0x5a, 0xa9, 0x5a, 0x88, 0x5a, 0x68, 0x52, 0x68, 0x52, 0x47, 0x52, 0x68,
	0x52, 0x47, 0x52, 0x68, 0x52, 0x68, 0x52, 0x47, 0x52, 0x27, 0x52, 0x27, 0x52, 0x47, 0x5a, 0x68,
	0x5a, 0x88, 0x5a, 0x88, 0x5a, 0x88, 0x29, 0x03, 0x08, 0x20, 0x08, 0x20, 0x10, 0x61, 0x31, 0x23,
	0x31, 0x44, 0x39, 0x85, 0x41, 0xa5, 0x41, 0xa5, 0x41, 0x85, 0x39, 0x64, 0x41, 0xc6, 0x52, 0x48,
	0x5a, 0x68, 0x5a, 0xa9, 0x63, 0x4a, 0x73, 0xec, 0x7c, 0x2c, 0x63, 0x89, 0x52, 0x87, 0x52, 0x06,
	0x49, 0xe5, 0x41, 0xe4, 0x31, 0x63, 0x29, 0x22, 0x41, 0xa5, 0x41, 0xe6, 0x41, 0xc5, 0x41, 0xa4,
	0x39, 0x84, 0x39, 0x43, 0x31, 0x43, 0x31, 0x43, 0x31, 0x43, 0x31, 0x42, 0x31, 0x63, 0x49, 0xe5,
	0x5a, 0x47, 0x52, 0x26, 0x52, 0x06, 0x29, 0x03, 0x00, 0x61, 0x10, 0x61, 0x19, 0x86, 0x11, 0x24,
	0x10, 0xe3, 0x00, 0x81, 0x08, 0x40, 0x10, 0x60, 0x19, 0x44, 0x21, 0xc6, 0x08, 0xc2, 0x10, 0xe2,
	0x10, 0x81, 0x10, 0xc2, 0x10, 0x61, 0x19, 0x45, 0x19, 0x85, 0x10, 0x81, 0x08, 0x61, 0x10, 0xa1,
	0x6a, 0xe9, 0x6a, 0xc9, 0x72, 0xea, 0x73, 0x0a, 0x73, 0x0a, 0x73, 0x09, 0x72, 0xe9, 0x72, 0xe9,
	0x72, 0xe9, 0x73, 0x0a, 0x7b, 0x2a, 0x7b, 0x2a, 0x7b, 0x4a, 0x7b, 0x4a, 0x7b, 0x2a, 0x7b, 0x2a,
	0x72, 0xe9, 0x62, 0x67, 0x5a, 0x26, 0x5a, 0x27, 0x62, 0x88, 0x6a, 0xc9, 0x72, 0xea, 0x6a, 0xe9,
	0x6a, 0xc9, 0x6a, 0xa9, 0x62, 0xa8, 0x62, 0x67, 0x52, 0x06, 0x52, 0x06, 0x31, 0x44, 0x49, 0xe6,
	0x73, 0x2b, 0x73, 0x4b, 0x6b, 0x2b, 0x6b, 0x0b, 0x6b, 0x0a, 0x62, 0xea, 0x62, 0xca, 0x6a, 0xea,
	0x6b, 0x0a, 0x6b, 0x0a, 0x62, 0xca, 0x62, 0xc9, 0x5a, 0xa9, 0x5a, 0x88, 0x5a, 0x88, 0x5a, 0x68,
	0x5a, 0x88, 0x5a, 0x88, 0x5a, 0x88, 0x5a, 0x68, 0x52, 0x68, 0x52, 0x47, 0x52, 0x68, 0x52, 0x68,
	0x52, 0x68, 0x52, 0x68, 0x5a, 0x68, 0x52, 0x48, 0x52, 0x27, 0x4a, 0x06, 0x52, 0x27, 0x52, 0x47,
	0x52, 0x68, 0x5a, 0x68, 0x5a, 0x47, 0x20, 0xe2, 0x08, 0x20, 0x10, 0x61, 0x39, 0x84, 0x31, 0x44,
	0x39, 0x64, 0x39, 0x84, 0x41, 0xa5, 0x41, 0xa5, 0x39, 0x84, 0x39, 0x64, 0x41, 0xa5, 0x52, 0x27,
	0x62, 0xe9, 0x6b, 0x8b, 0x6b, 0xab, 0x63, 0x6a, 0x63, 0x49, 0x5a, 0xe7, 0x52, 0x45, 0x52, 0x25,
	0x52, 0x25, 0x4a, 0x05, 0x41, 0xa4, 0x39, 0x84, 0x41, 0xc5, 0x49, 0xe6, 0x41, 0xa4, 0x39, 0x43,
	0x31, 0x22, 0x29, 0x02, 0x28, 0xe2, 0x28, 0xe2, 0x31, 0x23, 0x39, 0x84, 0x41, 0xc5, 0x5a, 0x68,
	0x5a, 0x68, 0x4a, 0x06, 0x52, 0x27, 0x31, 0x85, 0x00, 0x40, 0x29, 0x23, 0x2a, 0x08, 0x08, 0xe3,
	0x11, 0x03, 0x19, 0x44, 0x08, 0x81, 0x10, 0x80, 0x19, 0x65, 0x11, 0x45, 0x10, 0xe3, 0x21, 0x85,
	0x10, 0xa2, 0x19, 0x44, 0x10, 0xe2, 0x19, 0x65, 0x11, 0x03, 0x10, 0x81, 0x08, 0x81, 0x10, 0xc2,
	0x72, 0xe9, 0x72, 0xe9, 0x73, 0x0a, 0x73, 0x2a, 0x7b, 0x2a, 0x73, 0x2a, 0x73, 0x0a, 0x72, 0xe9,
	0x72, 0xe9, 0x73, 0x0a, 0x7b, 0x2a, 0x7b, 0x2a, 0x7b, 0x2a, 0x7b, 0x4a, 0x7b, 0x4a, 0x7b, 0x2a,
	0x73, 0x0a, 0x6a, 0xa8, 0x5a, 0x47, 0x5a, 0x47, 0x62, 0x88, 0x72, 0xe9, 0x7b, 0x2a, 0x7b, 0x2a,
	0x73, 0x0a, 0x6a, 0xc9, 0x72, 0xe9, 0x72, 0xe9, 0x6a, 0xa8, 0x5a, 0x47, 0x62, 0x67, 0x62, 0x47,
	0x6a, 0xea, 0x73, 0x2b, 0x6b, 0x0b, 0x6a, 0xea, 0x62, 0xea, 0x62, 0xc9, 0x62, 0xc9, 0x62, 0xea,
	0x6b, 0x0a, 0x6b, 0x0a, 0x62, 0xea, 0x62, 0xc9, 0x5a, 0xa9, 0x5a, 0x89, 0x5a, 0x88, 0x5a, 0x88,
	0x5a, 0x68, 0x5a, 0x88, 0x5a, 0x88, 0x52, 0x47, 0x52, 0x47, 0x52, 0x47, 0x52, 0x47, 0x52, 0x47,
	0x52, 0x47, 0x52, 0x48, 0x5a, 0x68, 0x52, 0x47, 0x4a, 0x27, 0x4a, 0x07, 0x4a, 0x07, 0x52, 0x27,
	0x52, 0x47, 0x52, 0x47, 0x5a, 0x68, 0x20, 0xe2, 0x00, 0x00, 0x52, 0x47, 0x6b, 0x0a, 0x31, 0x64,
	0x39, 0x85, 0x39, 0x85, 0x41, 0xa5, 0x41, 0xa5, 0x39, 0x85, 0x39, 0x64, 0x41, 0xa5, 0x4a, 0x26,
	0x63, 0x09, 0x6b, 0xcb, 0x5b, 0x6a, 0x4a, 0x86, 0x4a, 0x45, 0x42, 0x04, 0x41, 0xe4, 0x52, 0x05,
	0x62, 0x67, 0x62, 0x88, 0x52, 0x27, 0x4a, 0x06, 0x49, 0xe5, 0x4a, 0x06, 0x49, 0xe5, 0x41, 0xa4,
	0x31, 0x43, 0x29, 0x02, 0x28, 0xe2, 0x31, 0x23, 0x41, 0xa4, 0x41, 0xc5, 0x4a, 0x07, 0x52, 0x68,
	0x52, 0x27, 0x49, 0xe6, 0x41, 0xe6, 0x18, 0xe3, 0x08, 0x41, 0x19, 0x44, 0x21, 0xe8, 0x08, 0x41,
	0x29, 0xa7, 0x19, 0xc6, 0x10, 0xa1, 0x19, 0x03, 0x19, 0xa7, 0x08, 0xa2, 0x19, 0x24, 0x21, 0xa5,
	0x18, 0xc2, 0x21, 0xa5, 0x10, 0xe3, 0x10, 0xc2, 0x10, 0xa1, 0x10, 0x81, 0x08, 0x81, 0x10, 0xc2,
	0x73, 0x0a, 0x73, 0x0a, 0x73, 0x0a, 0x7b, 0x2a, 0x7b, 0x4b, 0x7b, 0x2b, 0x7b, 0x2a, 0x7b, 0x2a,
	0x7b, 0x2a, 0x7b, 0x2a, 0x7b, 0x2a, 0x7b, 0x2a, 0x7b, 0x2a, 0x7b, 0x2a, 0x7b, 0x2a, 0x7b, 0x2a,
	0x7b, 0x4a, 0x7b, 0x2a, 0x73, 0x09, 0x72, 0xe9, 0x72, 0xe9, 0x7b, 0x2a, 0x7b, 0x4a, 0x7b, 0x4b,
	0x7b, 0x4b, 0x72, 0xe9, 0x72, 0xe9, 0x73, 0x0a, 0x72, 0xe9, 0x6a, 0xa8, 0x62, 0x67, 0x6a, 0x88,
	0x72, 0xe9, 0x6b, 0x2b, 0x6b, 0x0a, 0x6a, 0xea, 0x62, 0xc9, 0x5a, 0x88, 0x5a, 0xa9, 0x62, 0xca,
	0x6a, 0xea, 0x6b, 0x0b, 0x6b, 0x0a, 0x62, 0xca, 0x62, 0xa9, 0x5a, 0x89, 0x5a, 0x88, 0x5a, 0x88,
	0x5a, 0x68, 0x5a, 0x88, 0x5a, 0x68, 0x52, 0x47, 0x52, 0x47, 0x52, 0x68, 0x52, 0x27, 0x4a, 0x27,
	0x4a, 0x27, 0x52, 0x47, 0x52, 0x47, 0x52, 0x47, 0x49, 0xe6, 0x4a, 0x06, 0x4a, 0x07, 0x4a, 0x27,
	0x52, 0x27, 0x52, 0x47, 0x62, 0xa8, 0x5a, 0x47, 0x20, 0xe2, 0x7b, 0x4a, 0x52, 0x27, 0x39, 0x65,
	0x31, 0x64, 0x31, 0x64, 0x39, 0x65, 0x39, 0x65, 0x31, 0x64, 0x39, 0x64, 0x39, 0x85, 0x41, 0xe6,
	0x4a, 0x67, 0x4a, 0xa7, 0x3a, 0x44, 0x3a, 0x03, 0x4a, 0x64, 0x4a, 0x45, 0x49, 0xe5, 0x52, 0x25,
	0x62, 0xa8, 0x6a, 0xe9, 0x5a, 0x88, 0x52, 0x47, 0x52, 0x47, 0x5a, 0x67, 0x52, 0x47, 0x4a, 0x06,
	0x41, 0xa5, 0x31, 0x43, 0x29, 0x02, 0x39, 0x64, 0x41, 0xa5, 0x4a, 0x06, 0x5a, 0xa9, 0x52, 0x89,
	0x4a, 0x07, 0x52, 0x47, 0x31, 0x65, 0x21, 0x03, 0x10, 0x61, 0x11, 0xa7, 0x09, 0x24, 0x08, 0x40,
	0x21, 0xe8, 0x21, 0xc6, 0x08, 0x60, 0x11, 0x44, 0x11, 0x24, 0x08, 0x20, 0x19, 0x44, 0x21, 0xa5,
	0x10, 0xa1, 0x11, 0x03, 0x08, 0x81, 0x10, 0xa1, 0x21, 0x02, 0x08, 0x81, 0x08, 0xa2, 0x11, 0x03,
	0x7b, 0x4b, 0x7b, 0x4b, 0x73, 0x0a, 0x73, 0x0a, 0x7b, 0x2a, 0x7b, 0x2a, 0x7b, 0x2a, 0x7b, 0x2b,
	0x7b, 0x4b, 0x7b, 0x4b, 0x7b, 0x2a, 0x7b, 0x2a, 0x7b, 0x2a, 0x7b, 0x2a, 0x7b, 0x2a, 0x7b, 0x2a,
	0x83, 0x4a, 0x83, 0x6b, 0x83, 0x6b, 0x83, 0x6b, 0x83, 0x6b, 0x7b, 0x4b, 0x7b, 0x4b, 0x83, 0x6b,
	0x83, 0x6b, 0x7b, 0x2a, 0x72, 0xe9, 0x73, 0x0a, 0x7b, 0x0a, 0x72, 0xe9, 0x72, 0xc9, 0x72, 0xe9,
	0x73, 0x0a, 0x6b, 0x0b, 0x6b, 0x0a, 0x62, 0xc9, 0x5a, 0x88, 0x5a, 0x88, 0x5a, 0x88, 0x62, 0xa9,
	0x62, 0xea, 0x6b, 0x0a, 0x6b, 0x0a, 0x62, 0xea, 0x62, 0xa9, 0x5a, 0x89, 0x5a, 0x88, 0x5a, 0x68,
	0x52, 0x68, 0x52, 0x68, 0x52, 0x67, 0x52, 0x47, 0x52, 0x47, 0x52, 0x47, 0x4a, 0x27, 0x4a, 0x06,
	0x49, 0xe6, 0x4a, 0x06, 0x52, 0x26, 0x4a, 0x06, 0x41, 0xa5, 0x49, 0xe6, 0x4a, 0x06, 0x4a, 0x06,
	0x4a, 0x27, 0x52, 0x27, 0x62, 0x88, 0x72, 0xe9, 0x52, 0x26, 0x72, 0xe9, 0x49, 0xe6, 0x41, 0xa5,
	0x41, 0xa5, 0x39, 0x64, 0x31, 0x44, 0x31, 0x23, 0x31, 0x44, 0x39, 0x44, 0x41, 0xc5, 0x52, 0x27,
	0x4a, 0x26, 0x39, 0xc3, 0x31, 0xc2, 0x4a, 0x85, 0x5b, 0x07, 0x5a, 0x86, 0x52, 0x06, 0x52, 0x05,
	0x62, 0x87, 0x6a, 0xe9, 0x5a, 0x68, 0x4a, 0x06, 0x52, 0x26, 0x5a, 0x68, 0x5a, 0xa9, 0x52, 0x47,
	0x49, 0xe6, 0x41, 0x84, 0x41, 0x84, 0x49, 0xe5, 0x52, 0x47, 0x6b, 0x2a, 0x73, 0x6b, 0x62, 0xca,
	0x5a, 0x68, 0x5a, 0x47, 0x21, 0x03, 0x39, 0xa5, 0x10, 0xe3, 0x08, 0xe3, 0x10, 0xa2, 0x08, 0xa2,
	0x21, 0xe8, 0x21, 0xc7, 0x08, 0xa1, 0x08, 0x81, 0x08, 0x61, 0x08, 0x40, 0x19, 0x45, 0x21, 0x85,
	0x08, 0x81, 0x10, 0xe3, 0x10, 0x81, 0x10, 0xe2, 0x21, 0x64, 0x10, 0xa1, 0x10, 0xe3, 0x10, 0xe2,
	0x83, 0x6b, 0x83, 0x6b, 0x7b, 0x4b, 0x73, 0x0a, 0x73, 0x0a, 0x7b, 0x2a, 0x7b, 0x2a, 0x7b, 0x4b,
	0x7b, 0x4b, 0x7b, 0x4b, 0x7b, 0x2b, 0x7b, 0x2a, 0x73, 0x2a, 0x7b, 0x2a, 0x7b, 0x4a, 0x7b, 0x4b,
	0x83, 0x4b, 0x83, 0x6b, 0x83, 0x6b, 0x83, 0x6b, 0x83, 0x6b, 0x83, 0x6b, 0x83, 0x6b, 0x83, 0x6b,
	0x83, 0x8c, 0x83, 0x8b, 0x83, 0x6b, 0x83, 0x4b, 0x83, 0x6b, 0x83, 0x6b, 0x83, 0x4b, 0x7b, 0x4a,
	0x83, 0x6b, 0x73, 0x2b, 0x62, 0xea, 0x62, 0xc9, 0x5a, 0x88, 0x5a, 0x68, 0x5a, 0x68, 0x5a, 0x88,
	0x62, 0xa9, 0x62, 0xea, 0x62, 0xea, 0x62, 0xc9, 0x62, 0xa9, 0x5a, 0x88, 0x52, 0x48, 0x52, 0x47,
	0x52, 0x47, 0x52, 0x47, 0x5a, 0x68, 0x52, 0x47, 0x52, 0x47, 0x4a, 0x06, 0x49, 0xe6, 0x41, 0xe6,
	0x41, 0xc5, 0x41, 0xc5, 0x49, 0xe6, 0x39, 0x85, 0x31, 0x44, 0x41, 0xc5, 0x49, 0xe6, 0x49, 0xe6,
	0x4a, 0x06, 0x4a, 0x07, 0x5a, 0x67, 0x62, 0x87, 0x52, 0x26, 0x73, 0x29, 0x5a, 0x47, 0x52, 0x26,
	0x52, 0x26, 0x4a, 0x06, 0x41, 0xa5, 0x41, 0x84, 0x39, 0x84, 0x41, 0x85, 0x5a, 0x47, 0x62, 0xa8,
	0x5a, 0x67, 0x4a, 0x04, 0x4a, 0x85, 0x5b, 0x48, 0x5b, 0x07, 0x4a, 0x26, 0x49, 0xc5, 0x52, 0x05,
	0x5a, 0x47, 0x5a, 0x67, 0x49, 0xe6, 0x41, 0xa5, 0x52, 0x27, 0x6b, 0x0a, 0x6b, 0x2b, 0x5a, 0x88,
	0x4a, 0x06, 0x49, 0xe5, 0x5a, 0x47, 0x62, 0x88, 0x62, 0xa9, 0x62, 0xc9, 0x62, 0xa9, 0x52, 0x27,
	0x41, 0xc6, 0x52, 0x47, 0x29, 0x23, 0x31, 0x85, 0x18, 0xe3, 0x08, 0x41, 0x08, 0x81, 0x11, 0x04,
	0x19, 0xa6, 0x19, 0x86, 0x08, 0xc2, 0x11, 0x04, 0x08, 0x60, 0x08, 0x40, 0x19, 0x86, 0x19, 0x64,
	0x08, 0x61, 0x19, 0xa6, 0x18, 0xe2, 0x10, 0xc2, 0x21, 0x85, 0x10, 0xc2, 0x10, 0xa1, 0x10, 0xa1,
	0x83, 0x6b, 0x83, 0x6b, 0x7b, 0x4b, 0x7b, 0x4b, 0x7b, 0x4b, 0x7b, 0x4b, 0x7b, 0x4b, 0x83, 0x6b,
	0x83, 0x8c, 0x83, 0x8b, 0x7b, 0x4b, 0x73, 0x2a, 0x72, 0xe9, 0x72, 0xe9, 0x73, 0x09, 0x7b, 0x2a,
	0x7b, 0x4a, 0x83, 0x6b, 0x83, 0x6b, 0x83, 0x6b, 0x83, 0x6b, 0x83, 0x8b, 0x83, 0x6b, 0x83, 0x6b,
	0x8b, 0x8c, 0x8b, 0xac, 0x8b, 0xac, 0x8b, 0xac, 0x8b, 0xac, 0x8b, 0x8c, 0x83, 0x8b, 0x83, 0x6b,
	0x83, 0x8b, 0x83, 0x8b, 0x62, 0xca, 0x62, 0xc9, 0x5a, 0x88, 0x52, 0x68, 0x52, 0x47, 0x52, 0x68,
	0x5a, 0x89, 0x62, 0xc9, 0x62, 0xa9, 0x5a, 0xa9, 0x5a, 0x89, 0x5a, 0x88, 0x4a, 0x27, 0x4a, 0x06,
	0x4a, 0x07, 0x52, 0x27, 0x52, 0x27, 0x4a, 0x26, 0x4a, 0x06, 0x49, 0xe6, 0x41, 0xc5, 0x39, 0xa5,
	0x41, 0xa5, 0x39, 0xa5, 0x39, 0xa5, 0x31, 0x23, 0x29, 0x23, 0x39, 0x85, 0x41, 0xc6, 0x41, 0xe6,
	0x41, 0xc6, 0x49, 0xe6, 0x49, 0xe6, 0x49, 0xe5, 0x52, 0x26, 0x7b, 0x4a, 0x5a, 0x27, 0x52, 0x06,
	0x5a, 0x68, 0x5a, 0x68, 0x5a, 0x47, 0x52, 0x27, 0x49, 0xc6, 0x4a, 0x07, 0x62, 0xa9, 0x6a, 0xc9,
	0x5a, 0x47, 0x4a, 0x05, 0x5a, 0xe7, 0x63, 0x49, 0x5a, 0xa7, 0x4a, 0x06, 0x49, 0xe6, 0x52, 0x47,
	0x62, 0x68, 0x52, 0x47, 0x41, 0xe6, 0x41, 0xe6, 0x5a, 0x68, 0x73, 0x2b, 0x6b, 0x0a, 0x52, 0x68,
	0x49, 0xc6, 0x49, 0xe6, 0x5a, 0x68, 0x52, 0x27, 0x4a, 0x07, 0x5a, 0x68, 0x62, 0xa9, 0x52, 0x68,
	0x52, 0x48, 0x62, 0xca, 0x31, 0x85, 0x10, 0xa2, 0x31, 0x44, 0x21, 0x65, 0x08, 0x61, 0x08, 0xe3,
	0x19, 0x24, 0x10, 0xa2, 0x10, 0xe3, 0x19, 0x86, 0x08, 0x60, 0x10, 0xa2, 0x21, 0xe7, 0x10, 0xe3,
	0x08, 0x81, 0x21, 0xc7, 0x18, 0xe2, 0x10, 0xa2, 0x11, 0x44, 0x10, 0xa2, 0x10, 0x81, 0x18, 0xe2,
	0x7b, 0x6b, 0x83, 0x6c, 0x7b, 0x4b, 0x7b, 0x2a, 0x7b, 0x4b, 0x83, 0x6b, 0x83, 0x6b, 0x8b, 0xac,
	0x8b, 0xac, 0x8b, 0xac, 0x83, 0x6b, 0x73, 0x0a, 0x7b, 0x2a, 0x7b, 0x2a, 0x73, 0x0a, 0x73, 0x0a,
	0x7b, 0x2a, 0x7b, 0x2a, 0x7b, 0x2a, 0x7b, 0x2a, 0x83, 0x6b, 0x83, 0x6b, 0x83, 0x6b, 0x7b, 0x4b,
	0x7b, 0x4b, 0x83, 0x8b, 0x83, 0x8c, 0x83, 0x8c, 0x8b, 0xac, 0x8b, 0xac, 0x83, 0x8c, 0x83, 0x6b,
	0x83, 0x6b, 0x83, 0xac, 0x62, 0xa9, 0x5a, 0x68, 0x5a, 0x68, 0x52, 0x47, 0x4a, 0x27, 0x4a, 0x27,
	0x52, 0x68, 0x5a, 0x89, 0x5a, 0x88, 0x5a, 0x68, 0x52, 0x68, 0x52, 0x47, 0x4a, 0x27, 0x4a, 0x06,
	0x49, 0xe6, 0x49, 0xe6, 0x49, 0xe6, 0x49, 0xe6, 0x41, 0xe6, 0x41, 0xa5, 0x39, 0x84, 0x39, 0x84,
	0x39, 0x84, 0x39, 0x64, 0x31, 0x43, 0x29, 0x03, 0x29, 0x23, 0x39, 0x64, 0x39, 0xa5, 0x41, 0xa5,
	0x41, 0xc5, 0x41, 0xa5, 0x31, 0x64, 0x52, 0x27, 0x5a, 0x67, 0x7b, 0x4a, 0x5a, 0x48, 0x49, 0xe6,
	0x62, 0x88, 0x6a, 0xc9, 0x6a, 0xc9, 0x5a, 0x68, 0x49, 0xe6, 0x41, 0xc6, 0x52, 0x47, 0x52, 0x47,
	0x52, 0x06, 0x52, 0x67, 0x5a, 0xa8, 0x52, 0x67, 0x4a, 0x06, 0x41, 0xc6, 0x41, 0xc5, 0x49, 0xe6,
	0x4a, 0x07, 0x4a, 0x07, 0x4a, 0x07, 0x4a, 0x06, 0x4a, 0x07, 0x52, 0x27, 0x52, 0x07, 0x52, 0x27,
	0x4a, 0x07, 0x4a, 0x07, 0x52, 0x48, 0x52, 0x48, 0x62, 0xa9, 0x73, 0x2b, 0x7b, 0x8c, 0x6b, 0x0b,
	0x6a, 0xea, 0x6a, 0xeb, 0x31, 0x85, 0x18, 0xc2, 0x4a, 0x07, 0x29, 0xc7, 0x08, 0xa2, 0x10, 0x81,
	0x29, 0x65, 0x08, 0x40, 0x11, 0x03, 0x19, 0x85, 0x08, 0x20, 0x11, 0x45, 0x11, 0x65, 0x08, 0x40,
	0x10, 0xa2, 0x21, 0xc7, 0x18, 0xe3, 0x08, 0x82, 0x08, 0xc2, 0x08, 0x81, 0x10, 0xa1, 0x19, 0x03,
	0x7b, 0x2a, 0x7b, 0x2b, 0x7b, 0x4b, 0x72, 0xea, 0x6a, 0xe9, 0x83, 0x8c, 0x8b, 0x8c, 0x83, 0x8c,
	0x8b, 0xac, 0x83, 0x8c, 0x83, 0x6b, 0x7b, 0x2a, 0x7b, 0x2a, 0x83, 0x6b, 0x7b, 0x6b, 0x83, 0x6b,
	0x7b, 0x2a, 0x72, 0xe9, 0x6a, 0xc9, 0x72, 0xe9, 0x73, 0x0a, 0x7b, 0x2a, 0x83, 0x4b, 0x7b, 0x2a,
	0x73, 0x0a, 0x7b, 0x2a, 0x7b, 0x4b, 0x7b, 0x4b, 0x83, 0x6b, 0x83, 0x8c, 0x83, 0x8b, 0x83, 0x8c,
	0x83, 0x8c, 0x83, 0x6b, 0x73, 0x2a, 0x52, 0x27, 0x52, 0x47, 0x52, 0x27, 0x41, 0xe6, 0x4a, 0x06,
	0x4a, 0x27, 0x52, 0x48, 0x52, 0x68, 0x52, 0x48, 0x52, 0x27, 0x4a, 0x07, 0x4a, 0x06, 0x41, 0xe6,
	0x41, 0xc6, 0x41, 0xc5, 0x41, 0xa5, 0x41, 0xc5, 0x41, 0xa5, 0x39, 0x64, 0x39, 0x64, 0x31, 0x43,
	0x31, 0x43, 0x31, 0x43, 0x29, 0x23, 0x20, 0xe2, 0x28, 0xe2, 0x31, 0x44, 0x39, 0x64, 0x39, 0x64,
	0x31, 0x64, 0x20, 0xc2, 0x29, 0x03, 0x52, 0x27, 0x5a, 0x47, 0x6b, 0x09, 0x5a, 0x89, 0x52, 0x27,
	0x5a, 0x68, 0x62, 0xa9, 0x62, 0xa9, 0x5a, 0x48, 0x49, 0xe6, 0x41, 0xa5, 0x39, 0xa5, 0x41, 0xa5,
	0x4a, 0x27, 0x52, 0x88, 0x4a, 0x07, 0x39, 0x85, 0x41, 0x85, 0x39, 0x85, 0x39, 0x85, 0x39, 0x85,
	0x41, 0xa5, 0x41, 0xc6, 0x49, 0xe6, 0x41, 0xc6, 0x41, 0xc6, 0x49, 0xe6, 0x4a, 0x07, 0x5a, 0x89,
	0x5a, 0x89, 0x5a, 0x89, 0x62, 0xca, 0x62, 0xea, 0x6b, 0x2c, 0x6a, 0xeb, 0x6b, 0x2b, 0x5a, 0x89,
	0x52, 0x48, 0x52, 0x68, 0x39, 0x85, 0x10, 0x81, 0x4a, 0x48, 0x21, 0xc7, 0x08, 0xa2, 0x11, 0x03,
	0x11, 0x04, 0x08, 0x40, 0x19, 0x03, 0x19, 0x86, 0x08, 0x81, 0x08, 0xc2, 0x08, 0x81, 0x08, 0x40,
	0x10, 0xa2, 0x21, 0xc6, 0x10, 0xe3, 0x08, 0x81, 0x11, 0x04, 0x10, 0xc2, 0x10, 0xa1, 0x10, 0xe2,
	0x7b, 0x4b, 0x7b, 0x2a, 0x73, 0x0a, 0x7b, 0x2a, 0x7b, 0x2a, 0x83, 0x6b, 0x83, 0x8c, 0x7b, 0x6b,
	0x7b, 0x6b, 0x83, 0x6b, 0x7b, 0x4b, 0x7b, 0x4b, 0x7b, 0x2a, 0x7b, 0x4b, 0x7b, 0x6b, 0x83, 0x6b,
	0x7b, 0x4b, 0x73, 0x0a, 0x72, 0xea, 0x73, 0x0a, 0x73, 0x0a, 0x7b, 0x2a, 0x83, 0x6b, 0x7b, 0x4b,
	0x73, 0x2a, 0x7b, 0x2b, 0x7b, 0x2b, 0x7b, 0x2a, 0x7b, 0x2b, 0x83, 0x4b, 0x83, 0x6b, 0x83, 0x6b,
	0x83, 0x8c, 0x83, 0x8c, 0x8b, 0xac, 0x5a, 0x88, 0x31, 0x44, 0x49, 0xe6, 0x41, 0xc6, 0x41, 0xc5,
	0x41, 0xc6, 0x4a, 0x27, 0x52, 0x27, 0x52, 0x27, 0x4a, 0x07, 0x41, 0xe6, 0x41, 0xe6, 0x41, 0xc5,
	0x39, 0xa5, 0x39, 0x84, 0x39, 0x84, 0x41, 0xa5, 0x39, 0x84, 0x39, 0x64, 0x31, 0x43, 0x31, 0x43,
	0x31, 0x43, 0x31, 0x43, 0x31, 0x23, 0x20, 0xc2, 0x18, 0x81, 0x29, 0x03, 0x31, 0x43, 0x29, 0x03,
	0x18, 0xc2, 0x20, 0xe2, 0x39, 0x85, 0x52, 0x27, 0x5a, 0x47, 0x6a, 0xe9, 0x62, 0xa9, 0x52, 0x27,
	0x52, 0x27, 0x5a, 0x48, 0x5a, 0x68, 0x5a, 0x47, 0x52, 0x27, 0x49, 0xe6, 0x41, 0xa5, 0x41, 0xc6,
	0x4a, 0x27, 0x52, 0x27, 0x41, 0xc6, 0x49, 0xe6, 0x52, 0x07, 0x49, 0xe6, 0x49, 0xe6, 0x4a, 0x07,
	0x52, 0x28, 0x52, 0x48, 0x52, 0x68, 0x52, 0x48, 0x52, 0x28, 0x5a, 0x68, 0x6a, 0xea, 0x6b, 0x2b,
	0x62, 0xca, 0x5a, 0x68, 0x4a, 0x07, 0x4a, 0x07, 0x4a, 0x27, 0x41, 0xe7, 0x52, 0x28, 0x49, 0xe7,
	0x41, 0xc6, 0x52, 0x68, 0x31, 0x65, 0x08, 0x61, 0x21, 0x65, 0x19, 0xa7, 0x11, 0x24, 0x08, 0xc3,
	0x08, 0x61, 0x10, 0x60, 0x19, 0x04, 0x11, 0x86, 0x00, 0xa2, 0x08, 0xe3, 0x08, 0xa1, 0x08, 0x40,
	0x10, 0xa2, 0x21, 0xc7, 0x10, 0xc2, 0x08, 0x82, 0x19, 0x65, 0x10, 0xe2, 0x08, 0x81, 0x08, 0xa2,
	0x7b, 0x4b, 0x7b, 0x4b, 0x7b, 0x2a, 0x7b, 0x4b, 0x83, 0x6b, 0x7b, 0x4b, 0x7b, 0x4b, 0x7b, 0x4b,
	0x7b, 0x4b, 0x8b, 0xac, 0x83, 0x8b, 0x83, 0x6b, 0x83, 0x6b, 0x83, 0x4b, 0x83, 0x8c, 0x83, 0x8c,
	0x83, 0x8b, 0x7b, 0x2a, 0x7b, 0x2a, 0x83, 0x4b, 0x83, 0x6b, 0x83, 0x6b, 0x8b, 0xac, 0x83, 0x6b,
	0x7b, 0x6b, 0x83, 0x6c, 0x83, 0x6b, 0x83, 0x6b, 0x7b, 0x4b, 0x83, 0x6b, 0x83, 0x8b, 0x83, 0x6b,
	0x83, 0x8c, 0x83, 0xac, 0x8b, 0xac, 0x73, 0x2b, 0x39, 0xa5, 0x20, 0xc2, 0x31, 0x44, 0x39, 0x85,
	0x31, 0x64, 0x41, 0xc5, 0x4a, 0x27, 0x49, 0xe6, 0x41, 0xc6, 0x41, 0xa5, 0x39, 0x85, 0x39, 0x85,
	0x39, 0x84, 0x39, 0x84, 0x39, 0x64, 0x39, 0x84, 0x39, 0x84, 0x31, 0x43, 0x31, 0x43, 0x39, 0x44,
	0x39, 0x64, 0x31, 0x43, 0x31, 0x43, 0x20, 0xa1, 0x10, 0x61, 0x18, 0xa1, 0x18, 0xc2, 0x10, 0x81,
	0x18, 0xa2, 0x39, 0xa5, 0x4a, 0x06, 0x4a, 0x27, 0x5a, 0x67, 0x73, 0x0a, 0x6a, 0xea, 0x5a, 0x68,
	0x52, 0x48, 0x62, 0xa9, 0x62, 0xc9, 0x62, 0x89, 0x62, 0xa9, 0x5a, 0x88, 0x52, 0x27, 0x5a, 0x68,
	0x62, 0xca, 0x5a, 0x89, 0x5a, 0x48, 0x62, 0x89, 0x62, 0xc9, 0x5a, 0x89, 0x62, 0xa9, 0x62, 0xea,
	0x62, 0xca, 0x62, 0xeb, 0x62, 0xea, 0x5a, 0x89, 0x52, 0x28, 0x5a, 0x69, 0x62, 0xca, 0x62, 0xca,
	0x5a, 0x89, 0x4a, 0x07, 0x41, 0xc6, 0x49, 0xe7, 0x4a, 0x07, 0x52, 0x68, 0x52, 0x48, 0x4a, 0x07,
	0x49, 0xe6, 0x5a, 0x69, 0x5a, 0xeb, 0x31, 0x64, 0x18, 0xc2, 0x19, 0x86, 0x00, 0x61, 0x11, 0x04,
	0x08, 0xa2, 0x10, 0xc2, 0x10, 0xe3, 0x08, 0xc3, 0x10, 0xc3, 0x19, 0x86, 0x08, 0x82, 0x08, 0x60,
	0x19, 0x03, 0x19, 0xa6, 0x08, 0x81, 0x10, 0xa2, 0x19, 0x86, 0x10, 0xe2, 0x08, 0x61, 0x08, 0xc2,
	0x7b, 0x2a, 0x7b, 0x2b, 0x7b, 0x2a, 0x7b, 0x2b, 0x7b, 0x4b, 0x7b, 0x6b, 0x7b, 0x4b, 0x7b, 0x6b,
	0x83, 0x6b, 0x83, 0x8c, 0x83, 0xac, 0x83, 0x6b, 0x83, 0x6b, 0x83, 0x4a, 0x83, 0x8c, 0x83, 0x8c,
	0x8b, 0xac, 0x7b, 0x4b, 0x83, 0x4b, 0x8b, 0x8c, 0x8b, 0xac, 0x83, 0xac, 0x83, 0xac, 0x83, 0x8c,
	0x83, 0x6b, 0x83, 0x8c, 0x8b, 0xcd, 0x94, 0x0e, 0x83, 0x8c, 0x8b, 0xac, 0x8b, 0xac, 0x8b, 0xac,
	0x8b, 0x8c, 0x83, 0x8c, 0x83, 0x8c, 0x7b, 0x6b, 0x5a, 0x89, 0x39, 0xa5, 0x31, 0x44, 0x31, 0x64,
	0x18, 0xa2, 0x20, 0xe3, 0x39, 0x85, 0x41, 0xa5, 0x39, 0x85, 0x39, 0x84, 0x39, 0x64, 0x39, 0x64,
	0x39, 0x64, 0x39, 0x64, 0x39, 0x64, 0x39, 0x64, 0x39, 0x64, 0x31, 0x43, 0x39, 0x64, 0x39, 0x64,
	0x41, 0x84, 0x41, 0xa5, 0x41, 0x84, 0x31, 0x43, 0x39, 0x64, 0x31, 0x23, 0x29, 0x03, 0x10, 0x81,
	0x20, 0xe3, 0x41, 0xc6, 0x4a, 0x06, 0x52, 0x47, 0x62, 0x88, 0x73, 0x2a, 0x6a, 0xea, 0x62, 0x89,
	0x6a, 0xc9, 0x73, 0x2b, 0x73, 0x2b, 0x6b, 0x0b, 0x73, 0x4b, 0x73, 0x0a, 0x62, 0x88, 0x6a, 0xca,
	0x6b, 0x0b, 0x62, 0xca, 0x62, 0xca, 0x6a, 0xea, 0x6a, 0xea, 0x6a, 0xea, 0x6a, 0xea, 0x62, 0xa9,
	0x52, 0x69, 0x5a, 0x89, 0x62, 0xca, 0x6a, 0xca, 0x5a, 0x69, 0x52, 0x28, 0x5a, 0xa9, 0x62, 0xca,
	0x62, 0xea, 0x62, 0xca, 0x62, 0xa9, 0x62, 0xa9, 0x62, 0xca, 0x62, 0xa9, 0x5a, 0x89, 0x4a, 0x28,
	0x49, 0xe7, 0x6b, 0x2b, 0xa5, 0x74, 0x52, 0x89, 0x19, 0x03, 0x11, 0x03, 0x09, 0x04, 0x11, 0x45,
	0x10, 0xa2, 0x11, 0x24, 0x19, 0x65, 0x08, 0x40, 0x10, 0xe3, 0x19, 0x86, 0x08, 0xe3, 0x08, 0xc2,
	0x11, 0x45, 0x11, 0x04, 0x08, 0x40, 0x10, 0xc3, 0x19, 0x86, 0x10, 0xa2, 0x08, 0x61, 0x10, 0xc3,
	0x83, 0x6b, 0x7b, 0x4b, 0x7b, 0x2b, 0x7b, 0x2b, 0x7b, 0x4b, 0x83, 0x8c, 0x8b, 0xac, 0x83, 0x8c,
	0x7b, 0x4b, 0x7b, 0x2a, 0x83, 0x8c, 0x73, 0x0a, 0x7b, 0x2b, 0x83, 0x6b, 0x8b, 0xac, 0x8b, 0xad,
	0x8b, 0xac, 0x83, 0x8c, 0x83, 0x8b, 0x83, 0x8c, 0x8b, 0xcc, 0x8b, 0xac, 0x83, 0x6b, 0x8b, 0x8c,
	0x83, 0x8b, 0x8b, 0xac, 0x8b, 0xac, 0x83, 0x8c, 0x83, 0x8c, 0x8b, 0xac, 0x8b, 0xcd, 0x8b, 0xcc,
	0x8b, 0xac, 0x83, 0xac, 0x83, 0x6c, 0x83, 0xac, 0x62, 0xea, 0x52, 0x47, 0x4a, 0x07, 0x41, 0xc5,
	0x20, 0xe2, 0x08, 0x40, 0x20, 0xe3, 0x31, 0x64, 0x39, 0x84, 0x39, 0x64, 0x39, 0x84, 0x39, 0x84,
	0x39, 0x84, 0x39, 0x84, 0x41, 0xa5, 0x41, 0xa5, 0x41, 0xa4, 0x41, 0xa4, 0x41, 0xa5, 0x49, 0xc5,
	0x52, 0x06, 0x52, 0x06, 0x41, 0xc5, 0x49, 0xc5, 0x49, 0xe6, 0x41, 0xc5, 0x39, 0x84, 0x31, 0x64,
	0x39, 0x85, 0x39, 0xa6, 0x42, 0x07, 0x52, 0x68, 0x5a, 0x67, 0x73, 0x2a, 0x62, 0xca, 0x62, 0x88,
	0x6b, 0x0a, 0x7b, 0x6c, 0x7b, 0x4b, 0x73, 0x0b, 0x7b, 0x6c, 0x83, 0x6c, 0x72, 0xea, 0x62, 0xa9,
	0x5a, 0x89, 0x5a, 0x89, 0x62, 0xea, 0x6b, 0x0b, 0x6b, 0x0b, 0x62, 0xca, 0x62, 0xa9, 0x6a, 0xea,
	0x6a, 0xeb, 0x5a, 0x89, 0x6b, 0x0b, 0x73, 0x2b, 0x73, 0x2b, 0x73, 0x2b, 0x7b, 0x6c, 0x7b, 0x6c,
	0x73, 0x4b, 0x73, 0x4c, 0x7b, 0x6c, 0x73, 0x4c, 0x73, 0x4c, 0x62, 0xca, 0x62, 0xa9, 0x5a, 0xa9,
	0x5a, 0x89, 0x73, 0x4c, 0x7b, 0xad, 0x29, 0x85, 0x08, 0xe3, 0x10, 0xe3, 0x11, 0x86, 0x11, 0x65,
	0x21, 0x03, 0x09, 0x03, 0x09, 0x03, 0x08, 0x40, 0x19, 0x03, 0x19, 0x86, 0x11, 0x24, 0x09, 0x24,
	0x08, 0xc2, 0x08, 0x61, 0x08, 0x40, 0x10, 0xe3, 0x19, 0x86, 0x08, 0x81, 0x08, 0x81, 0x10, 0xc2,
	0x83, 0x8c, 0x7b, 0x6b, 0x83, 0x6b, 0x83, 0x6b, 0x83, 0x8c, 0x83, 0xac, 0x83, 0x6b, 0x7b, 0x4b,
	0x83, 0x6b, 0x83, 0x8c, 0x83, 0xac, 0x83, 0x6c, 0x7b, 0x6b, 0x83, 0x8c, 0x8b, 0xac, 0x8b, 0xcc,
	0x93, 0xed, 0x93, 0xed, 0x83, 0x8c, 0x83, 0x6c, 0x83, 0x8c, 0x8b, 0xac, 0x8b, 0xac, 0x83, 0x8c,
	0x8b, 0xac, 0x9c, 0x2d, 0x93, 0xcc, 0x7b, 0x4b, 0x83, 0x6b, 0x8b, 0xac, 0x8b, 0xac, 0x83, 0x6c,
	0x83, 0x8c, 0x8b, 0xed, 0x83, 0xac, 0x8b, 0xcd, 0x73, 0x2b, 0x52, 0x27, 0x41, 0xe6, 0x4a, 0x07,
	0x49, 0xe6, 0x39, 0x85, 0x31, 0x64, 0x29, 0x23, 0x29, 0x03, 0x31, 0x23, 0x31, 0x43, 0x31, 0x44,
	0x49, 0xe6, 0x52, 0x27, 0x49, 0xe6, 0x41, 0xa5, 0x41, 0xa5, 0x41, 0xa4, 0x49, 0xc5, 0x52, 0x06,
	0x4a, 0x06, 0x49, 0xe6, 0x62, 0xa9, 0x6a, 0xea, 0x62, 0xa9, 0x52, 0x48, 0x39, 0x85, 0x20, 0xe2,
	0x18, 0xc2, 0x18, 0xa2, 0x31, 0x43, 0x41, 0xa4, 0x49, 0xe5, 0x83, 0xad, 0x83, 0xad, 0x73, 0x2b,
	0x73, 0x4c, 0x7b, 0x8c, 0x7b, 0x4c, 0x73, 0x2b, 0x83, 0x8d, 0x8b, 0xcd, 0x83, 0xad, 0x73, 0x2b,
	0x73, 0x2b, 0x73, 0x2b, 0x73, 0x2b, 0x73, 0x2b, 0x73, 0x2b, 0x7b, 0x8c, 0x7b, 0x6c, 0x7b, 0x8c,
	0x7b, 0x6c, 0x73, 0x2b, 0x73, 0x4b, 0x73, 0x4b, 0x7b, 0x8c, 0x83, 0xad, 0x7b, 0x6c, 0x73, 0x2b,
	0x6b, 0x0b, 0x73, 0x4c, 0x6b, 0x0b, 0x52, 0x68, 0x6a, 0xea, 0x62, 0xaa, 0x52, 0x68, 0x5a, 0x88,
	0x6b, 0x2b, 0x9c, 0xd2, 0x52, 0x68, 0x08, 0xc2, 0x08, 0x61, 0x11, 0x45, 0x19, 0xa6, 0x19, 0x86,
	0x19, 0x24, 0x08, 0xa2, 0x08, 0x61, 0x10, 0x40, 0x19, 0x03, 0x19, 0xa6, 0x08, 0xc2, 0x08, 0xa2,
	0x08, 0x61, 0x08, 0x61, 0x08, 0x61, 0x19, 0x45, 0x19, 0x45, 0x08, 0x61, 0x08, 0x61, 0x10, 0xa1,
	0x83, 0x6b, 0x7b, 0x6b, 0x7b, 0x4b, 0x83, 0x6b, 0x7b, 0x6b, 0x7b, 0x4b, 0x7b, 0x6b, 0x83, 0x8c,
	0x83, 0x8c, 0x83, 0x8c, 0x83, 0xac, 0x8b, 0xad, 0x8b, 0xac, 0x73, 0x2b, 0x73, 0x2b, 0x83, 0x6c,
	0x83, 0xac, 0x8b, 0xcd, 0x8b, 0xcd, 0x8b, 0xcd, 0x8b, 0xac, 0x83, 0x8c, 0x8b, 0xcd, 0x8b, 0xac,
	0x93, 0xcc, 0x93, 0xec, 0x9c, 0x2d, 0x9c, 0x6e, 0x8b, 0xcc, 0x8b, 0xac, 0x93, 0xed, 0x8b, 0xcd,
	0x8b, 0xed, 0x8b, 0xcd, 0x83, 0x8c, 0x8b, 0xac, 0x73, 0x4c, 0x52, 0x48, 0x4a, 0x07, 0x4a, 0x07,
	0x4a, 0x06, 0x49, 0xe6, 0x41, 0xc6, 0x39, 0x85, 0x29, 0x23, 0x39, 0x85, 0x5a, 0x68, 0x29, 0x24,
	0x00, 0x00, 0x29, 0x23, 0x31, 0x44, 0x39, 0x44, 0x41, 0xc5, 0x5a, 0x47, 0x4a, 0x06, 0x28, 0xe2,
	0x28, 0xe3, 0x62, 0x89, 0x8b, 0xee, 0x8b, 0xcd, 0x83, 0x8c, 0x6a, 0xc9, 0x20, 0xc2, 0x18, 0xa1,
	0x31, 0x02, 0x18, 0x81, 0x39, 0x84, 0x49, 0xc4, 0x20, 0xc1, 0x83, 0xad, 0x9c, 0x70, 0x83, 0xad,
	0x73, 0x2b, 0x73, 0x0b, 0x7b, 0x6c, 0x83, 0xad, 0x83, 0xad, 0x83, 0x8c, 0x83, 0x8c, 0x7b, 0x8c,
	0x7b, 0x8c, 0x83, 0xad, 0x7b, 0x8d, 0x7b, 0x6c, 0x7b, 0x6c, 0x83, 0xad, 0x83, 0xad, 0x83, 0xcd,
	0x83, 0xad, 0x83, 0xad, 0x83, 0xcd, 0x83, 0xad, 0x7b, 0x6c, 0x83, 0x8d, 0x83, 0xad, 0x73, 0x4c,
	0x6a, 0xeb, 0x73, 0x2b, 0x52, 0x27, 0x49, 0xe6, 0x6a, 0xc9, 0x49, 0xa5, 0x41, 0xa4, 0x49, 0xe5,
	0x62, 0xa9, 0x5a, 0x67, 0x29, 0x03, 0x10, 0x81, 0x08, 0x61, 0x11, 0x66, 0x19, 0x86, 0x11, 0x45,
	0x08, 0x61, 0x10, 0xa2, 0x10, 0xc2, 0x10, 0x81, 0x19, 0x04, 0x11, 0x65, 0x08, 0xa2, 0x11, 0x03,
	0x10, 0x81, 0x08, 0xa2, 0x10, 0xc2, 0x11, 0x65, 0x10, 0xc2, 0x08, 0x60, 0x08, 0x61, 0x10, 0xa2,
	0x83, 0x8c, 0x83, 0xac, 0x8b, 0xac, 0x83, 0x6c, 0x7b, 0x6b, 0x7b, 0x4b, 0x83, 0x8c, 0x8b, 0xac,
	0x83, 0x6c, 0x7b, 0x6b, 0x83, 0xac, 0x8b, 0xcd, 0x83, 0xac, 0x6a, 0xea, 0x73, 0x2b, 0x83, 0x8c,
	0x83, 0x8c, 0x83, 0x8c, 0x8b, 0xac, 0x8b, 0xcd, 0x93, 0xed, 0x93, 0xed, 0x8b, 0xcd, 0x8b, 0xcd,
	0x8b, 0xac, 0x83, 0x8c, 0x94, 0x2e, 0xa4, 0xd0, 0x94, 0x2e, 0x8b, 0xcd, 0x94, 0x0e, 0x94, 0x0e,
	0x93, 0xee, 0x8b, 0xcd, 0x83, 0xac, 0x83, 0xac, 0x7b, 0x6c, 0x52, 0x48, 0x41, 0xe6, 0x41, 0xe6,
	0x39, 0xa5, 0x31, 0x44, 0x39, 0x85, 0x52, 0x27, 0x6a, 0xea, 0x83, 0xac, 0x94, 0x0e, 0x73, 0x2b,
	0x29, 0x03, 0x10, 0x61, 0x41, 0xc6, 0x7b, 0x4b, 0x83, 0x8c, 0x94, 0x0e, 0x83, 0xcd, 0x6a, 0xea,
	0x7b, 0x4b, 0x94, 0x0e, 0x8b, 0xee, 0x83, 0x8d, 0x83, 0xad, 0x39, 0x85, 0x10, 0x61, 0x31, 0x23,
	0x29, 0x02, 0x18, 0xa2, 0x52, 0x06, 0x39, 0x43, 0x00, 0x00, 0x73, 0x2b, 0x9c, 0x2f, 0x8b, 0xcd,
	0x73, 0x4c, 0x6a, 0xea, 0x73, 0x4b, 0x8b, 0xed, 0x8b, 0xcd, 0x6a, 0xea, 0x6a, 0xca, 0x83, 0xce,
	0x8c, 0x0f, 0x83, 0xad, 0x83, 0x8c, 0x94, 0x2f, 0x8b, 0xee, 0x83, 0xce, 0x83, 0xcd, 0x83, 0xcd,
	0x83, 0x8d, 0x8b, 0xce, 0x83, 0xad, 0x73, 0x2b, 0x73, 0x4c, 0x83, 0xad, 0x7b, 0x6c, 0x62, 0xea,
	0x6b, 0x0a, 0x73, 0x2b, 0x6a, 0xc9, 0x62, 0xa9, 0x41, 0xc5, 0x41, 0x84, 0x52, 0x27, 0x5a, 0x68,
	0x49, 0xa5, 0x31, 0x22, 0x39, 0xa5, 0x20, 0xe2, 0x18, 0xe2, 0x21, 0xc6, 0x39, 0xe7, 0x08, 0xc3,
	0x18, 0xa2, 0x10, 0xa2, 0x08, 0xa2, 0x11, 0x03, 0x19, 0x45, 0x08, 0xc3, 0x10, 0xe3, 0x19, 0x85,
	0x10, 0xa2, 0x11, 0x04, 0x08, 0xe3, 0x08, 0xc2, 0x08, 0x61, 0x08, 0x60, 0x08, 0x61, 0x10, 0xe2,
	0x83, 0xac, 0x8b, 0xcd, 0x8b, 0xac, 0x83, 0x6b, 0x8b, 0xac, 0x93, 0xed, 0x83, 0xac, 0x8b, 0xac,
	0x8b, 0xcd, 0x83, 0x8c, 0x83, 0x8c, 0x83, 0x6b, 0x83, 0x4b, 0x83, 0x8c, 0x8b, 0xad, 0x8b, 0xcd,
	0x8b, 0xcd, 0x8b, 0xcd, 0x7b, 0x2b, 0x83, 0xac, 0x8b, 0xac, 0x8b, 0x8c, 0x8b, 0xcd, 0x94, 0x0e,
	0x93, 0xed, 0x93, 0xed, 0x94, 0x0e, 0x93, 0xed, 0x93, 0xed, 0x94, 0x2e, 0x94, 0x2e, 0x9c, 0x2e,
	0x93, 0xed, 0x83, 0x8c, 0x8b, 0xad, 0x93, 0xed, 0x7b, 0x6c, 0x39, 0x85, 0x29, 0x03, 0x20, 0xc2,
	0x18, 0xa1, 0x18, 0x81, 0x18, 0x81, 0x73, 0x2b, 0x94, 0x2e, 0x8b, 0xcd, 0x94, 0x0e, 0x83, 0xad,
	0x7b, 0x2b, 0x6a, 0xea, 0x83, 0x6c, 0x93, 0xee, 0x9c, 0x2f, 0x94, 0x0e, 0x94, 0x2e, 0x9c, 0x6f,
	0x9c, 0x2f, 0x94, 0x0e, 0x94, 0x0e, 0x94, 0x2f, 0x7b, 0x6c, 0x18, 0xc2, 0x31, 0x44, 0x39, 0x64,
	0x10, 0x61, 0x21, 0x04, 0x49, 0xc5, 0x20, 0xc1, 0x39, 0x64, 0x8b, 0xcd, 0x94, 0x2e, 0x8b, 0xed,
	0x8b, 0xee, 0x8b, 0xcd, 0x83, 0x8c, 0x7b, 0x8c, 0x83, 0xad, 0x73, 0x4c, 0x73, 0x2b, 0x83, 0xad,
	0x7b, 0x8d, 0x83, 0x8c, 0x8b, 0xed, 0x9c, 0x4f, 0x83, 0xcd, 0x7b, 0x6c, 0x83, 0xcd, 0x83, 0x8d,
	0x8b, 0xce, 0x7b, 0x8c, 0x7b, 0x6c, 0x73, 0x4c, 0x73, 0x2b, 0x73, 0x2b, 0x6a, 0xea, 0x62, 0xa9,
	0x6a, 0xc9, 0x5a, 0x68, 0x62, 0x88, 0x6a, 0xa9, 0x49, 0xc5, 0x52, 0x27, 0x41, 0x85, 0x49, 0xe6,
	0x52, 0x47, 0x29, 0x23, 0x41, 0xc6, 0x31, 0x23, 0x08, 0xa2, 0x11, 0x04, 0x41, 0xe6, 0x10, 0xa2,
	0x18, 0xe3, 0x18, 0xe3, 0x08, 0xc3, 0x11, 0x24, 0x11, 0x65, 0x08, 0x41, 0x19, 0x24, 0x19, 0x86,
	0x10, 0x81, 0x08, 0xe3, 0x08, 0x81, 0x08, 0x81, 0x08, 0x81, 0x08, 0x40, 0x10, 0x81, 0x11, 0x03,
	0x83, 0x6c, 0x8b, 0xcd, 0x83, 0xac, 0x83, 0x6c, 0x83, 0x8c, 0x8b, 0xcd, 0x8b, 0xad, 0x8b, 0xcd,
	0x93, 0xed, 0x83, 0x8c, 0x83, 0xac, 0x93, 0xed, 0x8b, 0xed, 0x93, 0xed, 0x8b, 0xcd, 0x8b, 0xad,
	0x83, 0x8c, 0x8b, 0xcd, 0x7b, 0x4b, 0x83, 0x6b, 0x8b, 0xcd, 0x8b, 0xcd, 0x93, 0xed, 0x94, 0x0e,
	0x94, 0x0e, 0x93, 0xed, 0x8b, 0xcd, 0x8b, 0xcd, 0x93, 0xee, 0x94, 0x0e, 0x94, 0x0e, 0x94, 0x0e,
	0x9c, 0x2e, 0x83, 0x8c, 0x8b, 0xcd, 0x9c, 0x2e, 0x94, 0x0d, 0x52, 0x07, 0x29, 0x24, 0x29, 0x03,
	0x20, 0xe3, 0x10, 0x61, 0x08, 0x20, 0x6b, 0x0a, 0x9c, 0x70, 0x8b, 0xed, 0x8b, 0xcd, 0x83, 0xad,
	0x7b, 0x6c, 0x7b, 0x6b, 0x62, 0x88, 0x6a, 0xc9, 0x93, 0xee, 0x94, 0x0e, 0x8b, 0xed, 0x83, 0xad,
	0x83, 0xad, 0x8b, 0xed, 0x94, 0x0e, 0x94, 0x0e, 0x29, 0x24, 0x18, 0xc2, 0x41, 0xa5, 0x39, 0x65,
	0x18, 0xc3, 0x29, 0x44, 0x31, 0x43, 0x6a, 0xea, 0x94, 0x2e, 0x83, 0xad, 0x8b, 0xcd, 0x8b, 0xed,
	0x8b, 0xcd, 0x83, 0xac, 0x83, 0xad, 0x73, 0x2b, 0x7b, 0x6c, 0x6a, 0xea, 0x7b, 0x6c, 0x94, 0x0e,
	0x83, 0x8d, 0x8b, 0xce, 0x94, 0x4f, 0x94, 0x0e, 0x7b, 0x8c, 0x83, 0xcd, 0x83, 0xad, 0x83, 0xac,
	0x83, 0x8d, 0x73, 0x4b, 0x6a, 0xca, 0x73, 0x2b, 0x7b, 0x6c, 0x73, 0x0a, 0x7b, 0x4b, 0x7b, 0x4b,
	0x6a, 0xea, 0x6a, 0xc9, 0x5a, 0x48, 0x5a, 0x27, 0x49, 0xe6, 0x41, 0xe6, 0x52, 0x47, 0x52, 0x27,
	0x49, 0xe6, 0x6b, 0x4c, 0x52, 0x68, 0x10, 0xe2, 0x08, 0x81, 0x10, 0xe2, 0x39, 0xa5, 0x18, 0xa2,
	0x20, 0xe3, 0x19, 0x03, 0x19, 0x86, 0x00, 0xa2, 0x08, 0x81, 0x10, 0x61, 0x19, 0x44, 0x19, 0x66,
	0x08, 0x81, 0x08, 0xe3, 0x10, 0xa2, 0x10, 0xa2, 0x08, 0xa2, 0x08, 0x40, 0x08, 0x81, 0x10, 0xe3,
	0x83, 0x4b, 0x7b, 0x2b, 0x83, 0xac, 0x7b, 0x6b, 0x7b, 0x6c, 0x8b, 0xcd, 0x8b, 0xcd, 0x8b, 0xed,
	0x8b, 0xcd, 0x8b, 0xac, 0x83, 0xac, 0x93, 0xec, 0x93, 0xcc, 0x93, 0xec, 0x93, 0xed, 0x83, 0x8c,
	0x83, 0x6c, 0x8b, 0xac, 0x8b, 0xcd, 0x93, 0xed, 0x8b, 0xcd, 0x94, 0x0e, 0x94, 0x0e, 0x93, 0xed,
	0x94, 0x0e, 0x8b, 0xcd, 0x83, 0x8c, 0x8b, 0xcd, 0x8b, 0xee, 0x8b, 0xcd, 0x8b, 0xed, 0x8b, 0xcd,
	0x93, 0xcd, 0x8b, 0xad, 0x94, 0x0e, 0x94, 0x0e, 0x9c, 0x6f, 0x62, 0xca, 0x18, 0xc3, 0x18, 0xa2,
	0x08, 0x61, 0x08, 0x41, 0x00, 0x00, 0x5a, 0xa9, 0xac, 0xd1, 0x94, 0x0e, 0x94, 0x0e, 0x94, 0x2f,
	0x94, 0x0e, 0x8b, 0xcd, 0x8b, 0xed, 0x8b, 0xee, 0x8c, 0x0e, 0x8b, 0xee, 0x7b, 0x4b, 0x6b, 0x0a,
	0x83, 0x6c, 0x83, 0xad, 0x8b, 0xcd, 0x5a, 0x89, 0x08, 0x40, 0x29, 0x03, 0x31, 0x44, 0x20, 0xe3,
	0x20, 0xe3, 0x20, 0xe3, 0x6a, 0xc9, 0x9c, 0x4f, 0x8b, 0xee, 0x83, 0xad, 0x73, 0x2b, 0x6b, 0x0a,
	0x8b, 0xcd, 0x7b, 0x4c, 0x62, 0xa9, 0x83, 0xad, 0x83, 0xad, 0x73, 0x4c, 0x83, 0xad, 0x7b, 0x4b,
	0x5a, 0x89, 0x73, 0x2b, 0x83, 0xce, 0x7b, 0x8d, 0x7b, 0x6c, 0x7b, 0x4c, 0x6a, 0xc9, 0x73, 0x2b,
	0x8b, 0xee, 0x8b, 0xcd, 0x83, 0xac, 0x8b, 0xac, 0x72, 0xe9, 0x6a, 0xc9, 0x73, 0x0a, 0x73, 0x0a,
	0x6a, 0xc9, 0x5a, 0x88, 0x52, 0x68, 0x4a, 0x27, 0x4a, 0x07, 0x49, 0xe7, 0x4a, 0x07, 0x39, 0x85,
	0x41, 0xe7, 0x94, 0x70, 0x42, 0x48, 0x18, 0xe3, 0x31, 0xe7, 0x21, 0x23, 0x29, 0x23, 0x10, 0xa1,
	0x29, 0x24, 0x18, 0xe3, 0x09, 0x03, 0x08, 0xa2, 0x08, 0x61, 0x10, 0x61, 0x19, 0x45, 0x11, 0x45,
	0x08, 0x61, 0x11, 0x45, 0x11, 0x03, 0x10, 0xa2, 0x10, 0xe3, 0x08, 0x81, 0x08, 0xa2, 0x08, 0xc3,
	0x73, 0x2b, 0x83, 0x8c, 0x83, 0xac, 0x8b, 0xad, 0x8b, 0xad, 0x8b, 0xed, 0x8b, 0xad, 0x8b, 0xcd,
	0x8b, 0xad, 0x8b, 0xcd, 0x83, 0xac, 0x83, 0x8c, 0x72, 0xe9, 0x62, 0x87, 0x8b, 0xab, 0x9c, 0x4f,
	0x93, 0xed, 0x8b, 0xcd, 0x8b, 0xcd, 0x83, 0xac, 0x8b, 0xed, 0x94, 0x0e, 0x9c, 0x2e, 0x9c, 0x2e,
	0x93, 0xee, 0x8b, 0xed, 0x8b, 0xee, 0x93, 0xed, 0x8b, 0xad, 0x8b, 0xad, 0x73, 0x0a, 0x83, 0x8c,
	0x94, 0x0e, 0x83, 0x8c, 0x8b, 0xed, 0x8b, 0xcd, 0x94, 0x0e, 0x52, 0x27, 0x08, 0x61, 0x10, 0x81,
	0x08, 0x61, 0x08, 0x61, 0x00, 0x00, 0x4a, 0x07, 0x9c, 0x70, 0x9c, 0x4f, 0x94, 0x0e, 0x8b, 0xee,
	0x9c, 0x4f, 0x8b, 0xcd, 0x8b, 0xed, 0x94, 0x2f, 0x8b, 0xed, 0x8b, 0xee, 0x8b, 0xcd, 0x83, 0x8c,
	0x8b, 0xcd, 0x8b, 0xee, 0x7b, 0x6c, 0x29, 0x24, 0x20, 0xc2, 0x29, 0x03, 0x39, 0x65, 0x18, 0xc3,
	0x10, 0x82, 0x29, 0x23, 0x83, 0xad, 0x8b, 0xce, 0x83, 0xce, 0x7b, 0x8d, 0x7b, 0x8d, 0x73, 0x4b,
	0x8b, 0xcd, 0x83, 0x8d, 0x73, 0x2b, 0x8b, 0xcd, 0x7b, 0x4b, 0x7b, 0x8d, 0x73, 0x4c, 0x6a, 0xea,
	0x5a, 0x68, 0x6a, 0xea, 0x62, 0xca, 0x5a, 0x68, 0x73, 0x0b, 0x62, 0x88, 0x73, 0x0a, 0x8b, 0xcd,
	0x7b, 0x6b, 0x6a, 0xc9, 0x73, 0x2a, 0x62, 0xa9, 0x5a, 0x68, 0x5a, 0x88, 0x52, 0x48, 0x6a, 0xea,
	0x6b, 0x0b, 0x5a, 0x69, 0x5a, 0x89, 0x62, 0xca, 0x62, 0x68, 0x62, 0x88, 0x41, 0xa5, 0x41, 0x85,
	0x39, 0x85, 0x31, 0x85, 0x20, 0xe3, 0x39, 0xa6, 0x31, 0xc6, 0x31, 0xe7, 0x29, 0x65, 0x18, 0xa2,
	0x31, 0x44, 0x10, 0xc2, 0x08, 0x81, 0x19, 0x45, 0x08, 0xa2, 0x10, 0x81, 0x19, 0x66, 0x11, 0x04,
	0x08, 0x61, 0x19, 0x86, 0x11, 0x03, 0x10, 0xc3, 0x11, 0x24, 0x08, 0x81, 0x08, 0x81, 0x08, 0xa2,
	0x73, 0x2b, 0x7b, 0x6c, 0x8b, 0xcd, 0x83, 0xac, 0x8b, 0xad, 0x8b, 0xcd, 0x93, 0xed, 0x8b, 0xcd,
	0x83, 0x8c, 0x83, 0x8c, 0x83, 0xad, 0x83, 0xad, 0x8b, 0xad, 0x8b, 0xcd, 0x8b, 0xcd, 0x94, 0x2e,
	0x8b, 0xac, 0x7b, 0x6b, 0x83, 0xad, 0x83, 0xac, 0x94, 0x0e, 0x94, 0x2e, 0x8b, 0xcd, 0x8b, 0xcd,
	0x93, 0xee, 0x94, 0x0e, 0x94, 0x0e, 0x93, 0xee, 0x93, 0xee, 0x94, 0x0e, 0x8b, 0xcd, 0x83, 0xac,
	0x94, 0x2e, 0x9c, 0x2f, 0x83, 0x8c, 0x83, 0x8c, 0x94, 0x0e, 0x5a, 0x68, 0x08, 0x41, 0x10, 0x82,
	0x08, 0x61, 0x08, 0x61, 0x00, 0x20, 0x18, 0xa2, 0x83, 0x8c, 0x9c, 0x70, 0x94, 0x0e, 0x8b, 0xcd,
	0x8b, 0xee, 0x8b, 0xed, 0x8b, 0xcd, 0x8b, 0xee, 0x94, 0x0e, 0x94, 0x2e, 0x9c, 0x4f, 0x7b, 0x6c,
	0x5a, 0x69, 0x7b, 0x6c, 0x5a, 0x89, 0x29, 0x04, 0x18, 0xa2, 0x18, 0xa2, 0x29, 0x04, 0x18, 0xe3,
	0x08, 0x61, 0x39, 0xa6, 0x8b, 0xee, 0x83, 0xad, 0x94, 0x0e, 0x8b, 0xcd, 0x94, 0x0e, 0x8c, 0x0e,
	0x83, 0xad, 0x73, 0x2b, 0x73, 0x4c, 0x73, 0x4b, 0x7b, 0x4b, 0x83, 0x8d, 0x8b, 0xad, 0x83, 0xad,
	0x7b, 0x4b, 0x7b, 0x2b, 0x6a, 0xe9, 0x6a, 0xe9, 0x73, 0x0a, 0x7b, 0x4a, 0x5a, 0x68, 0x6a, 0xe9,
	0x6a, 0xc9, 0x62, 0x89, 0x62, 0x89, 0x62, 0xa9, 0x62, 0xa9, 0x6a, 0xea, 0x6b, 0x0b, 0x6b, 0x0b,
	0x62, 0xca, 0x41, 0xa6, 0x41, 0xe7, 0x39, 0xa6, 0x39, 0x65, 0x5a, 0x68, 0x5a, 0x68, 0x5a, 0x68,
	0x5a, 0x88, 0x29, 0x24, 0x10, 0x81, 0x5b, 0x0b, 0x4a, 0x48, 0x42, 0x28, 0x39, 0xe7, 0x21, 0x03,
	0x4a, 0x68, 0x18, 0xe3, 0x10, 0xa2, 0x19, 0x86, 0x08, 0xa2, 0x08, 0xc2, 0x11, 0x86, 0x08, 0x81,
	0x10, 0x81, 0x19, 0x86, 0x11, 0x04, 0x10, 0xc3, 0x10, 0xe3, 0x08, 0x61, 0x08, 0x61, 0x10, 0xe3,
	0x73, 0x2b, 0x7b, 0x6c, 0x7b, 0x6c, 0x83, 0x6c, 0x8b, 0xcd, 0x8b, 0xcd, 0x83, 0xac, 0x83, 0x8c,
	0x83, 0xad, 0x8b, 0xcd, 0x83, 0xad, 0x8b, 0xee, 0x83, 0x8c, 0x8b, 0xcd, 0x83, 0xac, 0x7b, 0x6c,
	0x83, 0x6c, 0x83, 0x6c, 0x83, 0xad, 0x83, 0xac, 0x5a, 0x89, 0x41, 0xc6, 0x8b, 0xcd, 0x8b, 0xcd,
	0x8b, 0xed, 0x94, 0x0e, 0x93, 0xed, 0x93, 0xed, 0x7b, 0x6c, 0x83, 0x8c, 0x8b, 0xee, 0x8b, 0xcd,
	0x94, 0x0e, 0x8b, 0xad, 0x73, 0x2b, 0x83, 0x8c, 0x83, 0x8c, 0x62, 0xa9, 0x10, 0x82, 0x18, 0xc3,
	0x08, 0x61, 0x08, 0x20, 0x00, 0x20, 0x10, 0x61, 0x20, 0xc2, 0x73, 0x0b, 0x83, 0xad, 0x83, 0x8c,
	0x8b, 0xee, 0x8b, 0xee, 0x8b, 0xad, 0x8b, 0xed, 0x8b, 0xed, 0x8b, 0xee, 0x8b, 0xed, 0x83, 0xad,
	0x73, 0x2c, 0x6a, 0xea, 0x20, 0xe3, 0x20, 0xe3, 0x18, 0xa2, 0x18, 0xa2, 0x10, 0xa2, 0x10, 0x82,
	0x10, 0x61, 0x6b, 0x0a, 0x8b, 0xee, 0x83, 0xac, 0x8b, 0xee, 0x83, 0xad, 0x83, 0xad, 0x83, 0x8c,
	0x8b, 0xed, 0x83, 0xad, 0x7b, 0x2b, 0x6a, 0xea, 0x83, 0x8c, 0x7b, 0x6c, 0x7b, 0x4b, 0x73, 0x0a,
	0x7b, 0x4a, 0x7b, 0x4b, 0x7b, 0x4b, 0x6a, 0xea, 0x6a, 0xc9, 0x6a, 0xc9, 0x62, 0x88, 0x62, 0x88,
	0x52, 0x27, 0x62, 0x88, 0x73, 0x0a, 0x73, 0x4c, 0x7b, 0x4c, 0x7b, 0x8d, 0x73, 0x2b, 0x52, 0x68,
	0x52, 0x48, 0x62, 0xca, 0x62, 0xca, 0x5a, 0x68, 0x4a, 0x07, 0x62, 0x88, 0x62, 0xa9, 0x5a, 0x89,
	0x62, 0xa9, 0x39, 0x64, 0x10, 0xa1, 0x73, 0x8c, 0x6b, 0x6c, 0x31, 0xc6, 0x29, 0x44, 0x29, 0x44,
	0x19, 0x03, 0x08, 0x61, 0x18, 0xa2, 0x19, 0x86, 0x10, 0xe3, 0x08, 0xa2, 0x08, 0xa2, 0x08, 0x40,
	0x10, 0xa2, 0x19, 0x86, 0x11, 0x04, 0x10, 0x82, 0x08, 0xc3, 0x08, 0x81, 0x08, 0x81, 0x19, 0x23,
	0x83, 0xad, 0x83, 0x8c, 0x8b, 0xcd, 0x83, 0xad, 0x8b, 0xcd, 0x8b, 0xee, 0x7b, 0x8c, 0x83, 0xad,
	0x8b, 0xce, 0x83, 0xcd, 0x83, 0xac, 0x83, 0xad, 0x83, 0xac, 0x7b, 0x6c, 0x73, 0x4b, 0x7b, 0x6c,
	0x83, 0x8c, 0x7b, 0x4b, 0x83, 0xac, 0x83, 0x8c, 0x62, 0xa9, 0x62, 0x89, 0x83, 0xad, 0x8b, 0xee,
	0x83, 0x8c, 0x83, 0x8c, 0x83, 0xac, 0x8b, 0xee, 0x8b, 0xee, 0x94, 0x0e, 0x8b, 0xee, 0x83, 0xad,
	0x83, 0xcd, 0x8b, 0xed, 0x83, 0xad, 0x83, 0xad, 0x94, 0x2e, 0x5a, 0x89, 0x08, 0x62, 0x10, 0xa2,
	0x10, 0x61, 0x08, 0x40, 0x00, 0x20, 0x08, 0x61, 0x08, 0x41, 0x18, 0x82, 0x8b, 0xcd, 0x93, 0xee,
	0x8b, 0xcd, 0x73, 0x2b, 0x73, 0x2b, 0x7b, 0x6c, 0x83, 0x8c, 0x8b, 0xcd, 0x8b, 0xad, 0x7b, 0x6c,
	0x8b, 0xcd, 0x5a, 0x89, 0x10, 0x61, 0x18, 0xc2, 0x21, 0x04, 0x10, 0x61, 0x52, 0x48, 0x41, 0xe7,
	0x20, 0xe3, 0x73, 0x2b, 0x7b, 0x4b, 0x83, 0x8c, 0x7b, 0x8c, 0x83, 0xad, 0x83, 0xad, 0x83, 0xcd,
	0x83, 0xad, 0x83, 0x8c, 0x7b, 0x6b, 0x83, 0x8c, 0x73, 0x2b, 0x72, 0xea, 0x73, 0x2b, 0x7b, 0x4b,
	0x7b, 0x8c, 0x7b, 0x6c, 0x6a, 0xea, 0x62, 0xc9, 0x62, 0xc9, 0x5a, 0x88, 0x62, 0xca, 0x5a, 0x89,
	0x62, 0xa9, 0x7b, 0x6c, 0x7b, 0x8d, 0x73, 0x2b, 0x73, 0x2b, 0x73, 0x4c, 0x62, 0xca, 0x62, 0xa9,
	0x6a, 0xea, 0x6b, 0x0b, 0x6b, 0x0a, 0x6b, 0x0b, 0x5a, 0x89, 0x62, 0xa9, 0x5a, 0x89, 0x6b, 0x0b,
	0x7b, 0x6c, 0x29, 0x65, 0x08, 0x61, 0x29, 0x64, 0x52, 0x68, 0x21, 0x65, 0x19, 0x44, 0x18, 0xa2,
	0x08, 0x61, 0x18, 0xc2, 0x18, 0xa2, 0x19, 0x86, 0x08, 0xe3, 0x08, 0x81, 0x08, 0x61, 0x08, 0x61,
	0x18, 0xc2, 0x19, 0xa6, 0x10, 0xe3, 0x10, 0x82, 0x11, 0x24, 0x08, 0xa2, 0x10, 0xa1, 0x21, 0x44,
	0x7b, 0x6c, 0x7b, 0x4b, 0x83, 0x8d, 0x83, 0xad, 0x93, 0xee, 0x8b, 0xcd, 0x8b, 0xcd, 0x8b, 0xcd,
	0x83, 0xcd, 0x8b, 0xcd, 0x7b, 0x8c, 0x7b, 0x6c, 0x7b, 0x6c, 0x7b, 0x4b, 0x7b, 0x8c, 0x83, 0xad,
	0x7b, 0x6b, 0x7b, 0x4c, 0x83, 0x8c, 0x83, 0x6c, 0x83, 0xad, 0x94, 0x2f, 0x83, 0x8d, 0x7b, 0x6c,
	0x83, 0x8c, 0x83, 0xad, 0x7b, 0x6c, 0x7b, 0x8c, 0x73, 0x0a, 0x83, 0xad, 0x8c, 0x0e, 0x83, 0xad,
	0x8c, 0x0e, 0x8b, 0xee, 0x83, 0xce, 0x83, 0xad, 0x83, 0xad, 0x4a, 0x49, 0x10, 0x82, 0x08, 0x61,
	0x08, 0x40, 0x00, 0x20, 0x08, 0x20, 0x00, 0x20, 0x08, 0x61, 0x39, 0x85, 0x62, 0xc9, 0x6b, 0x0a,
	0x6a, 0xca, 0x6a, 0xea, 0x6a, 0xea, 0x73, 0x0a, 0x72, 0xea, 0x72, 0xe9, 0x5a, 0x67, 0x5a, 0x47,
	0x72, 0xc9, 0x5a, 0x47, 0x10, 0x82, 0x20, 0xe3, 0x10, 0xa3, 0x29, 0x03, 0x7b, 0x4b, 0x73, 0x2b,
	0x49, 0xe6, 0x73, 0x2b, 0x6a, 0xe9, 0x7b, 0x4b, 0x73, 0x0a, 0x73, 0x2b, 0x6a, 0xea, 0x7b, 0x2b,
	0x83, 0x8c, 0x83, 0x8c, 0x83, 0x8d, 0x6b, 0x0b, 0x6a, 0xea, 0x6b, 0x0a, 0x73, 0x4b, 0x6b, 0x0a,
	0x6a, 0xea, 0x62, 0xa9, 0x5a, 0x89, 0x62, 0xca, 0x6a, 0xea, 0x73, 0x2b, 0x5a, 0x89, 0x49, 0xe6,
	0x62, 0xca, 0x73, 0x6d, 0x73, 0x4c, 0x73, 0x2b, 0x62, 0xa9, 0x73, 0x4c, 0x6b, 0x0b, 0x6a, 0xea,
	0x6a, 0xea, 0x52, 0x48, 0x62, 0xa9, 0x73, 0x0a, 0x5a, 0x89, 0x62, 0xa9, 0x6b, 0x0b, 0x6b, 0x0a,
	0x4a, 0x07, 0x18, 0xc2, 0x18, 0xa2, 0x10, 0xc3, 0x31, 0xc7, 0x21, 0x45, 0x10, 0xc2, 0x18, 0xc3,
	0x18, 0xc2, 0x21, 0x23, 0x29, 0x44, 0x10, 0xe3, 0x08, 0xc2, 0x19, 0x45, 0x08, 0x81, 0x08, 0x61,
	0x18, 0xe3, 0x19, 0xa7, 0x08, 0xa2, 0x10, 0xa2, 0x19, 0x65, 0x18, 0xe3, 0x18, 0xc1, 0x21, 0x23,
	0x73, 0x4b, 0x7b, 0x8c, 0x7b, 0x6c, 0x83, 0x8c, 0x8b, 0xcd, 0x83, 0xad, 0x8b, 0xee, 0x7b, 0x8c,
	0x7b, 0x8c, 0x83, 0xad, 0x7b, 0x4b, 0x7b, 0x6c, 0x7b, 0x8c, 0x6b, 0x0a, 0x7b, 0x6c, 0x83, 0x8c,
	0x7b, 0x6c, 0x83, 0x8c, 0x83, 0x8c, 0x83, 0x8c, 0x83, 0xcd, 0x83, 0xcd, 0x7b, 0x6c, 0x7b, 0x6c,
	0x83, 0xce, 0x83, 0xad, 0x7b, 0x6c, 0x7b, 0x8d, 0x7b, 0x6c, 0x83, 0xad, 0x83, 0xcd, 0x83, 0xce,
	0x7b, 0x8d, 0x83, 0xee, 0x83, 0xae, 0x8b, 0xee, 0x73, 0x4c, 0x29, 0x66, 0x10, 0xa2, 0x10, 0xa3,
	0x10, 0xa3, 0x08, 0x61, 0x08, 0x41, 0x08, 0x41, 0x08, 0x40, 0x5a, 0x68, 0x73, 0x4b, 0x39, 0x85,
	0x41, 0x85, 0x5a, 0x47, 0x49, 0xa5, 0x49, 0xe5, 0x49, 0xc5, 0x49, 0xa4, 0x52, 0x05, 0x5a, 0x47,
	0x62, 0x67, 0x52, 0x07, 0x31, 0x44, 0x10, 0x81, 0x18, 0xc2, 0x73, 0x0a, 0x62, 0xa9, 0x62, 0xa9,
	0x73, 0x2a, 0x62, 0xa9, 0x6a, 0xea, 0x72, 0xc9, 0x7b, 0x2a, 0x6a, 0xea, 0x73, 0x2b, 0x7b, 0x4b,
	0x73, 0x2a, 0x6a, 0xca, 0x7b, 0x6c, 0x72, 0xea, 0x6b, 0x0a, 0x7b, 0x4c, 0x73, 0x0b, 0x73, 0x2b,
	0x73, 0x2b, 0x6b, 0x0a, 0x73, 0x2b, 0x62, 0xca, 0x62, 0xc9, 0x6a, 0xea, 0x4a, 0x07, 0x62, 0xa9,
	0x5a, 0x69, 0x62, 0xc9, 0x6b, 0x0b, 0x73, 0x4c, 0x6b, 0x2b, 0x6a, 0xea, 0x6b, 0x0b, 0x6b, 0x0b,
	0x62, 0xa9, 0x6b, 0x2a, 0x8c, 0x2d, 0x8c, 0x4e, 0x7b, 0xac, 0x62, 0xca, 0x52, 0x48, 0x52, 0x47,
	0x4a, 0x27, 0x10, 0xa1, 0x29, 0x24, 0x19, 0x24, 0x31, 0xc6, 0x10, 0xa2, 0x10, 0xc2, 0x21, 0x86,
	0x10, 0x61, 0x11, 0x03, 0x29, 0x64, 0x08, 0x40, 0x19, 0x03, 0x19, 0x86, 0x10, 0x82, 0x08, 0x82,
	0x11, 0x45, 0x11, 0x45, 0x08, 0x61, 0x10, 0xc2, 0x3a, 0x08, 0x31, 0xa6, 0x20, 0xc1, 0x21, 0x02,
	0x7b, 0x4c, 0x83, 0x8c, 0x7b, 0x6b, 0x83, 0xad, 0x83, 0x8c, 0x7b, 0x6c, 0x7b, 0x6c, 0x7b, 0x6c,
	0x7b, 0x6c, 0x73, 0x0a, 0x7b, 0x4b, 0x7b, 0x8c, 0x83, 0xad, 0x83, 0xad, 0x83, 0x8d, 0x83, 0xad,
	0x83, 0xcd, 0x83, 0xcd, 0x7b, 0x6c, 0x6a, 0xc9, 0x83, 0x8c, 0x7b, 0x6c, 0x83, 0xad, 0x83, 0xad,
	0x8c, 0x0f, 0x73, 0x2b, 0x62, 0xa9, 0x7b, 0x6c, 0x83, 0xee, 0x73, 0x6d, 0x7b, 0xad, 0x8b, 0xee,
	0x7b, 0x8d, 0x83, 0xce, 0x7b, 0xad, 0x73, 0x6d, 0x42, 0x08, 0x10, 0x82, 0x20, 0xe3, 0x18, 0xe3,
	0x10, 0xa3, 0x20, 0xe3, 0x10, 0x61, 0x18, 0xa2, 0x18, 0xc3, 0x10, 0x61, 0x41, 0xa5, 0x49, 0xa4,
	0x41, 0x63, 0x41, 0x84, 0x31, 0x22, 0x31, 0x02, 0x39, 0x42, 0x41, 0x63, 0x49, 0xa4, 0x51, 0xe5,
	0x49, 0xa4, 0x39, 0x43, 0x41, 0x84, 0x29, 0x03, 0x31, 0x44, 0x62, 0xa8, 0x62, 0xa9, 0x5a, 0x47,
	0x52, 0x27, 0x41, 0xa5, 0x52, 0x27, 0x6a, 0xc9, 0x6a, 0xe9, 0x6a, 0xe9, 0x73, 0x2b, 0x7b, 0x6c,
	0x6a, 0xea, 0x20, 0x82, 0x52, 0x07, 0x73, 0x4b, 0x73, 0x4b, 0x73, 0x0a, 0x52, 0x27, 0x62, 0x68,
	0x73, 0x0a, 0x73, 0x0a, 0x73, 0x0a, 0x5a, 0x89, 0x5a, 0xa9, 0x7b, 0x8c, 0x5a, 0x47, 0x62, 0x88,
	0x7b, 0x8d, 0x83, 0xae, 0x73, 0x4c, 0x73, 0x4c, 0x73, 0x4b, 0x62, 0xca, 0x73, 0x2b, 0x6b, 0x0b,
	0x4a, 0x07, 0x52, 0x47, 0x63, 0x29, 0x63, 0x2a, 0x5a, 0xc9, 0x52, 0x48, 0x52, 0x48, 0x6b, 0x0b,
	0x52, 0x89, 0x18, 0xa2, 0x21, 0x44, 0x29, 0x64, 0x18, 0xc2, 0x10, 0x61, 0x08, 0xa2, 0x21, 0x86,
	0x10, 0x81, 0x08, 0xa2, 0x11, 0x03, 0x10, 0x81, 0x21, 0x24, 0x19, 0x65, 0x10, 0xc2, 0x09, 0x04,
	0x08, 0xc3, 0x08, 0x81, 0x10, 0x61, 0x21, 0x04, 0x3a, 0x29, 0x31, 0x85, 0x20, 0xc1, 0x18, 0xc2,
	0x83, 0x8c, 0x83, 0x8c, 0x7b, 0x4b, 0x7b, 0x8c, 0x73, 0x4b, 0x7b, 0x4c, 0x73, 0x0b, 0x73, 0x0b,
	0x83, 0xad, 0x83, 0xcd, 0x7b, 0x4c, 0x83, 0x8c, 0x7b, 0x4c, 0x7b, 0x6c, 0x62, 0xca, 0x73, 0x2b,
	0x7b, 0x6c, 0x7b, 0x6c, 0x7b, 0x8d, 0x73, 0x2b, 0x6a, 0xea, 0x6a, 0xea, 0x7b, 0xad, 0x83, 0xad,
	0x8c, 0x0e, 0x83, 0xad, 0x7b, 0x8d, 0x7b, 0x8d, 0x7b, 0xad, 0x73, 0x6d, 0x73, 0x4c, 0x73, 0x6c,
	0x7b, 0x8d, 0x7b, 0x8d, 0x63, 0x0b, 0x42, 0x28, 0x18, 0xe3, 0x18, 0xa2, 0x20, 0xe3, 0x21, 0x04,
	0x21, 0x04, 0x29, 0x24, 0x18, 0xa1, 0x18, 0xa2, 0x21, 0x04, 0x18, 0xa3, 0x10, 0x82, 0x20, 0xe2,
	0x31, 0x43, 0x31, 0x22, 0x39, 0x22, 0x31, 0x22, 0x31, 0x22, 0x31, 0x02, 0x39, 0x22, 0x41, 0x63,
	0x49, 0x83, 0x31, 0x02, 0x28, 0xe2, 0x41, 0x84, 0x31, 0x03, 0x28, 0xc2, 0x5a, 0x26, 0x52, 0x06,
	0x51, 0xe6, 0x62, 0x88, 0x49, 0xe5, 0x73, 0x2a, 0x73, 0x0a, 0x5a, 0x68, 0x62, 0x88, 0x73, 0x0a,
	0x6a, 0xea, 0x49, 0xc6, 0x6a, 0xc9, 0x73, 0x0b, 0x73, 0x2b, 0x62, 0x88, 0x62, 0x88, 0x73, 0x0a,
	0x73, 0x4c, 0x7b, 0x4b, 0x73, 0x2b, 0x73, 0x2b, 0x7b, 0x6c, 0x83, 0xcd, 0x5a, 0x68, 0x52, 0x48,
	0x62, 0xca, 0x5a, 0x48, 0x5a, 0x48, 0x6b, 0x0b, 0x6a, 0xea, 0x6a, 0xea, 0x6a, 0xea, 0x62, 0xca,
	0x62, 0xca, 0x62, 0xeb, 0x52, 0x69, 0x52, 0x48, 0x5a, 0xaa, 0x5a, 0xa9, 0x52, 0x48, 0x52, 0x69,
	0x4a, 0x48, 0x21, 0x04, 0x10, 0xa2, 0x31, 0x44, 0x10, 0xc3, 0x10, 0xa2, 0x29, 0x85, 0x29, 0xa6,
	0x18, 0xc2, 0x08, 0xa2, 0x08, 0x81, 0x18, 0xa1, 0x21, 0x65, 0x19, 0x65, 0x10, 0xc2, 0x08, 0xc2,
	0x08, 0x61, 0x08, 0x61, 0x10, 0x61, 0x18, 0xc3, 0x21, 0x44, 0x20, 0xe2, 0x20, 0xc2, 0x10, 0xa2,
	0x7b, 0x4b, 0x7b, 0x4c, 0x7b, 0x4c, 0x83, 0x8d, 0x83, 0x8d, 0x7b, 0x6c, 0x7b, 0x4c, 0x7b, 0x4b,
	0x7b, 0x4c, 0x6a, 0xea, 0x7b, 0x8d, 0x73, 0x2b, 0x73, 0x4c, 0x73, 0x2b, 0x7b, 0x4c, 0x7b, 0x8c,
	0x83, 0xad, 0x83, 0xad, 0x7b, 0x6c, 0x83, 0xce, 0x7b, 0x8d, 0x7b, 0x8d, 0x7b, 0x6c, 0x6a, 0xeb,
	0x5a, 0x89, 0x62, 0xa9, 0x73, 0x2b, 0x7b, 0x8d, 0x73, 0x2b, 0x73, 0x4c, 0x73, 0x2b, 0x73, 0x4c,
	0x62, 0xaa, 0x6b, 0x0b, 0x39, 0xc7, 0x20, 0xe3, 0x29, 0x24, 0x29, 0x24, 0x21, 0x04, 0x21, 0x25,
	0x21, 0x24, 0x18, 0xc3, 0x29, 0x24, 0x29, 0x03, 0x18, 0xc2, 0x21, 0x04, 0x18, 0xc3, 0x10, 0x82,
	0x29, 0x23, 0x39, 0x63, 0x39, 0x43, 0x31, 0x23, 0x31, 0x43, 0x28, 0xe2, 0x39, 0x43, 0x31, 0x43,
	0x41, 0x64, 0x31, 0x43, 0x29, 0x03, 0x39, 0x23, 0x39, 0x43, 0x31, 0x23, 0x41, 0x64, 0x41, 0xa4,
	0x49, 0xe5, 0x5a, 0x26, 0x51, 0xe5, 0x52, 0x27, 0x5a, 0x47, 0x39, 0x64, 0x41, 0xa5, 0x5a, 0x88,
	0x62, 0xa9, 0x7b, 0x4b, 0x6a, 0xea, 0x6a, 0xea, 0x6a, 0xe9, 0x62, 0xc9, 0x62, 0xc9, 0x7b, 0x6c,
	0x73, 0x2b, 0x6b, 0x0a, 0x73, 0x0b, 0x73, 0x2b, 0x73, 0x4b, 0x62, 0xa8, 0x52, 0x07, 0x6a, 0xea,
	0x6a, 0xea, 0x62, 0xca, 0x6b, 0x0b, 0x6a, 0xea, 0x5a, 0x68, 0x62, 0xca, 0x6b, 0x0b, 0x6b, 0x0b,
	0x62, 0xaa, 0x62, 0xea, 0x62, 0xeb, 0x5a, 0xaa, 0x5a, 0x89, 0x52, 0x69, 0x5a, 0xaa, 0x52, 0x48,
	0x4a, 0x07, 0x18, 0xc2, 0x29, 0x03, 0x39, 0xc6, 0x19, 0x24, 0x29, 0x44, 0x6b, 0x4c, 0x39, 0xe6,
	0x10, 0xc2, 0x08, 0x82, 0x08, 0x61, 0x10, 0xa2, 0x21, 0x45, 0x11, 0x45, 0x08, 0x81, 0x08, 0xe3,
	0x10, 0xa2, 0x08, 0x61, 0x08, 0x61, 0x18, 0xe3, 0x21, 0x24, 0x20, 0xe2, 0x18, 0xa1, 0x08, 0x81,
	0x83, 0xcd, 0x7b, 0x6c, 0x73, 0x4c, 0x7b, 0x6c, 0x83, 0x8d, 0x7b, 0x8c, 0x7b, 0x8c, 0x7b, 0x6c,
	0x7b, 0x6c, 0x7b, 0x6c, 0x7b, 0x8d, 0x73, 0x4b, 0x73, 0x6c, 0x7b, 0x6c, 0x73, 0x2b, 0x7b, 0x8c,
	0x7b, 0x8d, 0x83, 0xad, 0x7b, 0x8c, 0x83, 0xad, 0x7b, 0x6c, 0x73, 0x4c, 0x73, 0x6c, 0x6b, 0x0b,
	0x52, 0x68, 0x62, 0xea, 0x6b, 0x2b, 0x73, 0x4c, 0x7b, 0x6c, 0x73, 0x2b, 0x73, 0x2b, 0x6b, 0x0b,
	0x5a, 0xa9, 0x5a, 0x89, 0x10, 0xa2, 0x10, 0x81, 0x10, 0x81, 0x08, 0x61, 0x21, 0x03, 0x29, 0x45,
	0x18, 0xc3, 0x19, 0x04, 0x21, 0x04, 0x10, 0x81, 0x10, 0x81, 0x08, 0x41, 0x08, 0x40, 0x08, 0x40,
	0x08, 0x40, 0x29, 0x02, 0x39, 0x64, 0x41, 0xa5, 0x39, 0x44, 0x31, 0x43, 0x41, 0x84, 0x39, 0x63,
	0x31, 0x23, 0x31, 0x43, 0x39, 0x84, 0x39, 0x84, 0x39, 0x43, 0x28, 0xe2, 0x18, 0x81, 0x31, 0x22,
	0x31, 0x22, 0x41, 0x43, 0x41, 0x83, 0x49, 0xc5, 0x31, 0x23, 0x41, 0xa5, 0x5a, 0x47, 0x62, 0xa9,
	0x62, 0xa9, 0x62, 0xa9, 0x6a, 0xea, 0x62, 0xc9, 0x6a, 0xca, 0x62, 0xa9, 0x52, 0x48, 0x6b, 0x0a,
	0x6a, 0xea, 0x62, 0xa9, 0x52, 0x48, 0x5a, 0xa9, 0x5a, 0x89, 0x52, 0x68, 0x41, 0xa5, 0x5a, 0x89,
	0x4a, 0x07, 0x52, 0x27, 0x5a, 0x89, 0x5a, 0x89, 0x52, 0x28, 0x62, 0xa9, 0x62, 0xaa, 0x62, 0xea,
	0x62, 0xaa, 0x62, 0xea, 0x62, 0xea, 0x5a, 0x89, 0x52, 0x48, 0x52, 0x48, 0x6b, 0x2c, 0x62, 0xeb,
	0x4a, 0x28, 0x10, 0x82, 0x41, 0xa5, 0x31, 0x85, 0x29, 0x65, 0x41, 0xc5, 0x21, 0x23, 0x10, 0xa2,
	0x08, 0x61, 0x10, 0xc2, 0x10, 0xa2, 0x08, 0xc2, 0x19, 0x65, 0x09, 0x03, 0x08, 0x61, 0x11, 0x65,
	0x10, 0xc2, 0x10, 0xa2, 0x08, 0xa2, 0x19, 0x03, 0x21, 0x23, 0x18, 0xc1, 0x10, 0x81, 0x08, 0x61,
	0x73, 0x4b, 0x73, 0x0a, 0x73, 0x0b, 0x7b, 0x4c, 0x7b, 0x6c, 0x83, 0xad, 0x7b, 0x4c, 0x7b, 0x6c,
	0x73, 0x4c, 0x7b, 0x8d, 0x7b, 0x8c, 0x73, 0x0b, 0x73, 0x4b, 0x83, 0xad, 0x73, 0x2b, 0x73, 0x2b,
	0x6b, 0x2b, 0x7b, 0x6c, 0x73, 0x4c, 0x73, 0x2b, 0x73, 0x4c, 0x73, 0x0b, 0x7b, 0x8d, 0x7b, 0x8c,
	0x52, 0x69, 0x6b, 0x0b, 0x6b, 0x2b, 0x6b, 0x0b, 0x5a, 0xa9, 0x6b, 0x0b, 0x6b, 0x2b, 0x6b, 0x0b,
	0x39, 0xa5, 0x4a, 0x48, 0x31, 0x65, 0x20, 0xc2, 0x29, 0x23, 0x39, 0xa5, 0x4a, 0x06, 0x4a, 0x07,
	0x31, 0x65, 0x18, 0xe3, 0x10, 0x82, 0x08, 0x20, 0x20, 0xc2, 0x39, 0x64, 0x39, 0x64, 0x39, 0x84,
	0x39, 0x84, 0x41, 0xa5, 0x39, 0x85, 0x41, 0x84, 0x41, 0xc5, 0x41, 0xa5, 0x39, 0x84, 0x39, 0x84,
	0x41, 0x85, 0x41, 0xa5, 0x39, 0x43, 0x39, 0x63, 0x41, 0x84, 0x39, 0x43, 0x39, 0x43, 0x41, 0x83,
	0x39, 0x63, 0x41, 0x84, 0x52, 0x06, 0x52, 0x26, 0x49, 0xc5, 0x41, 0xc6, 0x5a, 0x68, 0x5a, 0x48,
	0x6a, 0xea, 0x62, 0xa9, 0x73, 0x0b, 0x6b, 0x0a, 0x73, 0x0b, 0x6b, 0x0b, 0x6a, 0xea, 0x62, 0xa9,
	0x62, 0xca, 0x5a, 0x88, 0x39, 0x85, 0x5a, 0x89, 0x73, 0x4c, 0x62, 0xa9, 0x6a, 0xea, 0x5a, 0x89,
	0x39, 0xc6, 0x52, 0x69, 0x52, 0x48, 0x4a, 0x07, 0x4a, 0x28, 0x52, 0x68, 0x52, 0x48, 0x52, 0x48,
	0x4a, 0x28, 0x41, 0xc6, 0x52, 0x69, 0x52, 0x89, 0x4a, 0x48, 0x4a, 0x07, 0x41, 0xc6, 0x39, 0xa6,
	0x39, 0xa6, 0x29, 0x24, 0x41, 0xc6, 0x29, 0x45, 0x29, 0x44, 0x49, 0xc4, 0x20, 0xa1, 0x08, 0x61,
	0x08, 0x40, 0x11, 0x04, 0x08, 0xa2, 0x11, 0x04, 0x19, 0xa6, 0x08, 0x61, 0x10, 0x82, 0x19, 0x66,
	0x10, 0xc3, 0x11, 0x03, 0x08, 0xe3, 0x18, 0xe2, 0x20, 0xc2, 0x18, 0xa1, 0x10, 0x61, 0x08, 0x82,
	0x73, 0x2b, 0x6a, 0xea, 0x7b, 0x4c, 0x6a, 0xea, 0x73, 0x4b, 0x83, 0x8d, 0x7b, 0x4b, 0x83, 0x8c,
	0x7b, 0x6c, 0x7b, 0x6c, 0x7b, 0x8c, 0x73, 0x4c, 0x7b, 0x8c, 0x7b, 0x8c, 0x7b, 0x8c, 0x73, 0x4c,
	0x73, 0x6c, 0x6b, 0x0a, 0x6a, 0xea, 0x7b, 0x8d, 0x73, 0x6c, 0x73, 0x6c, 0x5a, 0x68, 0x73, 0x0a,
	0x73, 0x4c, 0x6b, 0x2b, 0x52, 0x69, 0x5a, 0xca, 0x4a, 0x27, 0x6a, 0xea, 0x73, 0x2b, 0x6a, 0xea,
	0x62, 0xa9, 0x5a, 0xa9, 0x52, 0x48, 0x49, 0xe6, 0x52, 0x48, 0x5a, 0xa9, 0x4a, 0x27, 0x4a, 0x27,
	0x4a, 0x06, 0x49, 0xe6, 0x49, 0xe6, 0x41, 0xc5, 0x4a, 0x06, 0x4a, 0x07, 0x49, 0xe6, 0x52, 0x27,
	0x41, 0xc5, 0x29, 0x03, 0x20, 0xc2, 0x31, 0x23, 0x49, 0xc6, 0x41, 0xc5, 0x39, 0xa5, 0x49, 0xc6,
	0x41, 0xa5, 0x41, 0xa5, 0x52, 0x47, 0x62, 0xa8, 0x51, 0xe5, 0x39, 0x44, 0x39, 0x64, 0x49, 0xc5,
	0x52, 0x06, 0x52, 0x27, 0x52, 0x47, 0x5a, 0x47, 0x5a, 0x68, 0x31, 0x65, 0x4a, 0x07, 0x5a, 0x68,
	0x5a, 0x68, 0x52, 0x27, 0x62, 0xa9, 0x52, 0x27, 0x5a, 0x68, 0x4a, 0x07, 0x5a, 0x68, 0x5a, 0x88,
	0x6a, 0xea, 0x52, 0x69, 0x31, 0x85, 0x29, 0x24, 0x52, 0x27, 0x62, 0xa9, 0x5a, 0x89, 0x5a, 0x89,
	0x41, 0xc6, 0x5a, 0xaa, 0x5a, 0x89, 0x5a, 0x89, 0x6b, 0x0b, 0x62, 0xa9, 0x5a, 0x89, 0x4a, 0x07,
	0x31, 0x65, 0x31, 0x65, 0x39, 0x85, 0x4a, 0x28, 0x39, 0x86, 0x39, 0xa6, 0x29, 0x24, 0x41, 0xe6,
	0x39, 0xc6, 0x39, 0x85, 0x4a, 0x07, 0x21, 0x24, 0x39, 0x84, 0x41, 0x63, 0x28, 0xe2, 0x08, 0x81,
	0x10, 0x61, 0x11, 0x45, 0x08, 0xe3, 0x08, 0xa2, 0x08, 0xa2, 0x08, 0x40, 0x10, 0xa2, 0x19, 0x65,
	0x10, 0xc2, 0x08, 0xc3, 0x08, 0xa2, 0x18, 0xa1, 0x20, 0xe2, 0x18, 0xa1, 0x10, 0x81, 0x10, 0xc3,
	0x73, 0x4c, 0x6b, 0x0a, 0x6a, 0xea, 0x5a, 0x26, 0x73, 0x2b, 0x73, 0x2b, 0x6b, 0x0a, 0x4a, 0x07,
	0x5a, 0x68, 0x6a, 0xea, 0x72, 0xea, 0x73, 0x2b, 0x7b, 0x6c, 0x62, 0xc9, 0x73, 0x4c, 0x83, 0xad,
	0x73, 0x4c, 0x62, 0xea, 0x62, 0xa9, 0x6b, 0x0a, 0x73, 0x4b, 0x73, 0x2b, 0x5a, 0x68, 0x62, 0xca,
	0x62, 0xa9, 0x6b, 0x0a, 0x5a, 0x89, 0x62, 0xc9, 0x6b, 0x0b, 0x62, 0xa9, 0x5a, 0x89, 0x62, 0xca,
	0x62, 0xca, 0x5a, 0x89, 0x5a, 0x68, 0x62, 0xa9, 0x5a, 0x89, 0x4a, 0x07, 0x4a, 0x07, 0x52, 0x27,
	0x49, 0xe6, 0x4a, 0x07, 0x52, 0x07, 0x52, 0x06, 0x52, 0x47, 0x49, 0xe6, 0x49, 0xc6, 0x39, 0x85,
	0x41, 0xc5, 0x4a, 0x06, 0x41, 0xe6, 0x31, 0x64, 0x39, 0x64, 0x39, 0x84, 0x41, 0xc6, 0x49, 0xe6,
	0x41, 0xa5, 0x4a, 0x07, 0x39, 0x64, 0x41, 0xa4, 0x52, 0x05, 0x41, 0xc5, 0x31, 0x44, 0x31, 0x44,
	0x4a, 0x07, 0x52, 0x27, 0x5a, 0x68, 0x5a, 0x48, 0x5a, 0x68, 0x62, 0xca, 0x62, 0xa9, 0x62, 0xa9,
	0x62, 0x88, 0x4a, 0x27, 0x4a, 0x27, 0x62, 0xa9, 0x5a, 0xa9, 0x52, 0x48, 0x62, 0xa9, 0x62, 0xca,
	0x5a, 0x68, 0x4a, 0x27, 0x52, 0x68, 0x52, 0x28, 0x5a, 0x68, 0x6a, 0xea, 0x62, 0xca, 0x5a, 0xaa,
	0x5a, 0x89, 0x5a, 0x68, 0x5a, 0x89, 0x4a, 0x27, 0x62, 0xca, 0x52, 0x68, 0x4a, 0x07, 0x52, 0x48,
	0x39, 0xa6, 0x42, 0x08, 0x39, 0xa6, 0x31, 0x64, 0x39, 0xa6, 0x39, 0x85, 0x31, 0x65, 0x41, 0xe7,
	0x39, 0xc7, 0x39, 0xc6, 0x39, 0xc6, 0x10, 0xa2, 0x39, 0xa6, 0x18, 0xc2, 0x10, 0x81, 0x10, 0x81,
	0x10, 0x61, 0x11, 0x25, 0x08, 0xe3, 0x08, 0xa2, 0x08, 0x61, 0x08, 0x41, 0x10, 0xa2, 0x11, 0x65,
	0x08, 0xa2, 0x08, 0x81, 0x18, 0xa2, 0x20, 0xe2, 0x20, 0xe2, 0x18, 0xa1, 0x10, 0xc3, 0x09, 0x04,
	0x6b, 0x0a, 0x6b, 0x0b, 0x6a, 0xea, 0x6a, 0xea, 0x73, 0x4b, 0x6a, 0xea, 0x62, 0xca, 0x5a, 0xa9,
	0x52, 0x28, 0x5a, 0x89, 0x52, 0x06, 0x5a, 0x68, 0x6a, 0xea, 0x73, 0x0b, 0x73, 0x2b, 0x73, 0x2b,
	0x73, 0x2b, 0x6b, 0x0b, 0x62, 0xea, 0x6a, 0xea, 0x6b, 0x2c, 0x62, 0xaa, 0x62, 0xa9, 0x52, 0x48,
	0x41, 0xe6, 0x4a, 0x07, 0x62, 0x89, 0x62, 0xca, 0x5a, 0x89, 0x52, 0x68, 0x4a, 0x27, 0x5a, 0x88,
	0x5a, 0x89, 0x4a, 0x06, 0x4a, 0x07, 0x62, 0xca, 0x5a, 0x89, 0x5a, 0x68, 0x5a, 0x68, 0x62, 0xa9,
	0x49, 0xe6, 0x49, 0xe6, 0x52, 0x27, 0x52, 0x27, 0x52, 0x27, 0x4a, 0x06, 0x39, 0x65, 0x41, 0xc5,
	0x52, 0x27, 0x52, 0x27, 0x52, 0x27, 0x52, 0x47, 0x52, 0x27, 0x52, 0x27, 0x52, 0x27, 0x4a, 0x06,
	0x4a, 0x07, 0x52, 0x27, 0x41, 0xa5, 0x52, 0x06, 0x52, 0x47, 0x52, 0x27, 0x4a, 0x07, 0x52, 0x48,
	0x52, 0x48, 0x52, 0x47, 0x52, 0x48, 0x5a, 0x89, 0x62, 0xa9, 0x6a, 0xea, 0x6b, 0x0b, 0x62, 0x89,
	0x62, 0x89, 0x52, 0x27, 0x52, 0x68, 0x62, 0xa9, 0x52, 0x07, 0x62, 0xa9, 0x6b, 0x0b, 0x6b, 0x0b,
	0x62, 0xca, 0x62, 0xeb, 0x5a, 0xa9, 0x52, 0x48, 0x5a, 0xa9, 0x6b, 0x0b, 0x62, 0xca, 0x5a, 0xca,
	0x62, 0xca, 0x62, 0xea, 0x4a, 0x27, 0x39, 0xa5, 0x41, 0xc6, 0x41, 0xe7, 0x39, 0xa6, 0x4a, 0x48,
	0x4a, 0x07, 0x52, 0x68, 0x4a, 0x28, 0x39, 0xa6, 0x39, 0xc6, 0x42, 0x07, 0x52, 0x8a, 0x42, 0x07,
	0x29, 0x24, 0x52, 0x69, 0x39, 0xc7, 0x29, 0x44, 0x42, 0x69, 0x18, 0xe3, 0x21, 0x03, 0x18, 0x82,
	0x10, 0x81, 0x10, 0xc2, 0x10, 0xa2, 0x19, 0x65, 0x08, 0xa2, 0x08, 0x40, 0x10, 0xa2, 0x11, 0x45,
	0x08, 0x61, 0x10, 0xc3, 0x21, 0x24, 0x28, 0xe2, 0x20, 0xc2, 0x10, 0xa2, 0x08, 0xe3, 0x08, 0xc3,
	0x6a, 0xea, 0x73, 0x2b, 0x6a, 0xea, 0x6a, 0xea, 0x6a, 0xca, 0x6a, 0xca, 0x7b, 0x6c, 0x6b, 0x0a,
	0x62, 0x89, 0x7b, 0x6c, 0x7b, 0x8d, 0x52, 0x48, 0x52, 0x27, 0x6a, 0xea, 0x62, 0xa9, 0x73, 0x2b,
	0x73, 0x4c, 0x73, 0x2b, 0x5a, 0x68, 0x5a, 0x48, 0x5a, 0x68, 0x52, 0x48, 0x5a, 0xa9, 0x5a, 0x89,
	0x4a, 0x07, 0x5a, 0x68, 0x6b, 0x0a, 0x6a, 0xea, 0x5a, 0x89, 0x5a, 0x89, 0x62, 0xa9, 0x5a, 0x47,
	0x52, 0x27, 0x49, 0xe6, 0x52, 0x48, 0x62, 0xc9, 0x52, 0x47, 0x4a, 0x07, 0x52, 0x48, 0x4a, 0x27,
	0x52, 0x27, 0x52, 0x47, 0x5a, 0x89, 0x52, 0x48, 0x49, 0xc6, 0x5a, 0x48, 0x5a, 0x88, 0x5a, 0x47,
	0x5a, 0x68, 0x52, 0x47, 0x4a, 0x06, 0x52, 0x06, 0x52, 0x27, 0x5a, 0x88, 0x52, 0x47, 0x52, 0x47,
	0x52, 0x27, 0x41, 0xc5, 0x5a, 0x47, 0x41, 0xc6, 0x41, 0xc6, 0x5a, 0x88, 0x5a, 0x88, 0x52, 0x48,
	0x5a, 0x68, 0x62, 0x88, 0x5a, 0x68, 0x52, 0x48, 0x5a, 0x68, 0x5a, 0x68, 0x5a, 0x89, 0x49, 0xe6,
	0x4a, 0x07, 0x41, 0xe6, 0x5a, 0xca, 0x39, 0xc6, 0x20, 0xe2, 0x52, 0x47, 0x6a, 0xeb, 0x6b, 0x2b,
	0x73, 0x2a, 0x62, 0xea, 0x4a, 0x07, 0x52, 0x68, 0x52, 0x68, 0x52, 0x69, 0x52, 0x28, 0x39, 0x85,
	0x39, 0x85, 0x52, 0x47, 0x62, 0xa9, 0x5a, 0x68, 0x49, 0xe6, 0x52, 0x68, 0x52, 0x48, 0x5a, 0x89,
	0x4a, 0x28, 0x5a, 0x68, 0x5a, 0xa9, 0x49, 0xe6, 0x41, 0xe6, 0x5a, 0xa9, 0x62, 0xca, 0x4a, 0x28,
	0x39, 0xa6, 0x52, 0x27, 0x39, 0x85, 0x31, 0xa6, 0x4a, 0x49, 0x18, 0xa2, 0x18, 0xa2, 0x10, 0x40,
	0x18, 0xe3, 0x08, 0x82, 0x20, 0xc2, 0x21, 0xa6, 0x00, 0x82, 0x10, 0x81, 0x29, 0x86, 0x11, 0x24,
	0x08, 0x40, 0x19, 0x24, 0x21, 0x44, 0x20, 0xc1, 0x18, 0xa2, 0x08, 0x81, 0x08, 0x61, 0x08, 0x61,
	0x6a, 0xea, 0x6b, 0x0a, 0x73, 0x2b, 0x6a, 0xea, 0x62, 0xca, 0x52, 0x48, 0x73, 0x2b, 0x73, 0x4c,
	0x6a, 0xea, 0x6b, 0x0b, 0x6b, 0x0a, 0x6b, 0x0a, 0x6a, 0xea, 0x6b, 0x0b, 0x6b, 0x0a, 0x6b, 0x0b,
	0x73, 0x0b, 0x62, 0xa9, 0x5a, 0xa9, 0x62, 0xc9, 0x62, 0xa9, 0x62, 0xa9, 0x62, 0xca, 0x6b, 0x0b,
	0x6a, 0xc9, 0x62, 0xc9, 0x62, 0xc9, 0x6a, 0xc9, 0x6a, 0xea, 0x52, 0x69, 0x52, 0x48, 0x5a, 0x47,
	0x62, 0xa9, 0x6a, 0xea, 0x62, 0xc9, 0x6a, 0xc9, 0x52, 0x26, 0x5a, 0xa8, 0x52, 0x27, 0x41, 0xc6,
	0x41, 0xa5, 0x62, 0xc9, 0x5a, 0x68, 0x5a, 0x68, 0x52, 0x27, 0x5a, 0x47, 0x49, 0xe6, 0x41, 0xc5,
	0x49, 0xe5, 0x52, 0x27, 0x5a, 0x68, 0x52, 0x47, 0x52, 0x48, 0x52, 0x48, 0x52, 0x27, 0x62, 0x88,
	0x5a, 0x68, 0x5a, 0x68, 0x52, 0x47, 0x41, 0xc6, 0x4a, 0x27, 0x5a, 0x68, 0x5a, 0x68, 0x5a, 0x48,
	0x39, 0x85, 0x41, 0xc6, 0x52, 0x27, 0x49, 0xe6, 0x52, 0x68, 0x49, 0xe6, 0x52, 0x68, 0x4a, 0x27,
	0x49, 0xc5, 0x39, 0xa6, 0x39, 0x85, 0x52, 0x68, 0x62, 0xa9, 0x41, 0xc6, 0x52, 0x48, 0x5a, 0x89,
	0x62, 0xaa, 0x52, 0x68, 0x4a, 0x07, 0x52, 0x48, 0x41, 0xe7, 0x39, 0xa6, 0x41, 0xc6, 0x39, 0x85,
	0x18, 0xa2, 0x31, 0x44, 0x39, 0x84, 0x49, 0xc5, 0x5a, 0x47, 0x52, 0x06, 0x49, 0xe6, 0x49, 0xc5,
	0x4a, 0x06, 0x49, 0xe6, 0x52, 0x06, 0x49, 0xe6, 0x39, 0x43, 0x41, 0x84, 0x49, 0xc5, 0x39, 0x44,
	0x4a, 0x07, 0x5a, 0x89, 0x39, 0x85, 0x31, 0x85, 0x39, 0x86, 0x18, 0xa2, 0x10, 0x40, 0x10, 0x82,
	0x00, 0xa2, 0x18, 0xc2, 0x39, 0x84, 0x19, 0x85, 0x08, 0xa2, 0x10, 0xc2, 0x19, 0x86, 0x08, 0xa2,
	0x08, 0x40, 0x19, 0x24, 0x21, 0x44, 0x20, 0xc1, 0x18, 0xa2, 0x08, 0x61, 0x08, 0x41, 0x08, 0x61,
	0x5a, 0xa9, 0x6a, 0xea, 0x41, 0xc6, 0x4a, 0x27, 0x6a, 0xea, 0x5a, 0x68, 0x4a, 0x07, 0x73, 0x4b,
	0x7b, 0x8d, 0x7b, 0x6c, 0x73, 0x2b, 0x73, 0x2b, 0x6b, 0x0b, 0x6a, 0xea, 0x73, 0x2b, 0x6b, 0x0b,
	0x73, 0x4b, 0x6b, 0x0a, 0x6a, 0xea, 0x6a, 0xea, 0x6b, 0x0a, 0x6b, 0x0b, 0x62, 0xc9, 0x62, 0xa9,
	0x62, 0xca, 0x62, 0xa9, 0x5a, 0x68, 0x62, 0xa9, 0x6a, 0xea, 0x62, 0xa9, 0x5a, 0xa9, 0x62, 0xa9,
	0x62, 0xc9, 0x5a, 0x88, 0x49, 0xc6, 0x5a, 0x88, 0x5a, 0x47, 0x5a, 0x67, 0x52, 0x06, 0x49, 0xc6,
	0x41, 0x85, 0x62, 0xa9, 0x52, 0x48, 0x5a, 0x68, 0x52, 0x48, 0x5a, 0x68, 0x41, 0xe6, 0x31, 0x64,
	0x41, 0xa5, 0x41, 0xa5, 0x52, 0x47, 0x62, 0x88, 0x4a, 0x07, 0x41, 0xc6, 0x4a, 0x07, 0x5a, 0x68,
	0x5a, 0x68, 0x62, 0xa9, 0x52, 0x27, 0x52, 0x48, 0x41, 0xc6, 0x39, 0xa5, 0x49, 0xe6, 0x5a, 0x68,
	0x4a, 0x07, 0x52, 0x27, 0x4a, 0x07, 0x5a, 0x89, 0x52, 0x48, 0x4a, 0x27, 0x52, 0x69, 0x31, 0x44,
	0x31, 0x24, 0x39, 0x64, 0x39, 0xa6, 0x5a, 0x89, 0x4a, 0x07, 0x31, 0x65, 0x4a, 0x07, 0x5a, 0xa9,
	0x5a, 0x69, 0x5a, 0x89, 0x41, 0xc6, 0x31, 0x65, 0x29, 0x44, 0x41, 0xe6, 0x41, 0xe7, 0x31, 0x44,
	0x41, 0xc5, 0x52, 0x27, 0x84, 0x0f, 0x83, 0xef, 0x83, 0xef, 0x4a, 0x48, 0x39, 0x85, 0x31, 0x64,
	0x31, 0x64, 0x31, 0x65, 0x39, 0x85, 0x39, 0xa6, 0x41, 0xa5, 0x49, 0xe6, 0x52, 0x89, 0x49, 0xe7,
	0x4a, 0x28, 0x4a, 0x28, 0x31, 0x44, 0x20, 0xc2, 0x21, 0x24, 0x29, 0x23, 0x21, 0x03, 0x08, 0xa2,
	0x08, 0x61, 0x10, 0x61, 0x29, 0x03, 0x19, 0x65, 0x10, 0xe3, 0x08, 0x82, 0x00, 0x61, 0x08, 0x61,
	0x18, 0x81, 0x29, 0x44, 0x29, 0x44, 0x20, 0xe2, 0x10, 0xa2, 0x08, 0x81, 0x08, 0x61, 0x08, 0xa2,
	0x5a, 0x68, 0x52, 0x48, 0x41, 0xc6, 0x52, 0x68, 0x62, 0xa9, 0x52, 0x68, 0x52, 0x48, 0x6b, 0x0a,
	0x62, 0xc9, 0x73, 0x2b, 0x73, 0x2b, 0x6b, 0x2b, 0x73, 0x6c, 0x73, 0x4c, 0x62, 0xc9, 0x6b, 0x0a,
	0x6b, 0x0b, 0x62, 0xa9, 0x62, 0xc9, 0x73, 0x0b, 0x6b, 0x0a, 0x62, 0xc9, 0x62, 0xea, 0x5a, 0x89,
	0x62, 0xa9, 0x49, 0xe7, 0x39, 0x85, 0x62, 0x88, 0x52, 0x06, 0x52, 0x07, 0x5a, 0x68, 0x5a, 0xa9,
	0x52, 0x47, 0x5a, 0x88, 0x49, 0xe6, 0x51, 0xe6, 0x49, 0xe6, 0x5a, 0x68, 0x62, 0xc9, 0x52, 0x27,
	0x49, 0xe6, 0x49, 0xc5, 0x62, 0xa8, 0x52, 0x27, 0x49, 0xe7, 0x41, 0x85, 0x41, 0xc6, 0x4a, 0x07,
	0x6a, 0xe9, 0x52, 0x47, 0x52, 0x27, 0x49, 0xe6, 0x52, 0x06, 0x5a, 0x68, 0x5a, 0x68, 0x52, 0x48,
	0x52, 0x68, 0x52, 0x48, 0x62, 0x88, 0x52, 0x48, 0x5a, 0x68, 0x4a, 0x06, 0x52, 0x48, 0x52, 0x48,
	0x52, 0x69, 0x4a, 0x07, 0x5a, 0x88, 0x62, 0xca, 0x41, 0xe6, 0x4a, 0x07, 0x5a, 0x89, 0x52, 0x68,
	0x4a, 0x27, 0x52, 0x68, 0x5a, 0x89, 0x49, 0xe6, 0x52, 0x48, 0x52, 0x48, 0x62, 0xa9, 0x5a, 0x89,
	0x52, 0x69, 0x62, 0xa9, 0x5a, 0x89, 0x41, 0xc6, 0x4a, 0x27, 0x4a, 0x08, 0x20, 0xc2, 0x31, 0x64,
	0x31, 0x65, 0x29, 0x03, 0x62, 0xca, 0x7b, 0xae, 0x63, 0x0c, 0x4a, 0x28, 0x31, 0x65, 0x39, 0xa6,
	0x42, 0x07, 0x31, 0x44, 0x31, 0x65, 0x52, 0x48, 0x4a, 0x48, 0x4a, 0x28, 0x52, 0x28, 0x39, 0x85,
	0x39, 0x64, 0x49, 0xe6, 0x49, 0xe6, 0x31, 0x64, 0x41, 0xe6, 0x52, 0x48, 0x10, 0xa2, 0x18, 0xa2,
	0x20, 0xe3, 0x08, 0x81, 0x18, 0xe2, 0x19, 0x65, 0x08, 0xe3, 0x08, 0xa2, 0x10, 0x81, 0x08, 0x61,
	0x18, 0xc2, 0x29, 0x65, 0x29, 0x43, 0x20, 0xc1, 0x10, 0xc2, 0x10, 0xc2, 0x08, 0x81, 0x08, 0xc2,
	0x73, 0x0a, 0x62, 0xa9, 0x49, 0xe6, 0x5a, 0x89, 0x73, 0x0a, 0x62, 0xca, 0x6a, 0xea, 0x6b, 0x0a,
	0x6a, 0xa9, 0x62, 0xa9, 0x6a, 0xea, 0x83, 0x8d, 0x73, 0x2b, 0x6a, 0xea, 0x6b, 0x0a, 0x6b, 0x0b,
	0x6b, 0x0a, 0x5a, 0x89, 0x5a, 0x89, 0x6a, 0xea, 0x73, 0x2b, 0x62, 0xca, 0x62, 0xeb, 0x4a, 0x07,
	0x49, 0xe6, 0x52, 0x27, 0x52, 0x48, 0x49, 0xe6, 0x5a, 0x88, 0x5a, 0x88, 0x62, 0xa9, 0x62, 0xc9,
	0x52, 0x68, 0x5a, 0x89, 0x5a, 0x68, 0x52, 0x27, 0x31, 0x85, 0x41, 0xc6, 0x41, 0xc6, 0x31, 0x44,
	0x49, 0xe6, 0x5a, 0xa9, 0x62, 0xa9, 0x5a, 0x68, 0x5a, 0x89, 0x41, 0xc6, 0x39, 0x85, 0x39, 0x65,
	0x5a, 0x68, 0x62, 0xa9, 0x52, 0x47, 0x49, 0xc6, 0x4a, 0x07, 0x5a, 0x68, 0x5a, 0x48, 0x5a, 0x68,
	0x52, 0x68, 0x49, 0xe6, 0x5a, 0x68, 0x52, 0x27, 0x49, 0xe6, 0x52, 0x48, 0x4a, 0x07, 0x39, 0x64,
	0x29, 0x23, 0x4a, 0x27, 0x62, 0xa9, 0x52, 0x48, 0x41, 0xa5, 0x5a, 0x68, 0x6a, 0xca, 0x62, 0xa9,
	0x5a, 0xa9, 0x41, 0xc6, 0x41, 0xc6, 0x4a, 0x07, 0x5a, 0x89, 0x62, 0xaa, 0x52, 0x28, 0x52, 0x48,
	0x52, 0x27, 0x4a, 0x07, 0x52, 0x07, 0x41, 0xc6, 0x31, 0x85, 0x31, 0x65, 0x41, 0xe7, 0x20, 0xe2,
	0x10, 0x81, 0x42, 0x07, 0x7b, 0x6d, 0x73, 0x8d, 0x8c, 0x30, 0x42, 0x28, 0x4a, 0x47, 0x4a, 0x48,
	0x41, 0xe7, 0x31, 0x85, 0x4a, 0x28, 0x52, 0x69, 0x4a, 0x27, 0x41, 0xe7, 0x31, 0x64, 0x29, 0x43,
	0x41, 0xe6, 0x41, 0xc6, 0x49, 0xc5, 0x4a, 0x07, 0x41, 0xc6, 0x29, 0x24, 0x10, 0x81, 0x31, 0x85,
	0x18, 0xe3, 0x10, 0xe3, 0x29, 0x65, 0x11, 0x24, 0x21, 0x24, 0x19, 0x65, 0x10, 0x81, 0x08, 0x61,
	0x18, 0xe3, 0x29, 0x64, 0x20, 0xe2, 0x20, 0xc2, 0x21, 0x24, 0x19, 0x03, 0x08, 0x61, 0x08, 0x82,
	0x6b, 0x0a, 0x73, 0x4c, 0x6b, 0x0b, 0x6a, 0xea, 0x73, 0x2b, 0x73, 0x0b, 0x6a, 0xca, 0x62, 0xa9,
	0x6a, 0xc9, 0x6a, 0xea, 0x73, 0x2b, 0x7b, 0x4b, 0x73, 0x4c, 0x6a, 0xea, 0x73, 0x2b, 0x73, 0x4c,
	0x6a, 0xea, 0x6a, 0xea, 0x6a, 0xea, 0x6a, 0xea, 0x62, 0xca, 0x62, 0xca, 0x62, 0xa9, 0x52, 0x48,
	0x4a, 0x07, 0x5a, 0x68, 0x5a, 0x68, 0x62, 0xa9, 0x62, 0x89, 0x62, 0xa9, 0x62, 0xa9, 0x62, 0xca,
	0x5a, 0x89, 0x52, 0x47, 0x5a, 0x68, 0x5a, 0x89, 0x5a, 0x89, 0x41, 0xc5, 0x49, 0xc5, 0x52, 0x27,
	0x4a, 0x07, 0x49, 0xe6, 0x41, 0xc6, 0x5a, 0x88, 0x6a, 0xea, 0x52, 0x27, 0x49, 0xe7, 0x41, 0xa5,
	0x5a, 0x68, 0x5a, 0xa9, 0x62, 0xa9, 0x62, 0xa9, 0x62, 0xc9, 0x62, 0x89, 0x5a, 0x69, 0x5a, 0x89,
	0x4a, 0x07, 0x49, 0xe6, 0x52, 0x69, 0x52, 0x27, 0x49, 0xe6, 0x52, 0x27, 0x4a, 0x07, 0x5a, 0x68,
	0x52, 0x28, 0x6a, 0xca, 0x5a, 0xaa, 0x5a, 0x89, 0x5a, 0x68, 0x62, 0xea, 0x62, 0xa9, 0x62, 0xa9,
	0x62, 0xaa, 0x62, 0xca, 0x63, 0x0a, 0x7b, 0xed, 0x84, 0x4e, 0x94, 0xf0, 0x8c, 0x6f, 0x6b, 0x6b,
	0x52, 0x46, 0x39, 0xa5, 0x31, 0x44, 0x39, 0x64, 0x41, 0x85, 0x39, 0x64, 0x4a, 0x48, 0x63, 0x0b,
	0x83, 0xef, 0xa5, 0x13, 0xb5, 0x75, 0xad, 0x54, 0x63, 0x0c, 0x20, 0xe2, 0x4a, 0x06, 0x4a, 0x06,
	0x31, 0x64, 0x41, 0xc6, 0x4a, 0x06, 0x4a, 0x07, 0x73, 0x4b, 0x6b, 0x6b, 0x5a, 0xc9, 0x6b, 0xcd,
	0x73, 0xef, 0x52, 0xa9, 0x52, 0x47, 0x4a, 0x48, 0x39, 0xa6, 0x08, 0x61, 0x20, 0xc2, 0x31, 0x65,
	0x21, 0x24, 0x10, 0x82, 0x21, 0xa6, 0x10, 0xc3, 0x39, 0x85, 0x19, 0x66, 0x18, 0xa2, 0x10, 0xc2,
	0x10, 0xc3, 0x20, 0xe2, 0x20, 0xa1, 0x29, 0x23, 0x21, 0x45, 0x10, 0xe3, 0x10, 0x81, 0x08, 0x61,
	0x52, 0x47, 0x5a, 0x68, 0x6a, 0xea, 0x5a, 0x68, 0x6a, 0xea, 0x73, 0x4b, 0x73, 0x4b, 0x6a, 0xea,
	0x62, 0x89, 0x5a, 0x48, 0x73, 0x4b, 0x7b, 0x6c, 0x7b, 0x6c, 0x7b, 0x6c, 0x73, 0x0b, 0x62, 0xca,
	0x6a, 0xea, 0x6b, 0x0a, 0x6a, 0xea, 0x5a, 0x88, 0x5a, 0x89, 0x52, 0x48, 0x49, 0xe6, 0x5a, 0x89,
	0x62, 0xca, 0x49, 0xe6, 0x52, 0x48, 0x4a, 0x27, 0x4a, 0x06, 0x62, 0xa9, 0x62, 0xa9, 0x52, 0x27,
	0x62, 0xa9, 0x5a, 0x68, 0x62, 0x89, 0x62, 0xa9, 0x49, 0xe7, 0x41, 0xc6, 0x49, 0xe6, 0x5a, 0x89,
	0x41, 0xc6, 0x20, 0xc2, 0x39, 0x64, 0x52, 0x27, 0x49, 0xe6, 0x52, 0x27, 0x5a, 0xa9, 0x5a, 0x68,
	0x62, 0xa9, 0x62, 0xa9, 0x5a, 0x68, 0x5a, 0x48, 0x52, 0x47, 0x5a, 0xa9, 0x5a, 0x8a, 0x52, 0x47,
	0x5a, 0x88, 0x4a, 0x27, 0x4a, 0x07, 0x39, 0x85, 0x49, 0xe6, 0x5a, 0x68, 0x52, 0x48, 0x5a, 0x68,
	0x4a, 0x07, 0x41, 0xa6, 0x5a, 0xa9, 0x52, 0x48, 0x52, 0x27, 0x5a, 0x88, 0x62, 0xea, 0x4a, 0x48,
	0x41, 0xe6, 0x4a, 0x27, 0x62, 0xea, 0x5a, 0x87, 0x4a, 0x27, 0x5a, 0x88, 0x62, 0xea, 0x39, 0x84,
	0x31, 0x43, 0x41, 0xc6, 0x39, 0x64, 0x41, 0xa5, 0x41, 0xc5, 0x73, 0x2b, 0x8c, 0x30, 0x8c, 0x10,
	0x62, 0xca, 0x41, 0xa5, 0x41, 0xc6, 0x39, 0x65, 0x31, 0x23, 0x7b, 0xec, 0x8c, 0x8f, 0x73, 0x8c,
	0x39, 0x64, 0x31, 0x23, 0x4a, 0x27, 0x73, 0xae, 0x5b, 0x0a, 0x4a, 0x47, 0x42, 0x06, 0x52, 0x68,
	0x5a, 0x89, 0x5a, 0xca, 0x6b, 0x4c, 0x41, 0xe6, 0x39, 0x84, 0x18, 0xc2, 0x10, 0x61, 0x18, 0xa2,
	0x18, 0x82, 0x10, 0x82, 0x00, 0x61, 0x18, 0xc2, 0x41, 0xc5, 0x19, 0x65, 0x18, 0xe3, 0x10, 0xc2,
	0x10, 0x81, 0x18, 0xa1, 0x20, 0xe2, 0x31, 0x23, 0x21, 0x24, 0x08, 0xa2, 0x10, 0x61, 0x10, 0x81,
	0x5a, 0x89, 0x5a, 0x89, 0x73, 0x2b, 0x73, 0x2b, 0x62, 0xca, 0x62, 0xc9, 0x6a, 0xea, 0x7b, 0x6c,
	0x73, 0x4b, 0x73, 0x0b, 0x62, 0xa9, 0x62, 0xc9, 0x6a, 0xea, 0x6a, 0xea, 0x6a, 0xea, 0x6a, 0xea,
	0x62, 0xca, 0x5a, 0x68, 0x49, 0xc6, 0x49, 0xe6, 0x5a, 0x68, 0x62, 0xa9, 0x52, 0x27, 0x62, 0xa9,
	0x52, 0x28, 0x41, 0xc6, 0x52, 0x27, 0x49, 0xe7, 0x41, 0xc6, 0x52, 0x48, 0x52, 0x28, 0x62, 0xa9,
	0x6a, 0xc9, 0x5a, 0x68, 0x52, 0x27, 0x5a, 0x89, 0x4a, 0x07, 0x5a, 0x68, 0x52, 0x47, 0x52, 0x48,
	0x4a, 0x07, 0x4a, 0x07, 0x4a, 0x07, 0x41, 0xa5, 0x41, 0xa5, 0x5a, 0x89, 0x62, 0xa9, 0x62, 0xa9,
	0x5a, 0x69, 0x5a, 0x68, 0x41, 0xc6, 0x49, 0xe6, 0x62, 0xa9, 0x52, 0x27, 0x52, 0x27, 0x52, 0x07,
	0x4a, 0x06, 0x41, 0xa5, 0x5a, 0x68, 0x49, 0xe7, 0x49, 0xe6, 0x5a, 0x68, 0x5a, 0x88, 0x52, 0x68,
	0x41, 0xc6, 0x4a, 0x27, 0x52, 0x48, 0x5a, 0x68, 0x52, 0x27, 0x49, 0xe6, 0x5a, 0x88, 0x5a, 0xa9,
	0x52, 0x48, 0x31, 0x44, 0x31, 0x64, 0x5a, 0x68, 0x4a, 0x07, 0x39, 0x65, 0x31, 0x24, 0x39, 0xa6,
	0x52, 0x69, 0x52, 0x27, 0x39, 0xa5, 0x42, 0x07, 0x52, 0x68, 0x6b, 0x0b, 0x52, 0x48, 0x41, 0xc6,
	0x52, 0x48, 0x5a, 0xaa, 0x6b, 0x2c, 0x52, 0x07, 0x39, 0x64, 0x5a, 0x68, 0x73, 0x2b, 0x62, 0xa9,
	0x41, 0xe6, 0x29, 0x03, 0x5a, 0xc9, 0x8c, 0x2f, 0x63, 0x0a, 0x4a, 0x07, 0x39, 0x23, 0x38, 0xe0,
	0x41, 0x21, 0x5a, 0x26, 0x73, 0x2a, 0x62, 0xc9, 0x5a, 0x47, 0x39, 0x84, 0x18, 0xa2, 0x29, 0x03,
	0x29, 0x45, 0x10, 0xa2, 0x08, 0x61, 0x29, 0x03, 0x52, 0x27, 0x21, 0x86, 0x08, 0x82, 0x10, 0xa2,
	0x18, 0xc2, 0x20, 0xc2, 0x20, 0xe2, 0x39, 0xa5, 0x21, 0x45, 0x00, 0x81, 0x08, 0x41, 0x18, 0xc2,
};

const struct offline_image offline_images[] = {
	{ .name = "person_cc0", .expected = "person", .rgb565_be = person_cc0_rgb565_be },
	{ .name = "penguin_cc0", .expected = "no person", .rgb565_be = penguin_cc0_rgb565_be },
};

const size_t offline_images_count = sizeof(offline_images) / sizeof(offline_images[0]);
